path	line	kind	symbol
run_brain.py	27	def	main
run_brain.py	73	def	_run_loop
run_brain.py	98	def	_run_mode
run_brain.py	109	def	_check_modules
run_brain.py	125	def	_run_penta
run_brain.py	137	def	_run_orchestrator
run_brain.py	155	def	_run_gui
tests/test_intent_processor.py	9	def	test_process_intent_default_key_mode
tests/test_intent_processor.py	23	def	test_process_intent_harmony_modal_interchange
tests/test_intent_processor.py	40	def	test_process_intent_returns_groove_arrangement_production
tests/test_intent_to_midi_integration.py	12	def	test_intent_from_flat_to_midi_completed
tests/test_intent_to_midi_integration.py	33	def	test_intent_to_midi_returns_expected_keys
src/kelly/integrations/magenta_integration.py	45	class	VADState
src/kelly/integrations/magenta_integration.py	52	def	clamp
src/kelly/integrations/magenta_integration.py	58	def	to_array
src/kelly/integrations/magenta_integration.py	66	class	NoteSequenceConverter
src/kelly/integrations/magenta_integration.py	74	def	__init__
src/kelly/integrations/magenta_integration.py	78	def	midi_file_to_notesequence
src/kelly/integrations/magenta_integration.py	84	def	notesequence_to_midi_file
src/kelly/integrations/magenta_integration.py	91	def	mido_messages_to_notesequence
src/kelly/integrations/magenta_integration.py	154	def	notesequence_to_mido_messages
src/kelly/integrations/magenta_integration.py	204	class	EmotionAttributeVectors
src/kelly/integrations/magenta_integration.py	228	def	valence_direction
src/kelly/integrations/magenta_integration.py	232	def	arousal_direction
src/kelly/integrations/magenta_integration.py	236	def	dominance_direction
src/kelly/integrations/magenta_integration.py	240	class	VADLatentMapper
src/kelly/integrations/magenta_integration.py	248	def	__init__
src/kelly/integrations/magenta_integration.py	261	def	_init_default_vectors
src/kelly/integrations/magenta_integration.py	296	def	vad_to_latent_offset
src/kelly/integrations/magenta_integration.py	319	def	modulate_latent
src/kelly/integrations/magenta_integration.py	339	def	interpolate_emotion
src/kelly/integrations/magenta_integration.py	372	class	HumanizationParams
src/kelly/integrations/magenta_integration.py	380	class	EmotionHumanizer
src/kelly/integrations/magenta_integration.py	391	def	__init__
src/kelly/integrations/magenta_integration.py	395	def	vad_to_humanization_params
src/kelly/integrations/magenta_integration.py	411	def	humanize_notesequence
src/kelly/integrations/magenta_integration.py	473	def	humanize_mido_messages
src/kelly/integrations/magenta_integration.py	513	class	RealtimeMIDIProcessor
src/kelly/integrations/magenta_integration.py	520	def	__init__
src/kelly/integrations/magenta_integration.py	536	def	process_message
src/kelly/integrations/magenta_integration.py	574	def	_flush_window
src/kelly/integrations/magenta_integration.py	605	def	reset
src/kelly/integrations/magenta_integration.py	617	def	extract_chords_from_notesequence
src/kelly/integrations/magenta_integration.py	649	def	create_kelly_magenta_pipeline
src/kelly/integrations/stem_jepa_integration.py	25	class	VADState
src/kelly/integrations/stem_jepa_integration.py	31	def	to_array
src/kelly/integrations/stem_jepa_integration.py	39	class	StemCategory
src/kelly/integrations/stem_jepa_integration.py	84	class	EmotionStemAffinity
src/kelly/integrations/stem_jepa_integration.py	117	def	vad_to_emotion_weights
src/kelly/integrations/stem_jepa_integration.py	148	def	get_stem_affinities
src/kelly/integrations/stem_jepa_integration.py	175	class	FiLMConditioningVector
src/kelly/integrations/stem_jepa_integration.py	188	def	combined
src/kelly/integrations/stem_jepa_integration.py	193	class	FiLMConditioningGenerator
src/kelly/integrations/stem_jepa_integration.py	200	def	__init__
src/kelly/integrations/stem_jepa_integration.py	216	def	_init_stem_embeddings
src/kelly/integrations/stem_jepa_integration.py	227	def	_init_emotion_projector
src/kelly/integrations/stem_jepa_integration.py	233	def	generate_conditioning
src/kelly/integrations/stem_jepa_integration.py	264	def	generate_multi_stem_conditioning
src/kelly/integrations/stem_jepa_integration.py	277	class	StemCompatibilityScorer
src/kelly/integrations/stem_jepa_integration.py	285	def	__init__
src/kelly/integrations/stem_jepa_integration.py	299	def	encode_context
src/kelly/integrations/stem_jepa_integration.py	311	def	predict_target_embedding
src/kelly/integrations/stem_jepa_integration.py	330	def	score_compatibility
src/kelly/integrations/stem_jepa_integration.py	360	def	rank_candidates
src/kelly/integrations/stem_jepa_integration.py	389	class	StemRecommendation
src/kelly/integrations/stem_jepa_integration.py	398	class	EmotionStemPipeline
src/kelly/integrations/stem_jepa_integration.py	409	def	__init__
src/kelly/integrations/stem_jepa_integration.py	423	def	recommend_stems
src/kelly/integrations/stem_jepa_integration.py	472	def	_generate_reasoning
src/kelly/integrations/stem_jepa_integration.py	509	def	get_musicvae_latent_target
KmiDi_CANON/ui/events.rs	16	enum	KellyEvent
KmiDi_CANON/ui/events.rs	42	struct	EventManager
KmiDi_CANON/ui/events.rs	49	impl	EventManager
KmiDi_CANON/ui/events.rs	50	fn	new
KmiDi_CANON/ui/events.rs	62	fn	initialize
KmiDi_CANON/ui/events.rs	76	fn	emit
KmiDi_CANON/ui/events.rs	102	fn	subscribe
KmiDi_CANON/ui/events.rs	107	fn	add_listener
KmiDi_CANON/ui/events.rs	113	fn	remove_listener
KmiDi_CANON/ui/events.rs	119	fn	get_listener_count
KmiDi_CANON/ui/events.rs	125	fn	cleanup_listeners
KmiDi_CANON/ui/events.rs	134	fn	start_event_forwarding
KmiDi_CANON/ui/events.rs	229	fn	get_event_manager
KmiDi_CANON/ui/events.rs	234	fn	initialize_event_manager
KmiDi_CANON/ui/events.rs	241	fn	start_event_tasks
KmiDi_CANON/ui/events.rs	289	async_fn	add_event_listener
KmiDi_CANON/ui/events.rs	297	async_fn	remove_event_listener
KmiDi_CANON/ui/events.rs	305	async_fn	get_event_listener_count
KmiDi_CANON/ui/events.rs	312	async_fn	emit_test_event
KmiDi_CANON/ui/events.rs	329	fn	emit_emotion_update
KmiDi_CANON/ui/events.rs	341	fn	emit_processing_progress
KmiDi_CANON/ui/events.rs	351	fn	emit_parameter_changed
KmiDi_CANON/ui/events.rs	361	fn	emit_error
KmiDi_CANON/ui/events.rs	371	fn	emit_audio_analysis_update
KmiDi_CANON/ui/lib.rs	4	fn	run
KmiDi_CANON/ui/commands.rs	6	struct	EmotionalIntent
KmiDi_CANON/ui/commands.rs	14	struct	GenerateRequest
KmiDi_CANON/ui/commands.rs	20	struct	InterrogateRequest
KmiDi_CANON/ui/commands.rs	30	impl	From
KmiDi_CANON/ui/commands.rs	31	fn	from
KmiDi_CANON/ui/commands.rs	41	async_fn	kelly_brain_initialize
KmiDi_CANON/ui/commands.rs	50	async_fn	kelly_brain_is_initialized
KmiDi_CANON/ui/commands.rs	56	async_fn	kelly_brain_from_text
KmiDi_CANON/ui/commands.rs	63	async_fn	kelly_brain_from_emotion
KmiDi_CANON/ui/commands.rs	70	async_fn	kelly_brain_generate_midi
KmiDi_CANON/ui/commands.rs	77	async_fn	kelly_brain_generate_midi_with_params
KmiDi_CANON/ui/commands.rs	89	async_fn	kelly_brain_get_emotion_state
KmiDi_CANON/ui/commands.rs	96	async_fn	kelly_brain_set_emotion_parameters
KmiDi_CANON/ui/commands.rs	105	async_fn	kelly_brain_get_available_emotions
KmiDi_CANON/ui/commands.rs	112	async_fn	kelly_brain_get_version
KmiDi_CANON/ui/commands.rs	121	async_fn	generate_music
KmiDi_CANON/ui/commands.rs	137	async_fn	interrogate
KmiDi_CANON/ui/commands.rs	151	async_fn	get_emotions
KmiDi_CANON/ui/commands.rs	164	async_fn	get_humanizer_config
KmiDi_CANON/ui/commands.rs	172	async_fn	set_user_lyrics
KmiDi_CANON/ui/commands.rs	180	async_fn	get_user_lyrics
KmiDi_CANON/ui/state.rs	14	struct	KellyBrainState
KmiDi_CANON/ui/state.rs	23	impl	Default
KmiDi_CANON/ui/state.rs	24	fn	default
KmiDi_CANON/ui/state.rs	38	enum	StateEvent
KmiDi_CANON/ui/state.rs	52	struct	StateManager
KmiDi_CANON/ui/state.rs	59	impl	StateManager
KmiDi_CANON/ui/state.rs	60	fn	new
KmiDi_CANON/ui/state.rs	72	fn	set_app_handle
KmiDi_CANON/ui/state.rs	77	fn	get_state
KmiDi_CANON/ui/state.rs	83	fn	set_initialized
KmiDi_CANON/ui/state.rs	95	fn	set_emotion_state
KmiDi_CANON/ui/state.rs	107	fn	set_current_intent
KmiDi_CANON/ui/state.rs	119	fn	set_current_midi
KmiDi_CANON/ui/state.rs	131	fn	set_processing
KmiDi_CANON/ui/state.rs	149	fn	emit_error
KmiDi_CANON/ui/state.rs	155	fn	subscribe
KmiDi_CANON/ui/state.rs	160	fn	add_subscriber
KmiDi_CANON/ui/state.rs	166	fn	remove_subscriber
KmiDi_CANON/ui/state.rs	172	fn	get_subscriber_count
KmiDi_CANON/ui/state.rs	178	fn	cleanup_subscribers
KmiDi_CANON/ui/state.rs	187	fn	emit_event
KmiDi_CANON/ui/state.rs	207	fn	get_state_manager
KmiDi_CANON/ui/state.rs	212	fn	initialize_state_manager
KmiDi_CANON/ui/state.rs	223	async_fn	get_kelly_brain_state
KmiDi_CANON/ui/state.rs	230	async_fn	subscribe_to_state_events
KmiDi_CANON/ui/state.rs	238	async_fn	unsubscribe_from_state_events
KmiDi_CANON/ui/state.rs	246	async_fn	get_subscriber_count
KmiDi_CANON/ui/state.rs	257	fn	start_background_tasks
KmiDi_CANON/ui/state.rs	302	fn	update_state_after_operation
KmiDi_CANON/ui/state.rs	319	fn	set_processing_state
KmiDi_CANON/ui/state.rs	326	fn	update_state_with_intent
KmiDi_CANON/ui/state.rs	333	fn	update_state_with_midi
KmiDi_CANON/ui/state.rs	340	fn	update_initialization_state
KmiDi_CANON/ui/main.rs	45	fn	main
KmiDi_CANON/body/BridgeClient.cpp	191	function	if
KmiDi_CANON/body/BridgeClient.cpp	195	function	if
KmiDi_CANON/body/BridgeClient.cpp	199	function	if
KmiDi_CANON/body/BridgeClient.cpp	203	function	if
KmiDi_CANON/body/BridgeClient.cpp	207	function	if
KmiDi_CANON/body/BridgeClient.cpp	211	function	if
KmiDi_CANON/body/BridgeClient.cpp	215	function	if
KmiDi_CANON/body/BridgeClient.cpp	219	function	if
KmiDi_CANON/body/BridgeClient.cpp	223	function	if
KmiDi_CANON/body/VoiceProcessor.cpp	80	function	if
KmiDi_CANON/body/VoiceProcessor.cpp	191	function	if
KmiDi_CANON/body/VoiceProcessor.cpp	336	function	if
KmiDi_CANON/body/VoiceProcessor.cpp	408	function	parseVoiceModelJson
KmiDi_CANON/body/VoiceProcessor.cpp	537	function	if
KmiDi_CANON/body/VoiceProcessor.cpp	548	function	if
KmiDi_CANON/body/WavetableSynth.cpp	210	function	interpolateFrame
KmiDi_CANON/body/WavetableSynth.cpp	426	function	if
KmiDi_CANON/body/WavetableSynth.cpp	510	function	if
KmiDi_CANON/body/WavetableSynth.cpp	694	function	if
KmiDi_CANON/body/WavetableSynth.cpp	696	function	if
KmiDi_CANON/body/WavetableSynth.cpp	698	function	if
KmiDi_CANON/body/WavetableSynth.cpp	700	function	if
KmiDi_CANON/body/WavetableSynth.cpp	702	function	if
KmiDi_CANON/body/WavetableSynth.cpp	704	function	if
KmiDi_CANON/body/WavetableSynth.cpp	706	function	if
KmiDi_CANON/brain/mcp_workstation/models.py	7	class	AIAgent
KmiDi_CANON/brain/mcp_workstation/models.py	15	class	PhaseStatus
KmiDi_CANON/brain/mcp_workstation/llm_reasoning_engine.py	63	def	_rule_based_parse
KmiDi_CANON/brain/mcp_workstation/llm_reasoning_engine.py	145	def	_llm_parse_if_available
KmiDi_CANON/brain/mcp_workstation/llm_reasoning_engine.py	188	class	LLMReasoningEngine
KmiDi_CANON/brain/mcp_workstation/llm_reasoning_engine.py	194	def	__init__
KmiDi_CANON/brain/mcp_workstation/llm_reasoning_engine.py	205	def	parse_user_intent
KmiDi_CANON/brain/mcp_workstation/llm_reasoning_engine.py	213	def	generate_image_prompts
KmiDi_CANON/brain/mcp_workstation/llm_reasoning_engine.py	224	def	generate_audio_texture_prompt
KmiDi_CANON/brain/mcp_workstation/llm_reasoning_engine.py	233	def	generate_image_from_intent
KmiDi_CANON/brain/mcp_workstation/llm_reasoning_engine.py	258	def	generate_audio_from_intent
KmiDi_CANON/brain/mcp_workstation/image_generation_engine.py	34	class	ImageGenerationEngine
KmiDi_CANON/brain/mcp_workstation/image_generation_engine.py	37	def	__init__
KmiDi_CANON/brain/mcp_workstation/image_generation_engine.py	48	def	_load_pipeline
KmiDi_CANON/brain/mcp_workstation/image_generation_engine.py	75	def	generate
KmiDi_CANON/brain/mcp_workstation/ai_specializations.py	10	class	TaskType
KmiDi_CANON/brain/mcp_workstation/ai_specializations.py	18	class	AgentCapabilities
KmiDi_CANON/brain/mcp_workstation/ai_specializations.py	28	def	__post_init__
KmiDi_CANON/brain/mcp_workstation/ai_specializations.py	43	def	get_capabilities
KmiDi_CANON/brain/mcp_workstation/ai_specializations.py	47	def	suggest_task_assignment
KmiDi_CANON/brain/mcp_workstation/cognitive_router.py	14	class	CognitiveMode
KmiDi_CANON/brain/mcp_workstation/cognitive_router.py	21	class	CognitiveRouter
KmiDi_CANON/brain/mcp_workstation/cognitive_router.py	27	def	__init__
KmiDi_CANON/brain/mcp_workstation/cognitive_router.py	37	def	route
KmiDi_CANON/brain/mcp_workstation/cognitive_router.py	45	def	_is_reflex
KmiDi_CANON/brain/mcp_workstation/cognitive_router.py	53	def	_is_skill
KmiDi_CANON/brain/mcp_workstation/cognitive_router.py	60	def	complexity_score
KmiDi_CANON/brain/mcp_workstation/phases.py	10	class	_Task
KmiDi_CANON/brain/mcp_workstation/phases.py	15	class	_Phase
KmiDi_CANON/brain/mcp_workstation/phases.py	18	def	to_dict
KmiDi_CANON/brain/mcp_workstation/phases.py	22	class	PhaseManager
KmiDi_CANON/brain/mcp_workstation/phases.py	23	def	__init__
KmiDi_CANON/brain/mcp_workstation/phases.py	26	def	get_phase_summary
KmiDi_CANON/brain/mcp_workstation/phases.py	29	def	get_current_phase
KmiDi_CANON/brain/mcp_workstation/phases.py	32	def	update_task_status
KmiDi_CANON/brain/mcp_workstation/phases.py	42	def	assign_task
KmiDi_CANON/brain/mcp_workstation/phases.py	51	def	format_phase_progress
KmiDi_CANON/brain/mcp_workstation/phases.py	55	def	get_next_actions
KmiDi_CANON/brain/mcp_workstation/cpp_planner.py	10	class	_CppTask
KmiDi_CANON/brain/mcp_workstation/cpp_planner.py	14	class	CppTransitionPlanner
KmiDi_CANON/brain/mcp_workstation/cpp_planner.py	15	def	__init__
KmiDi_CANON/brain/mcp_workstation/cpp_planner.py	18	def	get_progress_summary
KmiDi_CANON/brain/mcp_workstation/cpp_planner.py	21	def	to_dict
KmiDi_CANON/brain/mcp_workstation/cpp_planner.py	24	def	start_module
KmiDi_CANON/brain/mcp_workstation/cpp_planner.py	27	def	update_module_progress
KmiDi_CANON/brain/mcp_workstation/cpp_planner.py	35	def	get_build_plan
KmiDi_CANON/brain/mcp_workstation/cpp_planner.py	39	def	format_cpp_plan
KmiDi_CANON/brain/mcp_workstation/audio_generation_engine.py	35	def	_log
KmiDi_CANON/brain/mcp_workstation/audio_generation_engine.py	39	class	AudioGenerationEngine
KmiDi_CANON/brain/mcp_workstation/audio_generation_engine.py	40	def	__init__
KmiDi_CANON/brain/mcp_workstation/audio_generation_engine.py	55	def	_load_model
KmiDi_CANON/brain/mcp_workstation/audio_generation_engine.py	71	def	generate_audio_texture
KmiDi_CANON/brain/mcp_workstation/audio_generation_engine.py	110	def	_generate
KmiDi_CANON/brain/mcp_workstation/audio_generation_engine.py	188	def	acquire_lock
KmiDi_CANON/brain/mcp_workstation/audio_generation_engine.py	197	def	release_lock
KmiDi_CANON/brain/mcp_workstation/debug.py	8	class	DebugCategory
KmiDi_CANON/brain/mcp_workstation/debug.py	15	class	DebugEvent
KmiDi_CANON/brain/mcp_workstation/debug.py	21	class	_Debug
KmiDi_CANON/brain/mcp_workstation/debug.py	22	def	__init__
KmiDi_CANON/brain/mcp_workstation/debug.py	25	def	info
KmiDi_CANON/brain/mcp_workstation/debug.py	28	def	get_errors
KmiDi_CANON/brain/mcp_workstation/debug.py	31	def	get_performance_report
KmiDi_CANON/brain/mcp_workstation/debug.py	38	def	get_debug
KmiDi_CANON/brain/mcp_workstation/orchestrator.py	58	class	Orchestrator
KmiDi_CANON/brain/mcp_workstation/orchestrator.py	59	def	__init__
KmiDi_CANON/brain/mcp_workstation/orchestrator.py	110	def	_ensure_llm_engine
KmiDi_CANON/brain/mcp_workstation/orchestrator.py	128	def	_acquire_resource
KmiDi_CANON/brain/mcp_workstation/orchestrator.py	144	def	_release_resource
KmiDi_CANON/brain/mcp_workstation/orchestrator.py	154	def	execute_workflow
KmiDi_CANON/brain/mcp_workstation/orchestrator.py	348	class	Workstation
KmiDi_CANON/brain/mcp_workstation/orchestrator.py	351	def	__init__
KmiDi_CANON/brain/mcp_workstation/orchestrator.py	375	def	register_agent
KmiDi_CANON/brain/mcp_workstation/orchestrator.py	383	def	get_agent_capabilities
KmiDi_CANON/brain/mcp_workstation/orchestrator.py	397	def	submit_proposal
KmiDi_CANON/brain/mcp_workstation/orchestrator.py	401	def	vote_on_proposal
KmiDi_CANON/brain/mcp_workstation/orchestrator.py	404	def	get_all_proposals
KmiDi_CANON/brain/mcp_workstation/orchestrator.py	410	def	get_proposals_for_agent
KmiDi_CANON/brain/mcp_workstation/orchestrator.py	418	def	get_status
KmiDi_CANON/brain/mcp_workstation/orchestrator.py	427	def	get_dashboard
KmiDi_CANON/brain/mcp_workstation/orchestrator.py	447	def	get_phase_progress
KmiDi_CANON/brain/mcp_workstation/orchestrator.py	450	def	get_current_phase
KmiDi_CANON/brain/mcp_workstation/orchestrator.py	454	def	update_task
KmiDi_CANON/brain/mcp_workstation/orchestrator.py	470	def	assign_task_to_agent
KmiDi_CANON/brain/mcp_workstation/orchestrator.py	482	def	get_cpp_plan
KmiDi_CANON/brain/mcp_workstation/orchestrator.py	485	def	get_cpp_progress
KmiDi_CANON/brain/mcp_workstation/orchestrator.py	488	def	start_cpp_module
KmiDi_CANON/brain/mcp_workstation/orchestrator.py	495	def	update_cpp_module
KmiDi_CANON/brain/mcp_workstation/orchestrator.py	508	def	get_cmake_plan
KmiDi_CANON/brain/mcp_workstation/orchestrator.py	511	def	suggest_assignments
KmiDi_CANON/brain/mcp_workstation/orchestrator.py	518	def	get_agent_workload
KmiDi_CANON/brain/mcp_workstation/orchestrator.py	529	def	get_debug_summary
KmiDi_CANON/brain/mcp_workstation/orchestrator.py	544	def	reset
KmiDi_CANON/brain/mcp_workstation/orchestrator.py	557	def	get_workstation
KmiDi_CANON/brain/mcp_workstation/orchestrator.py	577	def	shutdown_workstation
KmiDi_CANON/brain/mcp_workstation/orchestrator.py	587	def	main
KmiDi_CANON/brain/mcp_workstation/proposals.py	8	class	_Proposal
KmiDi_CANON/brain/mcp_workstation/proposals.py	9	def	to_dict
KmiDi_CANON/brain/mcp_workstation/proposals.py	13	class	ProposalManager
KmiDi_CANON/brain/mcp_workstation/proposals.py	14	def	submit_proposal
KmiDi_CANON/brain/mcp_workstation/proposals.py	17	def	vote_on_proposal
KmiDi_CANON/brain/mcp_workstation/proposals.py	20	def	get_all_proposals
KmiDi_CANON/brain/mcp_workstation/proposals.py	23	def	get_proposal_summary
KmiDi_CANON/brain/mcp_workstation/proposals.py	26	def	get_pending_votes
KmiDi_CANON/brain/mcp_workstation/proposals.py	29	def	get_agent_proposal_slots
KmiDi_CANON/brain/mcp_todo/storage.py	20	def	_lock_file
KmiDi_CANON/brain/mcp_todo/storage.py	22	def	_unlock_file
KmiDi_CANON/brain/mcp_todo/storage.py	26	def	_lock_file
KmiDi_CANON/brain/mcp_todo/storage.py	28	def	_unlock_file
KmiDi_CANON/brain/mcp_todo/storage.py	34	class	TodoStorage
KmiDi_CANON/brain/mcp_todo/storage.py	45	def	__init__
KmiDi_CANON/brain/mcp_todo/storage.py	64	def	_get_file_path
KmiDi_CANON/brain/mcp_todo/storage.py	70	def	_load_data
KmiDi_CANON/brain/mcp_todo/storage.py	86	def	_save_data
KmiDi_CANON/brain/mcp_todo/storage.py	107	def	add
KmiDi_CANON/brain/mcp_todo/storage.py	158	def	get
KmiDi_CANON/brain/mcp_todo/storage.py	166	def	update
KmiDi_CANON/brain/mcp_todo/storage.py	218	def	delete
KmiDi_CANON/brain/mcp_todo/storage.py	235	def	complete
KmiDi_CANON/brain/mcp_todo/storage.py	239	def	start
KmiDi_CANON/brain/mcp_todo/storage.py	245	def	list_all
KmiDi_CANON/brain/mcp_todo/storage.py	291	def	search
KmiDi_CANON/brain/mcp_todo/storage.py	300	def	get_by_tags
KmiDi_CANON/brain/mcp_todo/storage.py	304	def	get_pending
KmiDi_CANON/brain/mcp_todo/storage.py	308	def	get_in_progress
KmiDi_CANON/brain/mcp_todo/storage.py	312	def	get_summary
KmiDi_CANON/brain/mcp_todo/storage.py	337	def	add_subtask
KmiDi_CANON/brain/mcp_todo/storage.py	363	def	clear_completed
KmiDi_CANON/brain/mcp_todo/storage.py	381	def	export_markdown
KmiDi_CANON/brain/music_brain/api.py	71	class	DAiWAPI
KmiDi_CANON/brain/music_brain/api.py	79	def	__init__
KmiDi_CANON/brain/music_brain/api.py	87	def	generate_harmony_from_intent
KmiDi_CANON/brain/music_brain/api.py	131	def	generate_basic_progression
KmiDi_CANON/brain/music_brain/api.py	176	def	extract_groove_from_midi
KmiDi_CANON/brain/music_brain/api.py	192	def	apply_groove_to_midi
KmiDi_CANON/brain/music_brain/api.py	217	def	humanize_drums
KmiDi_CANON/brain/music_brain/api.py	274	def	analyze_midi_chords
KmiDi_CANON/brain/music_brain/api.py	312	def	diagnose_progression
KmiDi_CANON/brain/music_brain/api.py	327	def	suggest_reharmonizations
KmiDi_CANON/brain/music_brain/api.py	348	def	analyze_audio_file
KmiDi_CANON/brain/music_brain/api.py	355	def	analyze_audio_waveform
KmiDi_CANON/brain/music_brain/api.py	359	def	detect_audio_bpm
KmiDi_CANON/brain/music_brain/api.py	364	def	detect_audio_key
KmiDi_CANON/brain/music_brain/api.py	370	def	auto_tune_vocals
KmiDi_CANON/brain/music_brain/api.py	382	def	modulate_voice
KmiDi_CANON/brain/music_brain/api.py	392	def	synthesize_voice
KmiDi_CANON/brain/music_brain/api.py	409	def	speak_text_prompt
KmiDi_CANON/brain/music_brain/api.py	427	def	therapy_session
KmiDi_CANON/brain/music_brain/api.py	475	def	process_song_intent
KmiDi_CANON/brain/music_brain/api.py	528	def	suggest_rule_breaks
KmiDi_CANON/brain/music_brain/api.py	543	def	list_available_rules
KmiDi_CANON/brain/music_brain/api.py	552	def	validate_song_intent
KmiDi_CANON/brain/music_brain/api.py	569	def	list_humanization_presets
KmiDi_CANON/brain/music_brain/api.py	573	def	get_humanization_preset_info
KmiDi_CANON/brain/music_brain/cli.py	38	def	get_groove_module
KmiDi_CANON/brain/music_brain/cli.py	43	def	get_humanize_module
KmiDi_CANON/brain/music_brain/cli.py	51	def	get_structure_module
KmiDi_CANON/brain/music_brain/cli.py	55	def	get_session_module
KmiDi_CANON/brain/music_brain/cli.py	60	def	get_intent_module
KmiDi_CANON/brain/music_brain/cli.py	71	def	get_harmony_module
KmiDi_CANON/brain/music_brain/cli.py	76	def	get_audio_module
KmiDi_CANON/brain/music_brain/cli.py	81	def	get_voice_modules
KmiDi_CANON/brain/music_brain/cli.py	106	def	get_audio_module
KmiDi_CANON/brain/music_brain/cli.py	111	def	cmd_extract
KmiDi_CANON/brain/music_brain/cli.py	137	def	cmd_apply
KmiDi_CANON/brain/music_brain/cli.py	155	def	cmd_humanize
KmiDi_CANON/brain/music_brain/cli.py	237	def	cmd_analyze
KmiDi_CANON/brain/music_brain/cli.py	271	def	cmd_analyze_audio
KmiDi_CANON/brain/music_brain/cli.py	306	def	cmd_voice
KmiDi_CANON/brain/music_brain/cli.py	368	def	cmd_chatbot
KmiDi_CANON/brain/music_brain/cli.py	388	def	cmd_generate
KmiDi_CANON/brain/music_brain/cli.py	450	def	cmd_diagnose
KmiDi_CANON/brain/music_brain/cli.py	478	def	cmd_reharm
KmiDi_CANON/brain/music_brain/cli.py	499	def	cmd_teach
KmiDi_CANON/brain/music_brain/cli.py	527	def	cmd_intent
KmiDi_CANON/brain/music_brain/cli.py	719	def	main
KmiDi_CANON/brain/music_brain/groove_engine.py	37	def	apply_groove
KmiDi_CANON/brain/music_brain/groove_engine.py	134	def	apply_swing
KmiDi_CANON/brain/music_brain/groove_engine.py	176	def	apply_pocket
KmiDi_CANON/brain/music_brain/groove_engine.py	218	def	humanize_velocities
KmiDi_CANON/brain/music_brain/chatbot/tools.py	7	def	describe_auto_tune_usage
KmiDi_CANON/brain/music_brain/chatbot/tools.py	15	def	describe_backing_workflow
KmiDi_CANON/brain/music_brain/chatbot/agent.py	16	class	AgentConfig
KmiDi_CANON/brain/music_brain/chatbot/agent.py	25	class	LLMRunner
KmiDi_CANON/brain/music_brain/chatbot/agent.py	33	def	__init__
KmiDi_CANON/brain/music_brain/chatbot/agent.py	36	def	generate
KmiDi_CANON/brain/music_brain/chatbot/agent.py	47	class	ChatAgent
KmiDi_CANON/brain/music_brain/chatbot/agent.py	48	def	__init__
KmiDi_CANON/brain/music_brain/chatbot/agent.py	54	def	chat
KmiDi_CANON/brain/music_brain/chatbot/agent.py	64	def	_maybe_run_tool
KmiDi_CANON/brain/music_brain/harmony/harmony_generator.py	13	class	RuleBreakType
KmiDi_CANON/brain/music_brain/harmony/harmony_generator.py	27	class	ChordVoicing
KmiDi_CANON/brain/music_brain/harmony/harmony_generator.py	38	class	HarmonyResult
KmiDi_CANON/brain/music_brain/harmony/harmony_generator.py	48	class	HarmonyGenerator
KmiDi_CANON/brain/music_brain/harmony/harmony_generator.py	94	def	__init__
KmiDi_CANON/brain/music_brain/harmony/harmony_generator.py	108	def	generate_from_intent
KmiDi_CANON/brain/music_brain/harmony/harmony_generator.py	154	def	generate_basic_progression
KmiDi_CANON/brain/music_brain/harmony/harmony_generator.py	182	def	_generate_base_progression
KmiDi_CANON/brain/music_brain/harmony/harmony_generator.py	194	def	_roman_to_chord_symbols
KmiDi_CANON/brain/music_brain/harmony/harmony_generator.py	249	def	_midi_to_note_name
KmiDi_CANON/brain/music_brain/harmony/harmony_generator.py	254	def	_chord_symbol_to_intervals
KmiDi_CANON/brain/music_brain/harmony/harmony_generator.py	296	def	_chords_to_voicings
KmiDi_CANON/brain/music_brain/harmony/harmony_generator.py	334	def	_apply_modal_interchange
KmiDi_CANON/brain/music_brain/harmony/harmony_generator.py	370	def	_apply_avoid_resolution
KmiDi_CANON/brain/music_brain/harmony/harmony_generator.py	398	def	_apply_parallel_motion
KmiDi_CANON/brain/music_brain/harmony/harmony_generator.py	417	def	_is_fourth_degree
KmiDi_CANON/brain/music_brain/harmony/harmony_generator.py	428	def	_get_fifth_degree
KmiDi_CANON/brain/music_brain/harmony/harmony_generator.py	435	def	_get_sixth_degree
KmiDi_CANON/brain/music_brain/harmony/harmony_generator.py	444	def	generate_midi_from_harmony
KmiDi_CANON/brain/music_brain/harmony/harmony_generator.py	507	class	MockTechnicalConstraints
KmiDi_CANON/brain/music_brain/harmony/harmony_generator.py	514	class	MockIntent
KmiDi_CANON/brain/music_brain/agents/daiw_mcp_server.py	65	class	DAiWVoiceTools
KmiDi_CANON/brain/music_brain/agents/daiw_mcp_server.py	422	class	DAiWMCPServer
KmiDi_CANON/brain/music_brain/agents/daiw_mcp_server.py	430	def	__init__
KmiDi_CANON/brain/music_brain/agents/daiw_mcp_server.py	438	def	_initialize_components
KmiDi_CANON/brain/music_brain/agents/daiw_mcp_server.py	456	async_def	handle_tool
KmiDi_CANON/brain/music_brain/agents/daiw_mcp_server.py	509	async_def	_train_voice
KmiDi_CANON/brain/music_brain/agents/daiw_mcp_server.py	526	async_def	_train_voice_batch
KmiDi_CANON/brain/music_brain/agents/daiw_mcp_server.py	543	async_def	_list_voices
KmiDi_CANON/brain/music_brain/agents/daiw_mcp_server.py	549	async_def	_get_voice_info
KmiDi_CANON/brain/music_brain/agents/daiw_mcp_server.py	556	async_def	_blend_voices
KmiDi_CANON/brain/music_brain/agents/daiw_mcp_server.py	572	async_def	_synthesize_speech
KmiDi_CANON/brain/music_brain/agents/daiw_mcp_server.py	588	async_def	_synthesize_neural
KmiDi_CANON/brain/music_brain/agents/daiw_mcp_server.py	616	async_def	_set_vowel
KmiDi_CANON/brain/music_brain/agents/daiw_mcp_server.py	631	async_def	_set_pitch
KmiDi_CANON/brain/music_brain/agents/daiw_mcp_server.py	638	async_def	_note_on
KmiDi_CANON/brain/music_brain/agents/daiw_mcp_server.py	648	async_def	_note_off
KmiDi_CANON/brain/music_brain/agents/daiw_mcp_server.py	655	async_def	_set_formant_shift
KmiDi_CANON/brain/music_brain/agents/daiw_mcp_server.py	662	async_def	_set_breathiness
KmiDi_CANON/brain/music_brain/agents/daiw_mcp_server.py	669	async_def	_set_vibrato
KmiDi_CANON/brain/music_brain/agents/daiw_mcp_server.py	676	async_def	_apply_effect_preset
KmiDi_CANON/brain/music_brain/agents/daiw_mcp_server.py	694	async_def	_list_effect_presets
KmiDi_CANON/brain/music_brain/agents/daiw_mcp_server.py	699	async_def	_connect_cpp
KmiDi_CANON/brain/music_brain/agents/daiw_mcp_server.py	716	async_def	_disconnect_cpp
KmiDi_CANON/brain/music_brain/agents/daiw_mcp_server.py	723	async_def	_clone_voice
KmiDi_CANON/brain/music_brain/agents/daiw_mcp_server.py	731	async_def	_quick_speak
KmiDi_CANON/brain/music_brain/agents/daiw_mcp_server.py	752	async_def	main
KmiDi_CANON/brain/music_brain/agents/daiw_mcp_server.py	762	async_def	list_tools
KmiDi_CANON/brain/music_brain/agents/daiw_mcp_server.py	773	async_def	call_tool
KmiDi_CANON/brain/music_brain/agents/ableton_bridge.py	56	class	AbletonConnectionState
KmiDi_CANON/brain/music_brain/agents/ableton_bridge.py	65	class	AbletonTrackInfo
KmiDi_CANON/brain/music_brain/agents/ableton_bridge.py	80	class	AbletonClipInfo
KmiDi_CANON/brain/music_brain/agents/ableton_bridge.py	96	class	AbletonDeviceInfo
KmiDi_CANON/brain/music_brain/agents/ableton_bridge.py	106	class	AbletonOSCBridge
KmiDi_CANON/brain/music_brain/agents/ableton_bridge.py	133	def	__init__
KmiDi_CANON/brain/music_brain/agents/ableton_bridge.py	170	def	connect
KmiDi_CANON/brain/music_brain/agents/ableton_bridge.py	212	def	disconnect
KmiDi_CANON/brain/music_brain/agents/ableton_bridge.py	216	def	_shutdown
KmiDi_CANON/brain/music_brain/agents/ableton_bridge.py	248	def	__del__
KmiDi_CANON/brain/music_brain/agents/ableton_bridge.py	252	def	__enter__
KmiDi_CANON/brain/music_brain/agents/ableton_bridge.py	257	def	__exit__
KmiDi_CANON/brain/music_brain/agents/ableton_bridge.py	262	def	is_connected
KmiDi_CANON/brain/music_brain/agents/ableton_bridge.py	266	def	_setup_handlers
KmiDi_CANON/brain/music_brain/agents/ableton_bridge.py	293	def	_send
KmiDi_CANON/brain/music_brain/agents/ableton_bridge.py	298	def	_handle_default
KmiDi_CANON/brain/music_brain/agents/ableton_bridge.py	302	def	_handle_test
KmiDi_CANON/brain/music_brain/agents/ableton_bridge.py	306	def	_handle_tempo
KmiDi_CANON/brain/music_brain/agents/ableton_bridge.py	311	def	_handle_playing
KmiDi_CANON/brain/music_brain/agents/ableton_bridge.py	316	def	_handle_recording
KmiDi_CANON/brain/music_brain/agents/ableton_bridge.py	321	def	_handle_track_info
KmiDi_CANON/brain/music_brain/agents/ableton_bridge.py	336	def	_handle_track_volume
KmiDi_CANON/brain/music_brain/agents/ableton_bridge.py	346	def	_handle_track_pan
KmiDi_CANON/brain/music_brain/agents/ableton_bridge.py	356	def	_handle_track_arm
KmiDi_CANON/brain/music_brain/agents/ableton_bridge.py	366	def	_handle_track_mute
KmiDi_CANON/brain/music_brain/agents/ableton_bridge.py	376	def	_handle_track_solo
KmiDi_CANON/brain/music_brain/agents/ableton_bridge.py	386	def	_handle_clip_info
KmiDi_CANON/brain/music_brain/agents/ableton_bridge.py	390	def	_handle_clip_playing
KmiDi_CANON/brain/music_brain/agents/ableton_bridge.py	394	def	_handle_device_info
KmiDi_CANON/brain/music_brain/agents/ableton_bridge.py	398	def	_handle_device_param
KmiDi_CANON/brain/music_brain/agents/ableton_bridge.py	406	def	play
KmiDi_CANON/brain/music_brain/agents/ableton_bridge.py	411	def	stop
KmiDi_CANON/brain/music_brain/agents/ableton_bridge.py	416	def	continue_playback
KmiDi_CANON/brain/music_brain/agents/ableton_bridge.py	420	def	record
KmiDi_CANON/brain/music_brain/agents/ableton_bridge.py	425	def	set_tempo
KmiDi_CANON/brain/music_brain/agents/ableton_bridge.py	430	def	get_tempo
KmiDi_CANON/brain/music_brain/agents/ableton_bridge.py	436	def	set_time
KmiDi_CANON/brain/music_brain/agents/ableton_bridge.py	440	def	get_time
KmiDi_CANON/brain/music_brain/agents/ableton_bridge.py	447	def	set_loop
KmiDi_CANON/brain/music_brain/agents/ableton_bridge.py	452	def	enable_loop
KmiDi_CANON/brain/music_brain/agents/ableton_bridge.py	456	def	is_playing
KmiDi_CANON/brain/music_brain/agents/ableton_bridge.py	460	def	is_recording
KmiDi_CANON/brain/music_brain/agents/ableton_bridge.py	468	def	refresh_session
KmiDi_CANON/brain/music_brain/agents/ableton_bridge.py	475	def	get_tracks
KmiDi_CANON/brain/music_brain/agents/ableton_bridge.py	481	def	get_track
KmiDi_CANON/brain/music_brain/agents/ableton_bridge.py	488	def	create_track
KmiDi_CANON/brain/music_brain/agents/ableton_bridge.py	515	def	delete_track
KmiDi_CANON/brain/music_brain/agents/ableton_bridge.py	520	def	rename_track
KmiDi_CANON/brain/music_brain/agents/ableton_bridge.py	528	def	arm_track
KmiDi_CANON/brain/music_brain/agents/ableton_bridge.py	532	def	mute_track
KmiDi_CANON/brain/music_brain/agents/ableton_bridge.py	536	def	solo_track
KmiDi_CANON/brain/music_brain/agents/ableton_bridge.py	540	def	set_track_volume
KmiDi_CANON/brain/music_brain/agents/ableton_bridge.py	547	def	set_track_pan
KmiDi_CANON/brain/music_brain/agents/ableton_bridge.py	555	def	fire_clip
KmiDi_CANON/brain/music_brain/agents/ableton_bridge.py	559	def	stop_clip
KmiDi_CANON/brain/music_brain/agents/ableton_bridge.py	563	def	create_clip
KmiDi_CANON/brain/music_brain/agents/ableton_bridge.py	578	def	set_clip_notes
KmiDi_CANON/brain/music_brain/agents/ableton_bridge.py	596	def	set_clip_name
KmiDi_CANON/brain/music_brain/agents/ableton_bridge.py	604	def	get_devices
KmiDi_CANON/brain/music_brain/agents/ableton_bridge.py	610	def	set_device_parameter
KmiDi_CANON/brain/music_brain/agents/ableton_bridge.py	615	def	load_device
KmiDi_CANON/brain/music_brain/agents/ableton_bridge.py	629	def	export_audio
KmiDi_CANON/brain/music_brain/agents/ableton_bridge.py	643	def	on_tempo_change
KmiDi_CANON/brain/music_brain/agents/ableton_bridge.py	647	def	on_transport_change
KmiDi_CANON/brain/music_brain/agents/ableton_bridge.py	651	def	on_clip_trigger
KmiDi_CANON/brain/music_brain/agents/ableton_bridge.py	656	def	state
KmiDi_CANON/brain/music_brain/agents/ableton_bridge.py	661	class	AbletonMIDIBridge
KmiDi_CANON/brain/music_brain/agents/ableton_bridge.py	689	def	__init__
KmiDi_CANON/brain/music_brain/agents/ableton_bridge.py	702	def	connect
KmiDi_CANON/brain/music_brain/agents/ableton_bridge.py	745	def	disconnect
KmiDi_CANON/brain/music_brain/agents/ableton_bridge.py	749	def	_shutdown
KmiDi_CANON/brain/music_brain/agents/ableton_bridge.py	783	def	__del__
KmiDi_CANON/brain/music_brain/agents/ableton_bridge.py	787	def	__enter__
KmiDi_CANON/brain/music_brain/agents/ableton_bridge.py	792	def	__exit__
KmiDi_CANON/brain/music_brain/agents/ableton_bridge.py	797	def	is_connected
KmiDi_CANON/brain/music_brain/agents/ableton_bridge.py	801	def	_handle_midi_message
KmiDi_CANON/brain/music_brain/agents/ableton_bridge.py	813	def	note_on
KmiDi_CANON/brain/music_brain/agents/ableton_bridge.py	819	def	note_off
KmiDi_CANON/brain/music_brain/agents/ableton_bridge.py	825	def	control_change
KmiDi_CANON/brain/music_brain/agents/ableton_bridge.py	831	def	pitch_bend
KmiDi_CANON/brain/music_brain/agents/ableton_bridge.py	837	def	program_change
KmiDi_CANON/brain/music_brain/agents/ableton_bridge.py	847	def	set_vowel_position
KmiDi_CANON/brain/music_brain/agents/ableton_bridge.py	852	def	set_formant_shift
KmiDi_CANON/brain/music_brain/agents/ableton_bridge.py	857	def	set_breathiness
KmiDi_CANON/brain/music_brain/agents/ableton_bridge.py	862	def	set_vibrato
KmiDi_CANON/brain/music_brain/agents/ableton_bridge.py	869	def	select_voice
KmiDi_CANON/brain/music_brain/agents/ableton_bridge.py	877	def	on_note
KmiDi_CANON/brain/music_brain/agents/ableton_bridge.py	881	def	on_cc
KmiDi_CANON/brain/music_brain/agents/ableton_bridge.py	886	def	list_ports
KmiDi_CANON/brain/music_brain/agents/ableton_bridge.py	893	class	DAiWAbletonIntegration
KmiDi_CANON/brain/music_brain/agents/ableton_bridge.py	919	def	__init__
KmiDi_CANON/brain/music_brain/agents/ableton_bridge.py	941	def	connect
KmiDi_CANON/brain/music_brain/agents/ableton_bridge.py	958	def	disconnect
KmiDi_CANON/brain/music_brain/agents/ableton_bridge.py	962	def	_shutdown
KmiDi_CANON/brain/music_brain/agents/ableton_bridge.py	978	def	__del__
KmiDi_CANON/brain/music_brain/agents/ableton_bridge.py	982	def	__enter__
KmiDi_CANON/brain/music_brain/agents/ableton_bridge.py	987	def	__exit__
KmiDi_CANON/brain/music_brain/agents/ableton_bridge.py	992	def	is_connected
KmiDi_CANON/brain/music_brain/agents/ableton_bridge.py	996	def	_handle_midi_note
KmiDi_CANON/brain/music_brain/agents/ableton_bridge.py	1009	def	_handle_midi_cc
KmiDi_CANON/brain/music_brain/agents/ableton_bridge.py	1032	def	create_voice_track
KmiDi_CANON/brain/music_brain/agents/ableton_bridge.py	1046	def	render_text_to_track
KmiDi_CANON/brain/music_brain/agents/ableton_bridge.py	1095	def	enable_midi_voice_control
KmiDi_CANON/brain/music_brain/agents/ableton_bridge.py	1104	def	disable_midi_voice_control
KmiDi_CANON/brain/music_brain/agents/ableton_bridge.py	1110	def	sync_to_tempo
KmiDi_CANON/brain/music_brain/agents/ableton_bridge.py	1116	def	get_session_info
KmiDi_CANON/brain/music_brain/agents/ableton_bridge.py	1141	def	create_ableton_mcp_tools
KmiDi_CANON/brain/music_brain/agents/ableton_bridge.py	1329	def	check_ableton_connection
KmiDi_CANON/brain/music_brain/agents/ableton_bridge.py	1358	def	get_default_cc_mappings
KmiDi_CANON/brain/music_brain/agents/crewai_music_agents.py	47	class	AgentRole
KmiDi_CANON/brain/music_brain/agents/crewai_music_agents.py	59	class	AgentConfig
KmiDi_CANON/brain/music_brain/agents/crewai_music_agents.py	169	class	VoiceSynthesisTool
KmiDi_CANON/brain/music_brain/agents/crewai_music_agents.py	172	def	__init__
KmiDi_CANON/brain/music_brain/agents/crewai_music_agents.py	177	def	_load_pipeline
KmiDi_CANON/brain/music_brain/agents/crewai_music_agents.py	186	def	shutdown
KmiDi_CANON/brain/music_brain/agents/crewai_music_agents.py	191	def	enable
KmiDi_CANON/brain/music_brain/agents/crewai_music_agents.py	196	def	disable
KmiDi_CANON/brain/music_brain/agents/crewai_music_agents.py	200	def	is_enabled
KmiDi_CANON/brain/music_brain/agents/crewai_music_agents.py	204	def	train_voice
KmiDi_CANON/brain/music_brain/agents/crewai_music_agents.py	211	def	synthesize
KmiDi_CANON/brain/music_brain/agents/crewai_music_agents.py	218	def	set_vowel
KmiDi_CANON/brain/music_brain/agents/crewai_music_agents.py	226	def	set_pitch
KmiDi_CANON/brain/music_brain/agents/crewai_music_agents.py	230	def	set_formant_shift
KmiDi_CANON/brain/music_brain/agents/crewai_music_agents.py	234	def	set_breathiness
KmiDi_CANON/brain/music_brain/agents/crewai_music_agents.py	238	def	set_vibrato
KmiDi_CANON/brain/music_brain/agents/crewai_music_agents.py	242	def	note_on
KmiDi_CANON/brain/music_brain/agents/crewai_music_agents.py	246	def	note_off
KmiDi_CANON/brain/music_brain/agents/crewai_music_agents.py	251	class	AbletonControlTool
KmiDi_CANON/brain/music_brain/agents/crewai_music_agents.py	254	def	__init__
KmiDi_CANON/brain/music_brain/agents/crewai_music_agents.py	259	def	_load_bridge
KmiDi_CANON/brain/music_brain/agents/crewai_music_agents.py	268	def	shutdown
KmiDi_CANON/brain/music_brain/agents/crewai_music_agents.py	275	def	enable
KmiDi_CANON/brain/music_brain/agents/crewai_music_agents.py	280	def	disable
KmiDi_CANON/brain/music_brain/agents/crewai_music_agents.py	284	def	is_enabled
KmiDi_CANON/brain/music_brain/agents/crewai_music_agents.py	288	def	connect
KmiDi_CANON/brain/music_brain/agents/crewai_music_agents.py	295	def	play
KmiDi_CANON/brain/music_brain/agents/crewai_music_agents.py	302	def	stop
KmiDi_CANON/brain/music_brain/agents/crewai_music_agents.py	309	def	record
KmiDi_CANON/brain/music_brain/agents/crewai_music_agents.py	316	def	set_tempo
KmiDi_CANON/brain/music_brain/agents/crewai_music_agents.py	323	def	create_track
KmiDi_CANON/brain/music_brain/agents/crewai_music_agents.py	330	def	arm_track
KmiDi_CANON/brain/music_brain/agents/crewai_music_agents.py	337	def	fire_clip
KmiDi_CANON/brain/music_brain/agents/crewai_music_agents.py	344	def	get_session_info
KmiDi_CANON/brain/music_brain/agents/crewai_music_agents.py	350	def	set_track_volume
KmiDi_CANON/brain/music_brain/agents/crewai_music_agents.py	358	class	CompositionTool
KmiDi_CANON/brain/music_brain/agents/crewai_music_agents.py	361	def	compose_melody
KmiDi_CANON/brain/music_brain/agents/crewai_music_agents.py	377	def	compose_chords
KmiDi_CANON/brain/music_brain/agents/crewai_music_agents.py	388	def	analyze_harmony
KmiDi_CANON/brain/music_brain/agents/crewai_music_agents.py	397	def	suggest_arrangement
KmiDi_CANON/brain/music_brain/agents/crewai_music_agents.py	416	class	MixingTool
KmiDi_CANON/brain/music_brain/agents/crewai_music_agents.py	419	def	__init__
KmiDi_CANON/brain/music_brain/agents/crewai_music_agents.py	424	def	_load_processor
KmiDi_CANON/brain/music_brain/agents/crewai_music_agents.py	433	def	shutdown
KmiDi_CANON/brain/music_brain/agents/crewai_music_agents.py	438	def	enable
KmiDi_CANON/brain/music_brain/agents/crewai_music_agents.py	443	def	disable
KmiDi_CANON/brain/music_brain/agents/crewai_music_agents.py	447	def	is_enabled
KmiDi_CANON/brain/music_brain/agents/crewai_music_agents.py	451	def	apply_effect
KmiDi_CANON/brain/music_brain/agents/crewai_music_agents.py	458	def	set_eq
KmiDi_CANON/brain/music_brain/agents/crewai_music_agents.py	462	def	set_compression
KmiDi_CANON/brain/music_brain/agents/crewai_music_agents.py	467	def	set_reverb
KmiDi_CANON/brain/music_brain/agents/crewai_music_agents.py	472	def	set_delay
KmiDi_CANON/brain/music_brain/agents/crewai_music_agents.py	477	def	analyze_spectrum
KmiDi_CANON/brain/music_brain/agents/crewai_music_agents.py	486	def	check_levels
KmiDi_CANON/brain/music_brain/agents/crewai_music_agents.py	496	class	LyricsTool
KmiDi_CANON/brain/music_brain/agents/crewai_music_agents.py	499	def	write_lyrics
KmiDi_CANON/brain/music_brain/agents/crewai_music_agents.py	521	def	analyze_phonemes
KmiDi_CANON/brain/music_brain/agents/crewai_music_agents.py	536	def	suggest_word_alternatives
KmiDi_CANON/brain/music_brain/agents/crewai_music_agents.py	542	def	check_syllable_count
KmiDi_CANON/brain/music_brain/agents/crewai_music_agents.py	547	def	optimize_for_synthesis
KmiDi_CANON/brain/music_brain/agents/crewai_music_agents.py	557	def	create_crewai_tools
KmiDi_CANON/brain/music_brain/agents/crewai_music_agents.py	613	def	create_agent
KmiDi_CANON/brain/music_brain/agents/crewai_music_agents.py	658	def	create_music_production_crew
KmiDi_CANON/brain/music_brain/agents/crewai_music_agents.py	696	def	create_voice_production_task
KmiDi_CANON/brain/music_brain/agents/crewai_music_agents.py	731	def	create_song_production_task
KmiDi_CANON/brain/music_brain/agents/crewai_music_agents.py	770	def	create_vocal_direction_task
KmiDi_CANON/brain/music_brain/agents/crewai_music_agents.py	811	def	run_production_task
KmiDi_CANON/brain/music_brain/agents/crewai_music_agents.py	840	async_def	run_production_task_async
KmiDi_CANON/brain/music_brain/agents/crewai_music_agents.py	850	def	get_available_roles
KmiDi_CANON/brain/music_brain/agents/crewai_music_agents.py	855	def	get_role_info
KmiDi_CANON/brain/music_brain/agents/crewai_music_agents.py	870	def	check_dependencies
KmiDi_CANON/brain/music_brain/agents/crewai_music_agents.py	882	class	ToolManager
KmiDi_CANON/brain/music_brain/agents/crewai_music_agents.py	900	def	__init__
KmiDi_CANON/brain/music_brain/agents/crewai_music_agents.py	904	def	start
KmiDi_CANON/brain/music_brain/agents/crewai_music_agents.py	915	def	shutdown
KmiDi_CANON/brain/music_brain/agents/crewai_music_agents.py	928	def	enable_tool
KmiDi_CANON/brain/music_brain/agents/crewai_music_agents.py	933	def	disable_tool
KmiDi_CANON/brain/music_brain/agents/crewai_music_agents.py	938	def	get_tool
KmiDi_CANON/brain/music_brain/agents/crewai_music_agents.py	942	def	get_tools
KmiDi_CANON/brain/music_brain/agents/crewai_music_agents.py	946	def	is_running
KmiDi_CANON/brain/music_brain/agents/crewai_music_agents.py	950	def	get_status
KmiDi_CANON/brain/music_brain/agents/crewai_music_agents.py	962	def	__enter__
KmiDi_CANON/brain/music_brain/agents/crewai_music_agents.py	967	def	__exit__
KmiDi_CANON/brain/music_brain/agents/crewai_music_agents.py	972	def	__del__
KmiDi_CANON/brain/music_brain/agents/crewai_music_agents.py	982	def	get_tool_manager
KmiDi_CANON/brain/music_brain/agents/crewai_music_agents.py	990	def	shutdown_tools
KmiDi_CANON/brain/music_brain/agents/unified_hub.py	34	class	HubState
KmiDi_CANON/brain/music_brain/agents/unified_hub.py	42	class	AudioRoutingMode
KmiDi_CANON/brain/music_brain/agents/unified_hub.py	51	class	SessionConfig
KmiDi_CANON/brain/music_brain/agents/unified_hub.py	80	class	VoiceState
KmiDi_CANON/brain/music_brain/agents/unified_hub.py	94	class	DAWState
KmiDi_CANON/brain/music_brain/agents/unified_hub.py	105	class	UnifiedHub
KmiDi_CANON/brain/music_brain/agents/unified_hub.py	139	def	__init__
KmiDi_CANON/brain/music_brain/agents/unified_hub.py	175	def	start
KmiDi_CANON/brain/music_brain/agents/unified_hub.py	215	def	stop
KmiDi_CANON/brain/music_brain/agents/unified_hub.py	219	def	_shutdown
KmiDi_CANON/brain/music_brain/agents/unified_hub.py	292	def	__del__
KmiDi_CANON/brain/music_brain/agents/unified_hub.py	296	def	__enter__
KmiDi_CANON/brain/music_brain/agents/unified_hub.py	301	def	__exit__
KmiDi_CANON/brain/music_brain/agents/unified_hub.py	306	def	is_running
KmiDi_CANON/brain/music_brain/agents/unified_hub.py	310	def	force_stop
KmiDi_CANON/brain/music_brain/agents/unified_hub.py	316	def	_run_main_loop
KmiDi_CANON/brain/music_brain/agents/unified_hub.py	332	def	_process_command
KmiDi_CANON/brain/music_brain/agents/unified_hub.py	355	def	_init_voice_pipeline
KmiDi_CANON/brain/music_brain/agents/unified_hub.py	364	def	_init_audio_processor
KmiDi_CANON/brain/music_brain/agents/unified_hub.py	373	def	_init_agents
KmiDi_CANON/brain/music_brain/agents/unified_hub.py	386	def	speak
KmiDi_CANON/brain/music_brain/agents/unified_hub.py	406	def	note_on
KmiDi_CANON/brain/music_brain/agents/unified_hub.py	429	def	note_off
KmiDi_CANON/brain/music_brain/agents/unified_hub.py	451	def	set_vowel
KmiDi_CANON/brain/music_brain/agents/unified_hub.py	476	def	set_pitch
KmiDi_CANON/brain/music_brain/agents/unified_hub.py	485	def	set_formant_shift
KmiDi_CANON/brain/music_brain/agents/unified_hub.py	494	def	set_breathiness
KmiDi_CANON/brain/music_brain/agents/unified_hub.py	503	def	set_vibrato
KmiDi_CANON/brain/music_brain/agents/unified_hub.py	513	def	train_voice
KmiDi_CANON/brain/music_brain/agents/unified_hub.py	530	def	list_voices
KmiDi_CANON/brain/music_brain/agents/unified_hub.py	536	def	get_voice_state
KmiDi_CANON/brain/music_brain/agents/unified_hub.py	554	def	connect_daw
KmiDi_CANON/brain/music_brain/agents/unified_hub.py	589	def	disconnect_daw
KmiDi_CANON/brain/music_brain/agents/unified_hub.py	595	def	_sync_daw_state
KmiDi_CANON/brain/music_brain/agents/unified_hub.py	606	def	daw_play
KmiDi_CANON/brain/music_brain/agents/unified_hub.py	615	def	daw_stop
KmiDi_CANON/brain/music_brain/agents/unified_hub.py	624	def	daw_record
KmiDi_CANON/brain/music_brain/agents/unified_hub.py	633	def	set_tempo
KmiDi_CANON/brain/music_brain/agents/unified_hub.py	643	def	create_voice_track
KmiDi_CANON/brain/music_brain/agents/unified_hub.py	658	def	render_voice_to_track
KmiDi_CANON/brain/music_brain/agents/unified_hub.py	679	def	fire_clip
KmiDi_CANON/brain/music_brain/agents/unified_hub.py	687	def	get_daw_state
KmiDi_CANON/brain/music_brain/agents/unified_hub.py	703	def	apply_effect
KmiDi_CANON/brain/music_brain/agents/unified_hub.py	720	def	apply_effect_preset
KmiDi_CANON/brain/music_brain/agents/unified_hub.py	753	def	get_audio_processor_info
KmiDi_CANON/brain/music_brain/agents/unified_hub.py	764	async_def	run_agent_task
KmiDi_CANON/brain/music_brain/agents/unified_hub.py	794	def	get_available_agents
KmiDi_CANON/brain/music_brain/agents/unified_hub.py	813	def	get_mcp_tools
KmiDi_CANON/brain/music_brain/agents/unified_hub.py	953	async_def	handle_mcp_call
KmiDi_CANON/brain/music_brain/agents/unified_hub.py	1001	def	on
KmiDi_CANON/brain/music_brain/agents/unified_hub.py	1011	def	off
KmiDi_CANON/brain/music_brain/agents/unified_hub.py	1018	def	_trigger_callbacks
KmiDi_CANON/brain/music_brain/agents/unified_hub.py	1030	def	save_session
KmiDi_CANON/brain/music_brain/agents/unified_hub.py	1062	def	load_session
KmiDi_CANON/brain/music_brain/agents/unified_hub.py	1101	def	get_status
KmiDi_CANON/brain/music_brain/agents/unified_hub.py	1121	def	get_capabilities
KmiDi_CANON/brain/music_brain/agents/unified_hub.py	1160	def	get_hub
KmiDi_CANON/brain/music_brain/agents/unified_hub.py	1168	def	start_hub
KmiDi_CANON/brain/music_brain/agents/unified_hub.py	1177	def	stop_hub
KmiDi_CANON/brain/music_brain/agents/unified_hub.py	1185	def	force_stop_hub
KmiDi_CANON/brain/music_brain/agents/unified_hub.py	1193	def	shutdown_all
KmiDi_CANON/brain/music_brain/agents/unified_hub.py	1224	def	main
KmiDi_CANON/brain/music_brain/utils/ppq.py	32	def	normalize_ppq
KmiDi_CANON/brain/music_brain/utils/ppq.py	58	def	scale_ticks
KmiDi_CANON/brain/music_brain/utils/ppq.py	77	def	ticks_to_beats
KmiDi_CANON/brain/music_brain/utils/ppq.py	94	def	beats_to_ticks
KmiDi_CANON/brain/music_brain/utils/ppq.py	111	def	ticks_to_bars
KmiDi_CANON/brain/music_brain/utils/ppq.py	132	def	bars_to_ticks
KmiDi_CANON/brain/music_brain/utils/ppq.py	153	def	ticks_to_seconds
KmiDi_CANON/brain/music_brain/utils/ppq.py	174	def	seconds_to_ticks
KmiDi_CANON/brain/music_brain/utils/ppq.py	195	def	quantize_ticks
KmiDi_CANON/brain/music_brain/utils/ppq.py	215	def	get_grid_positions
KmiDi_CANON/brain/music_brain/utils/ppq.py	244	def	calculate_swing_offset
KmiDi_CANON/brain/music_brain/utils/ppq.py	276	def	get_ppq_for_daw
KmiDi_CANON/brain/music_brain/utils/midi_io.py	17	class	MidiInfo
KmiDi_CANON/brain/music_brain/utils/midi_io.py	31	def	load_midi
KmiDi_CANON/brain/music_brain/utils/midi_io.py	51	def	save_midi
KmiDi_CANON/brain/music_brain/utils/midi_io.py	65	def	get_midi_info
KmiDi_CANON/brain/music_brain/utils/midi_io.py	126	def	merge_tracks
KmiDi_CANON/brain/music_brain/utils/midi_io.py	143	def	split_by_channel
KmiDi_CANON/brain/music_brain/utils/midi_io.py	167	def	extract_notes
KmiDi_CANON/brain/music_brain/utils/instruments.py	259	def	get_instrument_name
KmiDi_CANON/brain/music_brain/utils/instruments.py	264	def	get_drum_name
KmiDi_CANON/brain/music_brain/utils/instruments.py	269	def	get_instrument_category
KmiDi_CANON/brain/music_brain/utils/instruments.py	277	def	get_drum_category
KmiDi_CANON/brain/music_brain/utils/instruments.py	285	def	is_drum_channel
KmiDi_CANON/brain/music_brain/utils/instruments.py	290	def	midi_note_to_name
KmiDi_CANON/brain/music_brain/utils/instruments.py	300	def	note_name_to_midi
KmiDi_CANON/brain/music_brain/vocal/phonemes.py	13	class	PhonemeType
KmiDi_CANON/brain/music_brain/vocal/phonemes.py	21	class	Phoneme
KmiDi_CANON/brain/music_brain/vocal/phonemes.py	113	def	text_to_phonemes
KmiDi_CANON/brain/music_brain/vocal/phonemes.py	158	def	_word_to_phonemes
KmiDi_CANON/brain/music_brain/vocal/phonemes.py	189	def	_rule_based_phonemes
KmiDi_CANON/brain/music_brain/vocal/phonemes.py	227	def	phoneme_to_vowel_type
KmiDi_CANON/brain/music_brain/vocal/parrot.py	34	class	VowelType
KmiDi_CANON/brain/music_brain/vocal/parrot.py	46	class	FormantData
KmiDi_CANON/brain/music_brain/vocal/parrot.py	55	class	VowelSample
KmiDi_CANON/brain/music_brain/vocal/parrot.py	66	class	AccentCharacteristics
KmiDi_CANON/brain/music_brain/vocal/parrot.py	76	class	VoiceCharacteristics
KmiDi_CANON/brain/music_brain/vocal/parrot.py	124	class	VoiceModel
KmiDi_CANON/brain/music_brain/vocal/parrot.py	130	def	to_dict
KmiDi_CANON/brain/music_brain/vocal/parrot.py	144	def	from_dict
KmiDi_CANON/brain/music_brain/vocal/parrot.py	164	class	ParrotConfig
KmiDi_CANON/brain/music_brain/vocal/parrot.py	206	class	ParrotVocalSynthesizer
KmiDi_CANON/brain/music_brain/vocal/parrot.py	220	def	__init__
KmiDi_CANON/brain/music_brain/vocal/parrot.py	237	def	analyze_voice
KmiDi_CANON/brain/music_brain/vocal/parrot.py	353	def	_detect_vowels
KmiDi_CANON/brain/music_brain/vocal/parrot.py	416	def	_find_formant_peaks
KmiDi_CANON/brain/music_brain/vocal/parrot.py	447	def	_classify_vowel
KmiDi_CANON/brain/music_brain/vocal/parrot.py	470	def	_analyze_pitch
KmiDi_CANON/brain/music_brain/vocal/parrot.py	520	def	_analyze_timbre
KmiDi_CANON/brain/music_brain/vocal/parrot.py	541	def	_analyze_accent
KmiDi_CANON/brain/music_brain/vocal/parrot.py	581	def	_analyze_jitter_shimmer
KmiDi_CANON/brain/music_brain/vocal/parrot.py	638	def	_analyze_prosody
KmiDi_CANON/brain/music_brain/vocal/parrot.py	703	def	_get_pitch_at_time
KmiDi_CANON/brain/music_brain/vocal/parrot.py	726	def	_calculate_formant_confidence
KmiDi_CANON/brain/music_brain/vocal/parrot.py	747	def	train_parrot_batch
KmiDi_CANON/brain/music_brain/vocal/parrot.py	786	def	train_parrot
KmiDi_CANON/brain/music_brain/vocal/parrot.py	822	def	synthesize_vocal
KmiDi_CANON/brain/music_brain/vocal/parrot.py	884	def	_simple_synthesize
KmiDi_CANON/brain/music_brain/vocal/parrot.py	909	def	_apply_prosody
KmiDi_CANON/brain/music_brain/vocal/parrot.py	939	def	set_current_voice
KmiDi_CANON/brain/music_brain/vocal/parrot.py	945	def	list_voices
KmiDi_CANON/brain/music_brain/vocal/parrot.py	949	def	get_voice_info
KmiDi_CANON/brain/music_brain/vocal/parrot.py	976	def	blend_voices
KmiDi_CANON/brain/music_brain/vocal/parrot.py	1073	def	_average_formants
KmiDi_CANON/brain/music_brain/vocal/parrot.py	1092	def	analyze_voice
KmiDi_CANON/brain/music_brain/vocal/parrot.py	1098	def	train_parrot
KmiDi_CANON/brain/music_brain/vocal/parrot.py	1104	def	synthesize_vocal
KmiDi_CANON/brain/music_brain/vocal/parrot.py	1114	def	load_voice_model
KmiDi_CANON/brain/music_brain/vocal/parrot.py	1121	def	save_voice_model
KmiDi_CANON/brain/music_brain/vocal/synthesis.py	22	def	formant_synthesize
KmiDi_CANON/brain/music_brain/vocal/synthesis.py	112	def	_synthesize_vowel
KmiDi_CANON/brain/music_brain/vocal/synthesis.py	198	def	_synthesize_consonant
KmiDi_CANON/brain/music_brain/vocal/synthesis.py	256	def	_generate_glottal_pulse
KmiDi_CANON/brain/music_brain/vocal/synthesis.py	285	def	_apply_formant_filter
KmiDi_CANON/brain/music_brain/vocal/synthesis.py	304	def	_apply_timbre_shaping
KmiDi_CANON/brain/music_brain/vocal/synthesis.py	325	def	_apply_voice_characteristics
KmiDi_CANON/brain/music_brain/vocal/synthesis.py	345	def	_average_formants
KmiDi_CANON/brain/music_brain/vocal/synthesis.py	363	def	_get_standard_formants
KmiDi_CANON/brain/music_brain/vocal/synthesis.py	376	def	_get_emotion_modifications
KmiDi_CANON/brain/music_brain/vocal/synthesis.py	408	def	_apply_emotion_to_formants
KmiDi_CANON/brain/music_brain/tier1/midi_pipeline_wrapper.py	11	class	MIDIGenerationPipeline
KmiDi_CANON/brain/music_brain/tier1/midi_pipeline_wrapper.py	14	def	generate_midi
KmiDi_CANON/brain/music_brain/realtime/midi_processor.py	38	class	MidiProcessorConfig
KmiDi_CANON/brain/music_brain/realtime/midi_processor.py	67	class	RealtimeMidiProcessor
KmiDi_CANON/brain/music_brain/realtime/midi_processor.py	79	def	__init__
KmiDi_CANON/brain/music_brain/realtime/midi_processor.py	116	def	list_input_ports
KmiDi_CANON/brain/music_brain/realtime/midi_processor.py	122	def	list_output_ports
KmiDi_CANON/brain/music_brain/realtime/midi_processor.py	128	def	set_chord_callback
KmiDi_CANON/brain/music_brain/realtime/midi_processor.py	132	def	set_groove_callback
KmiDi_CANON/brain/music_brain/realtime/midi_processor.py	136	def	set_transform_callback
KmiDi_CANON/brain/music_brain/realtime/midi_processor.py	140	def	open_ports
KmiDi_CANON/brain/music_brain/realtime/midi_processor.py	181	def	close_ports
KmiDi_CANON/brain/music_brain/realtime/midi_processor.py	190	def	_process_message
KmiDi_CANON/brain/music_brain/realtime/midi_processor.py	242	def	_detect_chord
KmiDi_CANON/brain/music_brain/realtime/midi_processor.py	280	def	_analyze_groove
KmiDi_CANON/brain/music_brain/realtime/midi_processor.py	329	def	_processing_loop
KmiDi_CANON/brain/music_brain/realtime/midi_processor.py	344	def	start
KmiDi_CANON/brain/music_brain/realtime/midi_processor.py	377	def	stop
KmiDi_CANON/brain/music_brain/realtime/midi_processor.py	392	def	get_active_notes
KmiDi_CANON/brain/music_brain/realtime/midi_processor.py	396	def	get_chord_history
KmiDi_CANON/brain/music_brain/realtime/midi_processor.py	400	def	__enter__
KmiDi_CANON/brain/music_brain/realtime/midi_processor.py	405	def	__exit__
KmiDi_CANON/brain/music_brain/realtime/transformers.py	25	def	create_transpose_transformer
KmiDi_CANON/brain/music_brain/realtime/transformers.py	35	def	transform
KmiDi_CANON/brain/music_brain/realtime/transformers.py	46	def	create_velocity_scale_transformer
KmiDi_CANON/brain/music_brain/realtime/transformers.py	58	def	transform
KmiDi_CANON/brain/music_brain/realtime/transformers.py	68	def	create_chord_generator_transformer
KmiDi_CANON/brain/music_brain/realtime/transformers.py	84	def	transform
KmiDi_CANON/brain/music_brain/realtime/transformers.py	110	def	create_arpeggiator_transformer
KmiDi_CANON/brain/music_brain/realtime/transformers.py	130	def	transform
KmiDi_CANON/brain/music_brain/realtime/transformers.py	169	def	create_humanize_transformer
KmiDi_CANON/brain/music_brain/realtime/transformers.py	186	def	transform
KmiDi_CANON/brain/music_brain/realtime/transformers.py	199	def	create_channel_router_transformer
KmiDi_CANON/brain/music_brain/realtime/transformers.py	209	def	transform
KmiDi_CANON/brain/music_brain/realtime/transformers.py	217	def	create_filter_transformer
KmiDi_CANON/brain/music_brain/realtime/transformers.py	235	def	transform
KmiDi_CANON/brain/music_brain/realtime/transport.py	22	class	BaseTransport
KmiDi_CANON/brain/music_brain/realtime/transport.py	25	def	__init__
KmiDi_CANON/brain/music_brain/realtime/transport.py	29	def	emit
KmiDi_CANON/brain/music_brain/realtime/transport.py	32	def	emit_metrics
KmiDi_CANON/brain/music_brain/realtime/transport.py	36	def	close
KmiDi_CANON/brain/music_brain/realtime/transport.py	42	def	attach_clock
KmiDi_CANON/brain/music_brain/realtime/transport.py	47	def	detach_clock
KmiDi_CANON/brain/music_brain/realtime/transport.py	53	class	MidiTransport
KmiDi_CANON/brain/music_brain/realtime/transport.py	61	def	__init__
KmiDi_CANON/brain/music_brain/realtime/transport.py	76	def	emit
KmiDi_CANON/brain/music_brain/realtime/transport.py	100	def	close
KmiDi_CANON/brain/music_brain/realtime/transport.py	121	def	_send_note_on
KmiDi_CANON/brain/music_brain/realtime/transport.py	132	def	_send_note_off
KmiDi_CANON/brain/music_brain/realtime/transport.py	144	def	_safe_send
KmiDi_CANON/brain/music_brain/realtime/transport.py	148	def	_register_note
KmiDi_CANON/brain/music_brain/realtime/transport.py	153	def	_release_note
KmiDi_CANON/brain/music_brain/realtime/transport.py	164	def	_duration_seconds
KmiDi_CANON/brain/music_brain/realtime/transport.py	189	def	_schedule_note_off
KmiDi_CANON/brain/music_brain/realtime/transport.py	208	def	_timer_callback
KmiDi_CANON/brain/music_brain/realtime/transport.py	218	class	OscTransport
KmiDi_CANON/brain/music_brain/realtime/transport.py	237	def	__init__
KmiDi_CANON/brain/music_brain/realtime/transport.py	263	def	emit
KmiDi_CANON/brain/music_brain/realtime/transport.py	318	def	close
KmiDi_CANON/brain/music_brain/realtime/transport.py	326	def	_connect
KmiDi_CANON/brain/music_brain/realtime/transport.py	348	def	is_connected
KmiDi_CANON/brain/music_brain/realtime/transport.py	353	def	last_error
KmiDi_CANON/brain/music_brain/realtime/events.py	20	class	NoteEvent
KmiDi_CANON/brain/music_brain/realtime/events.py	29	class	ControlEventType
KmiDi_CANON/brain/music_brain/realtime/events.py	42	class	ScheduledEvent
KmiDi_CANON/brain/music_brain/realtime/events.py	57	def	end_tick
KmiDi_CANON/brain/music_brain/realtime/events.py	64	class	ControlEvent
KmiDi_CANON/brain/music_brain/realtime/events.py	73	class	MetricEvent
KmiDi_CANON/brain/music_brain/realtime/clock.py	16	class	ClockSnapshot
KmiDi_CANON/brain/music_brain/realtime/clock.py	25	class	RealtimeClock
KmiDi_CANON/brain/music_brain/realtime/clock.py	28	def	__init__
KmiDi_CANON/brain/music_brain/realtime/clock.py	46	def	tempo_bpm
KmiDi_CANON/brain/music_brain/realtime/clock.py	49	def	set_tempo
KmiDi_CANON/brain/music_brain/realtime/clock.py	61	def	ppq
KmiDi_CANON/brain/music_brain/realtime/clock.py	67	def	ticks_per_second
KmiDi_CANON/brain/music_brain/realtime/clock.py	72	def	ticks_to_seconds
KmiDi_CANON/brain/music_brain/realtime/clock.py	75	def	seconds_to_ticks
KmiDi_CANON/brain/music_brain/realtime/clock.py	81	def	reset
KmiDi_CANON/brain/music_brain/realtime/clock.py	87	def	snapshot
KmiDi_CANON/brain/music_brain/realtime/clock.py	98	def	now_ticks
KmiDi_CANON/brain/music_brain/realtime/engine.py	25	class	RealtimeEngine
KmiDi_CANON/brain/music_brain/realtime/engine.py	28	def	__init__
KmiDi_CANON/brain/music_brain/realtime/engine.py	38	def	add_transport
KmiDi_CANON/brain/music_brain/realtime/engine.py	44	def	remove_transport
KmiDi_CANON/brain/music_brain/realtime/engine.py	50	def	clear_transports
KmiDi_CANON/brain/music_brain/realtime/engine.py	59	def	load_note_events
KmiDi_CANON/brain/music_brain/realtime/engine.py	85	def	queue_events
KmiDi_CANON/brain/music_brain/realtime/engine.py	90	def	reset_queue
KmiDi_CANON/brain/music_brain/realtime/engine.py	96	def	start
KmiDi_CANON/brain/music_brain/realtime/engine.py	100	def	stop
KmiDi_CANON/brain/music_brain/realtime/engine.py	103	def	close
KmiDi_CANON/brain/music_brain/realtime/engine.py	110	def	process_tick
KmiDi_CANON/brain/music_brain/realtime/scheduler.py	16	class	EventScheduler
KmiDi_CANON/brain/music_brain/realtime/scheduler.py	19	def	__init__
KmiDi_CANON/brain/music_brain/realtime/scheduler.py	22	def	clear
KmiDi_CANON/brain/music_brain/realtime/scheduler.py	25	def	__len__
KmiDi_CANON/brain/music_brain/realtime/scheduler.py	31	def	schedule
KmiDi_CANON/brain/music_brain/realtime/scheduler.py	36	def	schedule_many
KmiDi_CANON/brain/music_brain/realtime/scheduler.py	58	def	peek_next_tick
KmiDi_CANON/brain/music_brain/realtime/scheduler.py	65	def	pop_due_events
KmiDi_CANON/brain/music_brain/emidi/Event.hpp	14	class	Event
KmiDi_CANON/brain/music_brain/emidi/NoteEventStub.hpp	9	class	NoteEvent
KmiDi_CANON/brain/music_brain/emidi/EventConverters.hpp	14	function	from_note_event
KmiDi_CANON/brain/music_brain/emidi/EventConverters.hpp	24	function	to_note_events
KmiDi_CANON/brain/music_brain/emidi/EventConverters.cpp	5	function	from_note_event
KmiDi_CANON/brain/music_brain/emidi/EventConverters.cpp	22	function	to_note_events
KmiDi_CANON/brain/music_brain/emidi/Scheduler.hpp	17	class	ScheduledEvent
KmiDi_CANON/brain/music_brain/emidi/Scheduler.hpp	28	class	EventScheduler
KmiDi_CANON/brain/music_brain/emidi/Scheduler.hpp	30	function	clear
KmiDi_CANON/brain/music_brain/emidi/Scheduler.hpp	31	function	size
KmiDi_CANON/brain/music_brain/emidi/Scheduler.hpp	33	function	schedule
KmiDi_CANON/brain/music_brain/emidi/Scheduler.hpp	34	function	schedule_many
KmiDi_CANON/brain/music_brain/emidi/Scheduler.hpp	36	function	peek_next_tick
KmiDi_CANON/brain/music_brain/emidi/Scheduler.hpp	37	function	pop_due_events
KmiDi_CANON/brain/music_brain/emidi/Scheduler.hpp	40	class	CompareStartTick
KmiDi_CANON/brain/music_brain/emidi/Scheduler.hpp	41	function	operator
KmiDi_CANON/brain/music_brain/audio/frequency.py	16	def	frequency_to_note_name
KmiDi_CANON/brain/music_brain/audio/frequency.py	30	class	FrequencySpectrum
KmiDi_CANON/brain/music_brain/audio/frequency.py	35	class	FrequencyAnalyzer
KmiDi_CANON/brain/music_brain/audio/frequency.py	40	def	fft_analysis
KmiDi_CANON/brain/music_brain/audio/frequency.py	52	def	pitch_detection
KmiDi_CANON/brain/music_brain/audio/frequency.py	65	def	harmonic_content
KmiDi_CANON/brain/music_brain/audio/reference_dna.py	30	class	ReferenceProfile
KmiDi_CANON/brain/music_brain/audio/reference_dna.py	39	def	__repr__
KmiDi_CANON/brain/music_brain/audio/reference_dna.py	58	def	_estimate_key
KmiDi_CANON/brain/music_brain/audio/reference_dna.py	120	def	analyze_reference
KmiDi_CANON/brain/music_brain/audio/reference_dna.py	188	def	apply_reference_to_plan
KmiDi_CANON/brain/music_brain/audio/reference_dna.py	230	def	compare_profiles
KmiDi_CANON/brain/music_brain/audio/analyzer.py	23	class	RhythmAnalysis
KmiDi_CANON/brain/music_brain/audio/analyzer.py	29	class	SpectralAnalysis
KmiDi_CANON/brain/music_brain/audio/analyzer.py	36	class	KeyDetectionResult
KmiDi_CANON/brain/music_brain/audio/analyzer.py	44	class	AudioAnalysis
KmiDi_CANON/brain/music_brain/audio/analyzer.py	53	def	to_dict
KmiDi_CANON/brain/music_brain/audio/analyzer.py	72	class	AudioAnalyzer
KmiDi_CANON/brain/music_brain/audio/analyzer.py	77	def	__init__
KmiDi_CANON/brain/music_brain/audio/analyzer.py	82	def	analyze_file
KmiDi_CANON/brain/music_brain/audio/analyzer.py	86	def	analyze_waveform
KmiDi_CANON/brain/music_brain/audio/analyzer.py	104	def	detect_bpm
KmiDi_CANON/brain/music_brain/audio/analyzer.py	117	def	detect_key
KmiDi_CANON/brain/music_brain/audio/analyzer.py	121	def	detect_key_details
KmiDi_CANON/brain/music_brain/audio/analyzer.py	154	def	_spectral_analysis
KmiDi_CANON/brain/music_brain/audio/analyzer.py	169	def	_safe_correlation
KmiDi_CANON/brain/music_brain/audio/analyzer.py	180	def	_confidence_from_correlations
KmiDi_CANON/brain/music_brain/audio/analyzer.py	193	def	_load_audio
KmiDi_CANON/brain/music_brain/audio/analyzer.py	206	def	extract_features
KmiDi_CANON/brain/music_brain/audio/framework_integrations.py	61	class	AudioBackend
KmiDi_CANON/brain/music_brain/audio/framework_integrations.py	72	class	AudioConfig
KmiDi_CANON/brain/music_brain/audio/framework_integrations.py	82	class	EffectPreset
KmiDi_CANON/brain/music_brain/audio/framework_integrations.py	136	class	AudioProcessor
KmiDi_CANON/brain/music_brain/audio/framework_integrations.py	140	def	process
KmiDi_CANON/brain/music_brain/audio/framework_integrations.py	145	def	get_latency_samples
KmiDi_CANON/brain/music_brain/audio/framework_integrations.py	150	class	PedalboardProcessor
KmiDi_CANON/brain/music_brain/audio/framework_integrations.py	164	def	__init__
KmiDi_CANON/brain/music_brain/audio/framework_integrations.py	172	def	add_effect
KmiDi_CANON/brain/music_brain/audio/framework_integrations.py	188	def	_create_effect
KmiDi_CANON/brain/music_brain/audio/framework_integrations.py	238	def	load_vst
KmiDi_CANON/brain/music_brain/audio/framework_integrations.py	259	def	apply_preset
KmiDi_CANON/brain/music_brain/audio/framework_integrations.py	266	def	clear
KmiDi_CANON/brain/music_brain/audio/framework_integrations.py	271	def	process
KmiDi_CANON/brain/music_brain/audio/framework_integrations.py	283	def	process_file
KmiDi_CANON/brain/music_brain/audio/framework_integrations.py	294	def	get_latency_samples
KmiDi_CANON/brain/music_brain/audio/framework_integrations.py	300	class	DawDreamerProcessor
KmiDi_CANON/brain/music_brain/audio/framework_integrations.py	314	def	__init__
KmiDi_CANON/brain/music_brain/audio/framework_integrations.py	326	def	add_plugin
KmiDi_CANON/brain/music_brain/audio/framework_integrations.py	345	def	add_faust
KmiDi_CANON/brain/music_brain/audio/framework_integrations.py	365	def	add_playback
KmiDi_CANON/brain/music_brain/audio/framework_integrations.py	384	def	set_midi
KmiDi_CANON/brain/music_brain/audio/framework_integrations.py	404	def	build_graph
KmiDi_CANON/brain/music_brain/audio/framework_integrations.py	420	def	render
KmiDi_CANON/brain/music_brain/audio/framework_integrations.py	436	def	process
KmiDi_CANON/brain/music_brain/audio/framework_integrations.py	443	def	get_latency_samples
KmiDi_CANON/brain/music_brain/audio/framework_integrations.py	448	class	JackAudioClient
KmiDi_CANON/brain/music_brain/audio/framework_integrations.py	462	def	__init__
KmiDi_CANON/brain/music_brain/audio/framework_integrations.py	473	def	start
KmiDi_CANON/brain/music_brain/audio/framework_integrations.py	490	def	process
KmiDi_CANON/brain/music_brain/audio/framework_integrations.py	513	def	stop
KmiDi_CANON/brain/music_brain/audio/framework_integrations.py	520	def	set_process_callback
KmiDi_CANON/brain/music_brain/audio/framework_integrations.py	529	def	connect_to
KmiDi_CANON/brain/music_brain/audio/framework_integrations.py	538	def	connect_from
KmiDi_CANON/brain/music_brain/audio/framework_integrations.py	548	def	sample_rate
KmiDi_CANON/brain/music_brain/audio/framework_integrations.py	553	def	buffer_size
KmiDi_CANON/brain/music_brain/audio/framework_integrations.py	558	class	WebAudioBridge
KmiDi_CANON/brain/music_brain/audio/framework_integrations.py	572	def	__init__
KmiDi_CANON/brain/music_brain/audio/framework_integrations.py	579	def	start_server
KmiDi_CANON/brain/music_brain/audio/framework_integrations.py	585	async_def	handler
KmiDi_CANON/brain/music_brain/audio/framework_integrations.py	593	async_def	serve
KmiDi_CANON/brain/music_brain/audio/framework_integrations.py	603	async_def	_handle_message
KmiDi_CANON/brain/music_brain/audio/framework_integrations.py	619	async_def	send_audio
KmiDi_CANON/brain/music_brain/audio/framework_integrations.py	637	async_def	send_command
KmiDi_CANON/brain/music_brain/audio/framework_integrations.py	649	class	UnifiedAudioProcessor
KmiDi_CANON/brain/music_brain/audio/framework_integrations.py	668	def	__init__
KmiDi_CANON/brain/music_brain/audio/framework_integrations.py	680	def	_detect_best_backend
KmiDi_CANON/brain/music_brain/audio/framework_integrations.py	691	def	_create_processor
KmiDi_CANON/brain/music_brain/audio/framework_integrations.py	700	def	add_effect
KmiDi_CANON/brain/music_brain/audio/framework_integrations.py	709	def	apply_preset
KmiDi_CANON/brain/music_brain/audio/framework_integrations.py	716	def	process
KmiDi_CANON/brain/music_brain/audio/framework_integrations.py	720	def	process_file
KmiDi_CANON/brain/music_brain/audio/framework_integrations.py	729	def	get_backend_info
KmiDi_CANON/brain/music_brain/audio/framework_integrations.py	744	class	NativeProcessor
KmiDi_CANON/brain/music_brain/audio/framework_integrations.py	752	def	__init__
KmiDi_CANON/brain/music_brain/audio/framework_integrations.py	756	def	add_effect
KmiDi_CANON/brain/music_brain/audio/framework_integrations.py	763	def	_create_native_effect
KmiDi_CANON/brain/music_brain/audio/framework_integrations.py	780	def	_simple_highpass
KmiDi_CANON/brain/music_brain/audio/framework_integrations.py	788	def	_simple_lowpass
KmiDi_CANON/brain/music_brain/audio/framework_integrations.py	796	def	process
KmiDi_CANON/brain/music_brain/audio/framework_integrations.py	802	def	get_latency_samples
KmiDi_CANON/brain/music_brain/audio/framework_integrations.py	807	def	create_voice_effects_chain
KmiDi_CANON/brain/music_brain/audio/framework_integrations.py	832	def	get_available_frameworks
KmiDi_CANON/brain/music_brain/audio/chord_detection.py	16	class	DetectedChord
KmiDi_CANON/brain/music_brain/audio/chord_detection.py	22	class	ChordDetector
KmiDi_CANON/brain/music_brain/audio/chord_detection.py	27	def	__init__
KmiDi_CANON/brain/music_brain/audio/chord_detection.py	30	def	detect_chords
KmiDi_CANON/brain/music_brain/audio/chord_detection.py	53	def	_build_chord
KmiDi_CANON/brain/music_brain/audio/chord_detection.py	58	def	summarize_progression
KmiDi_CANON/brain/music_brain/audio/feel.py	30	class	AudioFeatures
KmiDi_CANON/brain/music_brain/audio/feel.py	59	def	to_dict
KmiDi_CANON/brain/music_brain/audio/feel.py	80	def	analyze_feel
KmiDi_CANON/brain/music_brain/audio/feel.py	163	def	_estimate_tempo_confidence
KmiDi_CANON/brain/music_brain/audio/feel.py	193	def	_estimate_swing
KmiDi_CANON/brain/music_brain/audio/feel.py	234	def	_estimate_groove_regularity
KmiDi_CANON/brain/music_brain/audio/feel.py	265	def	compare_feel
KmiDi_CANON/brain/music_brain/audio/theory_analyzer.py	153	class	ScaleDetection
KmiDi_CANON/brain/music_brain/audio/theory_analyzer.py	166	def	full_name
KmiDi_CANON/brain/music_brain/audio/theory_analyzer.py	169	def	to_dict
KmiDi_CANON/brain/music_brain/audio/theory_analyzer.py	182	class	TriadDetection
KmiDi_CANON/brain/music_brain/audio/theory_analyzer.py	194	def	full_name
KmiDi_CANON/brain/music_brain/audio/theory_analyzer.py	198	def	to_dict
KmiDi_CANON/brain/music_brain/audio/theory_analyzer.py	210	class	ArpeggioDetection
KmiDi_CANON/brain/music_brain/audio/theory_analyzer.py	219	def	to_dict
KmiDi_CANON/brain/music_brain/audio/theory_analyzer.py	230	class	IntervalAnalysis
KmiDi_CANON/brain/music_brain/audio/theory_analyzer.py	238	def	to_dict
KmiDi_CANON/brain/music_brain/audio/theory_analyzer.py	248	class	TheoryAnalysis
KmiDi_CANON/brain/music_brain/audio/theory_analyzer.py	269	def	to_dict
KmiDi_CANON/brain/music_brain/audio/theory_analyzer.py	286	def	midi_to_pitch_class
KmiDi_CANON/brain/music_brain/audio/theory_analyzer.py	291	def	pitch_class_to_note_name
KmiDi_CANON/brain/music_brain/audio/theory_analyzer.py	298	def	get_pitch_class_set
KmiDi_CANON/brain/music_brain/audio/theory_analyzer.py	303	def	rotate_scale
KmiDi_CANON/brain/music_brain/audio/theory_analyzer.py	318	def	calculate_scale_match
KmiDi_CANON/brain/music_brain/audio/theory_analyzer.py	337	def	is_consonant_interval
KmiDi_CANON/brain/music_brain/audio/theory_analyzer.py	343	def	detect_melodic_contour
KmiDi_CANON/brain/music_brain/audio/theory_analyzer.py	397	class	TheoryAnalyzer
KmiDi_CANON/brain/music_brain/audio/theory_analyzer.py	405	def	__init__
KmiDi_CANON/brain/music_brain/audio/theory_analyzer.py	411	def	analyze_notes
KmiDi_CANON/brain/music_brain/audio/theory_analyzer.py	477	def	detect_scales
KmiDi_CANON/brain/music_brain/audio/theory_analyzer.py	524	def	detect_triads_in_sequence
KmiDi_CANON/brain/music_brain/audio/theory_analyzer.py	551	def	detect_seventh_chords_in_sequence
KmiDi_CANON/brain/music_brain/audio/theory_analyzer.py	571	def	_identify_triad
KmiDi_CANON/brain/music_brain/audio/theory_analyzer.py	630	def	_identify_seventh_chord
KmiDi_CANON/brain/music_brain/audio/theory_analyzer.py	665	def	detect_arpeggios
KmiDi_CANON/brain/music_brain/audio/theory_analyzer.py	699	def	_identify_arpeggio
KmiDi_CANON/brain/music_brain/audio/theory_analyzer.py	759	def	analyze_intervals
KmiDi_CANON/brain/music_brain/audio/theory_analyzer.py	809	def	_calculate_complexity
KmiDi_CANON/brain/music_brain/audio/theory_analyzer.py	839	def	analyze_audio
KmiDi_CANON/brain/music_brain/audio/theory_analyzer.py	899	def	detect_scale
KmiDi_CANON/brain/music_brain/audio/theory_analyzer.py	915	def	detect_mode
KmiDi_CANON/brain/music_brain/audio/theory_analyzer.py	931	def	analyze_harmony
KmiDi_CANON/brain/music_brain/voice/modulator.py	24	class	ModulationSettings
KmiDi_CANON/brain/music_brain/voice/modulator.py	33	def	get_modulation_preset
KmiDi_CANON/brain/music_brain/voice/modulator.py	40	class	VoiceModulator
KmiDi_CANON/brain/music_brain/voice/modulator.py	43	def	__init__
KmiDi_CANON/brain/music_brain/voice/modulator.py	46	def	process_file
KmiDi_CANON/brain/music_brain/voice/modulator.py	56	def	process_array
KmiDi_CANON/brain/music_brain/voice/modulator.py	78	def	_low_pass
KmiDi_CANON/brain/music_brain/voice/modulator.py	84	def	_band_limit
KmiDi_CANON/brain/music_brain/voice/modulator.py	91	def	_bitcrush
KmiDi_CANON/brain/music_brain/voice/auto_tune.py	31	def	note_name_to_midi
KmiDi_CANON/brain/music_brain/voice/auto_tune.py	35	def	build_scale
KmiDi_CANON/brain/music_brain/voice/auto_tune.py	42	class	AutoTuneSettings
KmiDi_CANON/brain/music_brain/voice/auto_tune.py	49	def	get_auto_tune_preset
KmiDi_CANON/brain/music_brain/voice/auto_tune.py	56	class	AutoTuneProcessor
KmiDi_CANON/brain/music_brain/voice/auto_tune.py	59	def	__init__
KmiDi_CANON/brain/music_brain/voice/auto_tune.py	63	def	process_file
KmiDi_CANON/brain/music_brain/voice/auto_tune.py	79	def	process_array
KmiDi_CANON/brain/music_brain/voice/auto_tune.py	106	def	_detect_key
KmiDi_CANON/brain/music_brain/voice/auto_tune.py	110	def	_quantize_diff
KmiDi_CANON/brain/music_brain/voice/cpp_bridge.py	32	class	OSCAddresses
KmiDi_CANON/brain/music_brain/voice/cpp_bridge.py	53	class	CppBridgeConfig
KmiDi_CANON/brain/music_brain/voice/cpp_bridge.py	62	class	VoiceCppBridge
KmiDi_CANON/brain/music_brain/voice/cpp_bridge.py	94	def	__init__
KmiDi_CANON/brain/music_brain/voice/cpp_bridge.py	118	def	connect
KmiDi_CANON/brain/music_brain/voice/cpp_bridge.py	157	def	disconnect
KmiDi_CANON/brain/music_brain/voice/cpp_bridge.py	171	def	load_voice_model
KmiDi_CANON/brain/music_brain/voice/cpp_bridge.py	200	def	speak_text
KmiDi_CANON/brain/music_brain/voice/cpp_bridge.py	221	def	set_vowel
KmiDi_CANON/brain/music_brain/voice/cpp_bridge.py	237	def	set_pitch
KmiDi_CANON/brain/music_brain/voice/cpp_bridge.py	244	def	note_on
KmiDi_CANON/brain/music_brain/voice/cpp_bridge.py	257	def	note_off
KmiDi_CANON/brain/music_brain/voice/cpp_bridge.py	264	def	set_formant_shift
KmiDi_CANON/brain/music_brain/voice/cpp_bridge.py	278	def	set_breathiness
KmiDi_CANON/brain/music_brain/voice/cpp_bridge.py	290	def	set_vibrato
KmiDi_CANON/brain/music_brain/voice/cpp_bridge.py	303	def	on_status
KmiDi_CANON/brain/music_brain/voice/cpp_bridge.py	307	def	on_phoneme_complete
KmiDi_CANON/brain/music_brain/voice/cpp_bridge.py	311	def	on_error
KmiDi_CANON/brain/music_brain/voice/cpp_bridge.py	316	def	_send_phoneme
KmiDi_CANON/brain/music_brain/voice/cpp_bridge.py	341	def	_voice_model_to_json
KmiDi_CANON/brain/music_brain/voice/cpp_bridge.py	389	def	_handle_status
KmiDi_CANON/brain/music_brain/voice/cpp_bridge.py	394	def	_handle_phoneme_complete
KmiDi_CANON/brain/music_brain/voice/cpp_bridge.py	399	def	_handle_error
KmiDi_CANON/brain/music_brain/voice/cpp_bridge.py	405	class	VoiceSynthesisPipeline
KmiDi_CANON/brain/music_brain/voice/cpp_bridge.py	430	def	__init__
KmiDi_CANON/brain/music_brain/voice/cpp_bridge.py	444	def	train_voice
KmiDi_CANON/brain/music_brain/voice/cpp_bridge.py	465	def	train_voice_batch
KmiDi_CANON/brain/music_brain/voice/cpp_bridge.py	478	def	connect_cpp
KmiDi_CANON/brain/music_brain/voice/cpp_bridge.py	495	def	disconnect_cpp
KmiDi_CANON/brain/music_brain/voice/cpp_bridge.py	499	def	select_voice
KmiDi_CANON/brain/music_brain/voice/cpp_bridge.py	521	def	speak
KmiDi_CANON/brain/music_brain/voice/cpp_bridge.py	535	def	play_vowel_sequence
KmiDi_CANON/brain/music_brain/voice/cpp_bridge.py	570	def	real_time_control
KmiDi_CANON/brain/music_brain/voice/cpp_bridge.py	577	def	list_voices
KmiDi_CANON/brain/music_brain/voice/cpp_bridge.py	581	def	get_voice_info
KmiDi_CANON/brain/music_brain/voice/cpp_bridge.py	585	def	blend_voices
KmiDi_CANON/brain/music_brain/voice/cpp_bridge.py	602	class	RealTimeVoiceController
KmiDi_CANON/brain/music_brain/voice/cpp_bridge.py	622	def	__init__
KmiDi_CANON/brain/music_brain/voice/cpp_bridge.py	627	def	set_vowel
KmiDi_CANON/brain/music_brain/voice/cpp_bridge.py	639	def	set_pitch
KmiDi_CANON/brain/music_brain/voice/cpp_bridge.py	644	def	set_midi_note
KmiDi_CANON/brain/music_brain/voice/cpp_bridge.py	649	def	trigger
KmiDi_CANON/brain/music_brain/voice/cpp_bridge.py	654	def	release
KmiDi_CANON/brain/music_brain/voice/cpp_bridge.py	659	def	set_formant_shift
KmiDi_CANON/brain/music_brain/voice/cpp_bridge.py	663	def	set_breathiness
KmiDi_CANON/brain/music_brain/voice/cpp_bridge.py	667	def	set_vibrato
KmiDi_CANON/brain/music_brain/voice/cpp_bridge.py	671	def	xy_control
KmiDi_CANON/brain/music_brain/voice/cpp_bridge.py	693	def	create_voice_pipeline
KmiDi_CANON/brain/music_brain/voice/cpp_bridge.py	698	def	quick_speak
KmiDi_CANON/brain/music_brain/voice/macos_speech.py	36	class	MacOSVoice
KmiDi_CANON/brain/music_brain/voice/macos_speech.py	55	class	SpeechConfig
KmiDi_CANON/brain/music_brain/voice/macos_speech.py	64	class	MacOSSpeechSynthesizer
KmiDi_CANON/brain/music_brain/voice/macos_speech.py	92	def	__init__
KmiDi_CANON/brain/music_brain/voice/macos_speech.py	103	def	_init_native
KmiDi_CANON/brain/music_brain/voice/macos_speech.py	120	def	speak
KmiDi_CANON/brain/music_brain/voice/macos_speech.py	133	def	_speak_native
KmiDi_CANON/brain/music_brain/voice/macos_speech.py	143	def	_speak_say_command
KmiDi_CANON/brain/music_brain/voice/macos_speech.py	162	def	speak_to_file
KmiDi_CANON/brain/music_brain/voice/macos_speech.py	178	def	_speak_to_file_native
KmiDi_CANON/brain/music_brain/voice/macos_speech.py	195	def	_speak_to_file_say
KmiDi_CANON/brain/music_brain/voice/macos_speech.py	215	def	set_voice
KmiDi_CANON/brain/music_brain/voice/macos_speech.py	221	def	set_voice_by_name
KmiDi_CANON/brain/music_brain/voice/macos_speech.py	233	def	set_rate
KmiDi_CANON/brain/music_brain/voice/macos_speech.py	239	def	set_volume
KmiDi_CANON/brain/music_brain/voice/macos_speech.py	245	def	stop
KmiDi_CANON/brain/music_brain/voice/macos_speech.py	250	def	is_speaking
KmiDi_CANON/brain/music_brain/voice/macos_speech.py	256	def	list_voices
KmiDi_CANON/brain/music_brain/voice/macos_speech.py	268	def	_list_voices_native
KmiDi_CANON/brain/music_brain/voice/macos_speech.py	289	def	_list_voices_say
KmiDi_CANON/brain/music_brain/voice/macos_speech.py	318	class	MacOSVoiceCloner
KmiDi_CANON/brain/music_brain/voice/macos_speech.py	326	def	__init__
KmiDi_CANON/brain/music_brain/voice/macos_speech.py	329	def	generate_training_samples
KmiDi_CANON/brain/music_brain/voice/macos_speech.py	362	def	_get_default_training_texts
KmiDi_CANON/brain/music_brain/voice/macos_speech.py	395	def	convert_to_wav
KmiDi_CANON/brain/music_brain/voice/macos_speech.py	426	def	create_macos_voice_backend
KmiDi_CANON/brain/music_brain/voice/macos_speech.py	441	def	hybrid_speak
KmiDi_CANON/brain/music_brain/voice/macos_speech.py	460	def	say
KmiDi_CANON/brain/music_brain/voice/macos_speech.py	478	def	list_macos_voices
KmiDi_CANON/brain/music_brain/voice/macos_speech.py	485	def	generate_voice_samples
KmiDi_CANON/brain/music_brain/voice/synthesizer.py	22	class	SynthConfig
KmiDi_CANON/brain/music_brain/voice/synthesizer.py	28	def	get_voice_profile
KmiDi_CANON/brain/music_brain/voice/synthesizer.py	35	class	VoiceSynthesizer
KmiDi_CANON/brain/music_brain/voice/synthesizer.py	38	def	__init__
KmiDi_CANON/brain/music_brain/voice/synthesizer.py	41	def	synthesize_guide
KmiDi_CANON/brain/music_brain/voice/synthesizer.py	58	def	_lyrics_to_phonemes
KmiDi_CANON/brain/music_brain/voice/synthesizer.py	62	def	_estimate_durations
KmiDi_CANON/brain/music_brain/voice/synthesizer.py	66	def	_render
KmiDi_CANON/brain/music_brain/voice/synthesizer.py	87	def	_envelope
KmiDi_CANON/brain/music_brain/voice/synthesizer.py	96	def	_phoneme_color
KmiDi_CANON/brain/music_brain/voice/synthesizer.py	104	def	_low_pass
KmiDi_CANON/brain/music_brain/voice/synthesizer.py	110	def	speak_text
KmiDi_CANON/brain/music_brain/voice/synthesizer.py	142	def	_derive_monotone_pitches
KmiDi_CANON/brain/music_brain/voice/neural_voice.py	63	class	NeuralVoiceBackend
KmiDi_CANON/brain/music_brain/voice/neural_voice.py	73	class	NeuralVoiceConfig
KmiDi_CANON/brain/music_brain/voice/neural_voice.py	95	class	NeuralVoiceSynthesizer
KmiDi_CANON/brain/music_brain/voice/neural_voice.py	99	def	synthesize
KmiDi_CANON/brain/music_brain/voice/neural_voice.py	104	def	clone_voice
KmiDi_CANON/brain/music_brain/voice/neural_voice.py	109	def	get_sample_rate
KmiDi_CANON/brain/music_brain/voice/neural_voice.py	114	class	CoquiVoiceSynthesizer
KmiDi_CANON/brain/music_brain/voice/neural_voice.py	124	def	__init__
KmiDi_CANON/brain/music_brain/voice/neural_voice.py	148	def	synthesize
KmiDi_CANON/brain/music_brain/voice/neural_voice.py	186	def	clone_voice
KmiDi_CANON/brain/music_brain/voice/neural_voice.py	203	def	get_sample_rate
KmiDi_CANON/brain/music_brain/voice/neural_voice.py	206	def	list_models
KmiDi_CANON/brain/music_brain/voice/neural_voice.py	210	def	list_languages
KmiDi_CANON/brain/music_brain/voice/neural_voice.py	217	class	BarkVoiceSynthesizer
KmiDi_CANON/brain/music_brain/voice/neural_voice.py	228	def	__init__
KmiDi_CANON/brain/music_brain/voice/neural_voice.py	243	def	synthesize
KmiDi_CANON/brain/music_brain/voice/neural_voice.py	264	def	clone_voice
KmiDi_CANON/brain/music_brain/voice/neural_voice.py	273	def	set_speaker_preset
KmiDi_CANON/brain/music_brain/voice/neural_voice.py	282	def	get_sample_rate
KmiDi_CANON/brain/music_brain/voice/neural_voice.py	286	def	list_presets
KmiDi_CANON/brain/music_brain/voice/neural_voice.py	296	class	OpenVoiceSynthesizer
KmiDi_CANON/brain/music_brain/voice/neural_voice.py	311	def	__init__
KmiDi_CANON/brain/music_brain/voice/neural_voice.py	334	def	_initialize
KmiDi_CANON/brain/music_brain/voice/neural_voice.py	342	def	synthesize
KmiDi_CANON/brain/music_brain/voice/neural_voice.py	362	def	clone_voice
KmiDi_CANON/brain/music_brain/voice/neural_voice.py	389	def	get_sample_rate
KmiDi_CANON/brain/music_brain/voice/neural_voice.py	393	class	UnifiedNeuralVoice
KmiDi_CANON/brain/music_brain/voice/neural_voice.py	413	def	__init__
KmiDi_CANON/brain/music_brain/voice/neural_voice.py	423	def	_select_best_backend
KmiDi_CANON/brain/music_brain/voice/neural_voice.py	442	def	_create_backend
KmiDi_CANON/brain/music_brain/voice/neural_voice.py	453	def	synthesize
KmiDi_CANON/brain/music_brain/voice/neural_voice.py	465	def	clone_voice
KmiDi_CANON/brain/music_brain/voice/neural_voice.py	477	def	get_sample_rate
KmiDi_CANON/brain/music_brain/voice/neural_voice.py	481	def	save_audio
KmiDi_CANON/brain/music_brain/voice/neural_voice.py	494	def	synthesize_to_file
KmiDi_CANON/brain/music_brain/voice/neural_voice.py	507	class	DAiWNeuralVoiceIntegration
KmiDi_CANON/brain/music_brain/voice/neural_voice.py	526	def	__init__
KmiDi_CANON/brain/music_brain/voice/neural_voice.py	537	def	initialize_neural
KmiDi_CANON/brain/music_brain/voice/neural_voice.py	542	def	clone_voice_neural
KmiDi_CANON/brain/music_brain/voice/neural_voice.py	548	def	synthesize_neural
KmiDi_CANON/brain/music_brain/voice/neural_voice.py	554	def	learn_from_neural
KmiDi_CANON/brain/music_brain/voice/neural_voice.py	588	def	get_parrot_synthesizer
KmiDi_CANON/brain/music_brain/voice/neural_voice.py	594	def	quick_neural_speak
KmiDi_CANON/brain/music_brain/voice/neural_voice.py	614	def	quick_voice_clone
KmiDi_CANON/brain/music_brain/voice/neural_voice.py	636	def	get_available_backends
KmiDi_CANON/brain/music_brain/groove/extractor.py	31	class	NoteEvent
KmiDi_CANON/brain/music_brain/groove/extractor.py	46	class	GrooveTemplate
KmiDi_CANON/brain/music_brain/groove/extractor.py	73	def	to_dict
KmiDi_CANON/brain/music_brain/groove/extractor.py	89	def	from_dict
KmiDi_CANON/brain/music_brain/groove/extractor.py	104	def	save
KmiDi_CANON/brain/music_brain/groove/extractor.py	110	def	load
KmiDi_CANON/brain/music_brain/groove/extractor.py	116	def	extract_groove
KmiDi_CANON/brain/music_brain/groove/extractor.py	261	def	_calculate_swing
KmiDi_CANON/brain/music_brain/groove/extractor.py	311	def	load_groove
KmiDi_CANON/brain/music_brain/groove/templates.py	174	def	get_genre_template
KmiDi_CANON/brain/music_brain/groove/templates.py	212	def	list_genres
KmiDi_CANON/brain/music_brain/groove/templates.py	217	def	get_genre_info
KmiDi_CANON/brain/music_brain/groove/groove_engine.py	79	class	GrooveSettings
KmiDi_CANON/brain/music_brain/groove/groove_engine.py	104	def	to_dict
KmiDi_CANON/brain/music_brain/groove/groove_engine.py	121	def	from_dict
KmiDi_CANON/brain/music_brain/groove/groove_engine.py	142	def	_get_drum_category
KmiDi_CANON/brain/music_brain/groove/groove_engine.py	158	def	_get_timing_multiplier
KmiDi_CANON/brain/music_brain/groove/groove_engine.py	174	def	_get_dropout_protection
KmiDi_CANON/brain/music_brain/groove/groove_engine.py	184	def	_vulnerability_to_velocity_params
KmiDi_CANON/brain/music_brain/groove/groove_engine.py	215	def	apply_groove
KmiDi_CANON/brain/music_brain/groove/groove_engine.py	370	def	humanize_drums
KmiDi_CANON/brain/music_brain/groove/groove_engine.py	397	def	humanize_midi_file
KmiDi_CANON/brain/music_brain/groove/groove_engine.py	546	def	settings_from_intent
KmiDi_CANON/brain/music_brain/groove/groove_engine.py	616	def	quick_humanize
KmiDi_CANON/brain/music_brain/groove/groove_engine.py	653	def	load_presets
KmiDi_CANON/brain/music_brain/groove/groove_engine.py	675	def	list_presets
KmiDi_CANON/brain/music_brain/groove/groove_engine.py	689	def	get_preset
KmiDi_CANON/brain/music_brain/groove/groove_engine.py	704	def	settings_from_preset
KmiDi_CANON/brain/music_brain/groove/applicator.py	22	def	apply_groove
KmiDi_CANON/brain/music_brain/groove/applicator.py	126	def	humanize
KmiDi_CANON/brain/music_brain/text/lyrical_mirror.py	22	def	_load_corpus
KmiDi_CANON/brain/music_brain/text/lyrical_mirror.py	44	def	simple_cutup
KmiDi_CANON/brain/music_brain/text/lyrical_mirror.py	82	def	_clean_sentence
KmiDi_CANON/brain/music_brain/text/lyrical_mirror.py	109	def	generate_lyrical_fragments
KmiDi_CANON/brain/music_brain/text/lyrical_mirror.py	190	def	mirror_session
KmiDi_CANON/brain/music_brain/text/lyrical_mirror.py	236	def	save_fragments
KmiDi_CANON/brain/music_brain/effects/effects.py	28	class	DistortionEffect
KmiDi_CANON/brain/music_brain/effects/effects.py	33	def	__init__
KmiDi_CANON/brain/music_brain/effects/effects.py	37	def	_init_parameters
KmiDi_CANON/brain/music_brain/effects/effects.py	46	def	set_circuit
KmiDi_CANON/brain/music_brain/effects/effects.py	49	def	process
KmiDi_CANON/brain/music_brain/effects/effects.py	123	class	OverdriveEffect
KmiDi_CANON/brain/music_brain/effects/effects.py	128	def	__init__
KmiDi_CANON/brain/music_brain/effects/effects.py	132	def	_init_parameters
KmiDi_CANON/brain/music_brain/effects/effects.py	140	def	process
KmiDi_CANON/brain/music_brain/effects/effects.py	167	class	FuzzEffect
KmiDi_CANON/brain/music_brain/effects/effects.py	172	def	__init__
KmiDi_CANON/brain/music_brain/effects/effects.py	176	def	_init_parameters
KmiDi_CANON/brain/music_brain/effects/effects.py	185	def	process
KmiDi_CANON/brain/music_brain/effects/effects.py	223	class	ChorusEffect
KmiDi_CANON/brain/music_brain/effects/effects.py	228	def	__init__
KmiDi_CANON/brain/music_brain/effects/effects.py	232	def	_init_parameters
KmiDi_CANON/brain/music_brain/effects/effects.py	243	def	process
KmiDi_CANON/brain/music_brain/effects/effects.py	270	class	FlangerEffect
KmiDi_CANON/brain/music_brain/effects/effects.py	275	def	__init__
KmiDi_CANON/brain/music_brain/effects/effects.py	279	def	_init_parameters
KmiDi_CANON/brain/music_brain/effects/effects.py	288	def	process
KmiDi_CANON/brain/music_brain/effects/effects.py	315	class	PhaserEffect
KmiDi_CANON/brain/music_brain/effects/effects.py	320	def	__init__
KmiDi_CANON/brain/music_brain/effects/effects.py	324	def	_init_parameters
KmiDi_CANON/brain/music_brain/effects/effects.py	333	def	process
KmiDi_CANON/brain/music_brain/effects/effects.py	360	class	TremoloEffect
KmiDi_CANON/brain/music_brain/effects/effects.py	365	def	__init__
KmiDi_CANON/brain/music_brain/effects/effects.py	369	def	_init_parameters
KmiDi_CANON/brain/music_brain/effects/effects.py	377	def	process
KmiDi_CANON/brain/music_brain/effects/effects.py	410	class	VibratoEffect
KmiDi_CANON/brain/music_brain/effects/effects.py	415	def	__init__
KmiDi_CANON/brain/music_brain/effects/effects.py	418	def	_init_parameters
KmiDi_CANON/brain/music_brain/effects/effects.py	424	def	process
KmiDi_CANON/brain/music_brain/effects/effects.py	430	class	RotaryEffect
KmiDi_CANON/brain/music_brain/effects/effects.py	435	def	__init__
KmiDi_CANON/brain/music_brain/effects/effects.py	438	def	_init_parameters
KmiDi_CANON/brain/music_brain/effects/effects.py	448	def	process
KmiDi_CANON/brain/music_brain/effects/effects.py	454	class	RingModEffect
KmiDi_CANON/brain/music_brain/effects/effects.py	459	def	__init__
KmiDi_CANON/brain/music_brain/effects/effects.py	462	def	_init_parameters
KmiDi_CANON/brain/music_brain/effects/effects.py	469	def	process
KmiDi_CANON/brain/music_brain/effects/effects.py	494	class	UnivibeEffect
KmiDi_CANON/brain/music_brain/effects/effects.py	499	def	__init__
KmiDi_CANON/brain/music_brain/effects/effects.py	502	def	_init_parameters
KmiDi_CANON/brain/music_brain/effects/effects.py	509	def	process
KmiDi_CANON/brain/music_brain/effects/effects.py	519	class	DelayEffect
KmiDi_CANON/brain/music_brain/effects/effects.py	524	def	__init__
KmiDi_CANON/brain/music_brain/effects/effects.py	530	def	_init_parameters
KmiDi_CANON/brain/music_brain/effects/effects.py	544	def	set_type
KmiDi_CANON/brain/music_brain/effects/effects.py	547	def	process
KmiDi_CANON/brain/music_brain/effects/effects.py	585	class	ReverbEffect
KmiDi_CANON/brain/music_brain/effects/effects.py	590	def	__init__
KmiDi_CANON/brain/music_brain/effects/effects.py	594	def	_init_parameters
KmiDi_CANON/brain/music_brain/effects/effects.py	609	def	set_type
KmiDi_CANON/brain/music_brain/effects/effects.py	612	def	process
KmiDi_CANON/brain/music_brain/effects/effects.py	642	class	CompressorEffect
KmiDi_CANON/brain/music_brain/effects/effects.py	647	def	__init__
KmiDi_CANON/brain/music_brain/effects/effects.py	651	def	_init_parameters
KmiDi_CANON/brain/music_brain/effects/effects.py	663	def	process
KmiDi_CANON/brain/music_brain/effects/effects.py	709	class	NoiseGateEffect
KmiDi_CANON/brain/music_brain/effects/effects.py	714	def	__init__
KmiDi_CANON/brain/music_brain/effects/effects.py	717	def	_init_parameters
KmiDi_CANON/brain/music_brain/effects/effects.py	727	def	process
KmiDi_CANON/brain/music_brain/effects/effects.py	762	class	EQEffect
KmiDi_CANON/brain/music_brain/effects/effects.py	767	def	__init__
KmiDi_CANON/brain/music_brain/effects/effects.py	770	def	_init_parameters
KmiDi_CANON/brain/music_brain/effects/effects.py	786	def	process
KmiDi_CANON/brain/music_brain/effects/effects.py	792	class	WahEffect
KmiDi_CANON/brain/music_brain/effects/effects.py	797	def	__init__
KmiDi_CANON/brain/music_brain/effects/effects.py	801	def	_init_parameters
KmiDi_CANON/brain/music_brain/effects/effects.py	812	def	process
KmiDi_CANON/brain/music_brain/effects/effects.py	833	class	FilterEffect
KmiDi_CANON/brain/music_brain/effects/effects.py	838	def	__init__
KmiDi_CANON/brain/music_brain/effects/effects.py	842	def	_init_parameters
KmiDi_CANON/brain/music_brain/effects/effects.py	854	def	process
KmiDi_CANON/brain/music_brain/effects/effects.py	864	class	PitchShiftEffect
KmiDi_CANON/brain/music_brain/effects/effects.py	869	def	__init__
KmiDi_CANON/brain/music_brain/effects/effects.py	872	def	_init_parameters
KmiDi_CANON/brain/music_brain/effects/effects.py	881	def	process
KmiDi_CANON/brain/music_brain/effects/effects.py	887	class	HarmonizerEffect
KmiDi_CANON/brain/music_brain/effects/effects.py	892	def	__init__
KmiDi_CANON/brain/music_brain/effects/effects.py	895	def	_init_parameters
KmiDi_CANON/brain/music_brain/effects/effects.py	909	def	process
KmiDi_CANON/brain/music_brain/effects/effects.py	915	class	OctaverEffect
KmiDi_CANON/brain/music_brain/effects/effects.py	920	def	__init__
KmiDi_CANON/brain/music_brain/effects/effects.py	923	def	_init_parameters
KmiDi_CANON/brain/music_brain/effects/effects.py	933	def	process
KmiDi_CANON/brain/music_brain/effects/effects.py	943	class	AmpSimEffect
KmiDi_CANON/brain/music_brain/effects/effects.py	948	def	__init__
KmiDi_CANON/brain/music_brain/effects/effects.py	952	def	_init_parameters
KmiDi_CANON/brain/music_brain/effects/effects.py	964	def	set_model
KmiDi_CANON/brain/music_brain/effects/effects.py	967	def	process
KmiDi_CANON/brain/music_brain/effects/effects.py	991	class	CabinetSimEffect
KmiDi_CANON/brain/music_brain/effects/effects.py	996	def	__init__
KmiDi_CANON/brain/music_brain/effects/effects.py	1000	def	_init_parameters
KmiDi_CANON/brain/music_brain/effects/effects.py	1009	def	set_cabinet
KmiDi_CANON/brain/music_brain/effects/effects.py	1012	def	process
KmiDi_CANON/brain/music_brain/effects/effects.py	1022	class	LooperEffect
KmiDi_CANON/brain/music_brain/effects/effects.py	1027	def	__init__
KmiDi_CANON/brain/music_brain/effects/effects.py	1034	def	_init_parameters
KmiDi_CANON/brain/music_brain/effects/effects.py	1043	def	process
KmiDi_CANON/brain/music_brain/effects/effects.py	1049	class	GranularEffect
KmiDi_CANON/brain/music_brain/effects/effects.py	1054	def	__init__
KmiDi_CANON/brain/music_brain/effects/effects.py	1057	def	_init_parameters
KmiDi_CANON/brain/music_brain/effects/effects.py	1069	def	process
KmiDi_CANON/brain/music_brain/effects/effects.py	1075	class	ShimmerEffect
KmiDi_CANON/brain/music_brain/effects/effects.py	1080	def	__init__
KmiDi_CANON/brain/music_brain/effects/effects.py	1083	def	_init_parameters
KmiDi_CANON/brain/music_brain/effects/effects.py	1092	def	process
KmiDi_CANON/brain/music_brain/effects/effects.py	1098	class	FreezeEffect
KmiDi_CANON/brain/music_brain/effects/effects.py	1103	def	__init__
KmiDi_CANON/brain/music_brain/effects/effects.py	1108	def	_init_parameters
KmiDi_CANON/brain/music_brain/effects/effects.py	1117	def	process
KmiDi_CANON/brain/music_brain/effects/effects.py	1123	class	SlicerEffect
KmiDi_CANON/brain/music_brain/effects/effects.py	1128	def	__init__
KmiDi_CANON/brain/music_brain/effects/effects.py	1131	def	_init_parameters
KmiDi_CANON/brain/music_brain/effects/effects.py	1140	def	process
KmiDi_CANON/brain/music_brain/effects/effects.py	1146	class	BitcrusherEffect
KmiDi_CANON/brain/music_brain/effects/effects.py	1151	def	__init__
KmiDi_CANON/brain/music_brain/effects/effects.py	1154	def	_init_parameters
KmiDi_CANON/brain/music_brain/effects/effects.py	1162	def	process
KmiDi_CANON/brain/music_brain/effects/guitar_fx.py	184	class	SignalPath
KmiDi_CANON/brain/music_brain/effects/guitar_fx.py	193	class	SignalRouter
KmiDi_CANON/brain/music_brain/effects/guitar_fx.py	198	def	__init__
KmiDi_CANON/brain/music_brain/effects/guitar_fx.py	204	def	add_path
KmiDi_CANON/brain/music_brain/effects/guitar_fx.py	210	def	remove_path
KmiDi_CANON/brain/music_brain/effects/guitar_fx.py	214	def	create_serial_chain
KmiDi_CANON/brain/music_brain/effects/guitar_fx.py	232	def	create_parallel_chain
KmiDi_CANON/brain/music_brain/effects/guitar_fx.py	243	def	to_dict
KmiDi_CANON/brain/music_brain/effects/guitar_fx.py	251	def	from_dict
KmiDi_CANON/brain/music_brain/effects/guitar_fx.py	263	class	ModulationRoute
KmiDi_CANON/brain/music_brain/effects/guitar_fx.py	272	class	ModulationMatrix
KmiDi_CANON/brain/music_brain/effects/guitar_fx.py	277	def	__init__
KmiDi_CANON/brain/music_brain/effects/guitar_fx.py	284	def	_create_default_sources
KmiDi_CANON/brain/music_brain/effects/guitar_fx.py	314	def	add_source
KmiDi_CANON/brain/music_brain/effects/guitar_fx.py	318	def	remove_source
KmiDi_CANON/brain/music_brain/effects/guitar_fx.py	324	def	add_route
KmiDi_CANON/brain/music_brain/effects/guitar_fx.py	341	def	remove_route
KmiDi_CANON/brain/music_brain/effects/guitar_fx.py	348	def	update_sources
KmiDi_CANON/brain/music_brain/effects/guitar_fx.py	353	def	get_modulation
KmiDi_CANON/brain/music_brain/effects/guitar_fx.py	364	def	to_dict
KmiDi_CANON/brain/music_brain/effects/guitar_fx.py	375	class	EffectChain
KmiDi_CANON/brain/music_brain/effects/guitar_fx.py	380	def	__init__
KmiDi_CANON/brain/music_brain/effects/guitar_fx.py	388	def	add_effect
KmiDi_CANON/brain/music_brain/effects/guitar_fx.py	397	def	remove_effect
KmiDi_CANON/brain/music_brain/effects/guitar_fx.py	403	def	move_effect
KmiDi_CANON/brain/music_brain/effects/guitar_fx.py	409	def	get_effect
KmiDi_CANON/brain/music_brain/effects/guitar_fx.py	413	def	set_param
KmiDi_CANON/brain/music_brain/effects/guitar_fx.py	418	def	process
KmiDi_CANON/brain/music_brain/effects/guitar_fx.py	448	def	to_dict
KmiDi_CANON/brain/music_brain/effects/guitar_fx.py	458	def	from_dict
KmiDi_CANON/brain/music_brain/effects/guitar_fx.py	480	class	EffectPreset
KmiDi_CANON/brain/music_brain/effects/guitar_fx.py	494	def	save
KmiDi_CANON/brain/music_brain/effects/guitar_fx.py	511	def	load
KmiDi_CANON/brain/music_brain/effects/guitar_fx.py	532	class	GuitarFXEngine
KmiDi_CANON/brain/music_brain/effects/guitar_fx.py	544	def	__init__
KmiDi_CANON/brain/music_brain/effects/guitar_fx.py	566	def	add_effect
KmiDi_CANON/brain/music_brain/effects/guitar_fx.py	575	def	remove_effect
KmiDi_CANON/brain/music_brain/effects/guitar_fx.py	579	def	get_effect
KmiDi_CANON/brain/music_brain/effects/guitar_fx.py	583	def	set_param
KmiDi_CANON/brain/music_brain/effects/guitar_fx.py	587	def	add_modulation
KmiDi_CANON/brain/music_brain/effects/guitar_fx.py	597	def	set_emotion
KmiDi_CANON/brain/music_brain/effects/guitar_fx.py	611	def	get_emotion_suggestions
KmiDi_CANON/brain/music_brain/effects/guitar_fx.py	618	def	apply_emotion_preset
KmiDi_CANON/brain/music_brain/effects/guitar_fx.py	645	def	process
KmiDi_CANON/brain/music_brain/effects/guitar_fx.py	667	def	save_preset
KmiDi_CANON/brain/music_brain/effects/guitar_fx.py	680	def	load_preset
KmiDi_CANON/brain/music_brain/effects/guitar_fx.py	692	def	get_state
KmiDi_CANON/brain/music_brain/effects/guitar_fx.py	706	def	list_effects
KmiDi_CANON/brain/music_brain/effects/guitar_fx.py	710	def	list_effects_by_category
KmiDi_CANON/brain/music_brain/effects/guitar_fx.py	714	def	get_effect_params
KmiDi_CANON/brain/music_brain/effects/guitar_fx.py	726	def	create_preset_from_emotion
KmiDi_CANON/brain/music_brain/effects/guitar_fx.py	747	def	get_effect_suggestions
KmiDi_CANON/brain/music_brain/effects/base.py	18	class	EffectCategory
KmiDi_CANON/brain/music_brain/effects/base.py	31	class	WaveShape
KmiDi_CANON/brain/music_brain/effects/base.py	46	class	FilterType
KmiDi_CANON/brain/music_brain/effects/base.py	60	class	DistortionType
KmiDi_CANON/brain/music_brain/effects/base.py	72	class	DelayType
KmiDi_CANON/brain/music_brain/effects/base.py	88	class	ReverbType
KmiDi_CANON/brain/music_brain/effects/base.py	107	class	AmpModel
KmiDi_CANON/brain/music_brain/effects/base.py	126	class	CabinetType
KmiDi_CANON/brain/music_brain/effects/base.py	146	class	Parameter
KmiDi_CANON/brain/music_brain/effects/base.py	172	def	get_normalized
KmiDi_CANON/brain/music_brain/effects/base.py	176	def	set_normalized
KmiDi_CANON/brain/music_brain/effects/base.py	180	def	apply_curve
KmiDi_CANON/brain/music_brain/effects/base.py	190	def	to_dict
KmiDi_CANON/brain/music_brain/effects/base.py	208	class	BaseEffect
KmiDi_CANON/brain/music_brain/effects/base.py	213	def	__init__
KmiDi_CANON/brain/music_brain/effects/base.py	229	def	_init_parameters
KmiDi_CANON/brain/music_brain/effects/base.py	234	def	process
KmiDi_CANON/brain/music_brain/effects/base.py	238	def	add_parameter
KmiDi_CANON/brain/music_brain/effects/base.py	262	def	get_param
KmiDi_CANON/brain/music_brain/effects/base.py	268	def	set_param
KmiDi_CANON/brain/music_brain/effects/base.py	274	def	set_param_normalized
KmiDi_CANON/brain/music_brain/effects/base.py	279	def	randomize
KmiDi_CANON/brain/music_brain/effects/base.py	293	def	to_dict
KmiDi_CANON/brain/music_brain/effects/base.py	305	def	from_dict
KmiDi_CANON/brain/music_brain/effects/base.py	323	class	ModulationSource
KmiDi_CANON/brain/music_brain/effects/base.py	326	def	__init__
KmiDi_CANON/brain/music_brain/effects/base.py	331	def	update
KmiDi_CANON/brain/music_brain/effects/base.py	337	class	LFOSource
KmiDi_CANON/brain/music_brain/effects/base.py	351	def	__init__
KmiDi_CANON/brain/music_brain/effects/base.py	358	def	update
KmiDi_CANON/brain/music_brain/effects/base.py	398	class	EnvelopeFollower
KmiDi_CANON/brain/music_brain/effects/base.py	408	def	__init__
KmiDi_CANON/brain/music_brain/effects/base.py	414	def	update
KmiDi_CANON/brain/music_brain/effects/base.py	430	class	StepSequencer
KmiDi_CANON/brain/music_brain/effects/base.py	445	def	__init__
KmiDi_CANON/brain/music_brain/effects/base.py	453	def	update
KmiDi_CANON/brain/music_brain/effects/base.py	479	def	_advance_step
KmiDi_CANON/brain/music_brain/effects/base.py	495	class	RandomSource
KmiDi_CANON/brain/music_brain/effects/base.py	506	def	__init__
KmiDi_CANON/brain/music_brain/effects/base.py	512	def	update
KmiDi_CANON/brain/music_brain/effects/base.py	531	class	ExpressionInput
KmiDi_CANON/brain/music_brain/effects/base.py	540	def	__init__
KmiDi_CANON/brain/music_brain/effects/base.py	546	def	update
KmiDi_CANON/brain/music_brain/effects/base.py	565	class	MIDISource
KmiDi_CANON/brain/music_brain/effects/base.py	575	def	__init__
KmiDi_CANON/brain/music_brain/effects/base.py	581	def	update
KmiDi_CANON/brain/music_brain/effects/base.py	595	class	EmotionSource
KmiDi_CANON/brain/music_brain/effects/base.py	620	def	__init__
KmiDi_CANON/brain/music_brain/effects/base.py	626	def	set_emotion
KmiDi_CANON/brain/music_brain/effects/base.py	632	def	update
KmiDi_CANON/brain/music_brain/daw/functions.py	18	class	TransportState
KmiDi_CANON/brain/music_brain/daw/functions.py	27	class	TrackType
KmiDi_CANON/brain/music_brain/daw/functions.py	37	class	QuantizeValue
KmiDi_CANON/brain/music_brain/daw/functions.py	58	class	Transport
KmiDi_CANON/brain/music_brain/daw/functions.py	67	def	play
KmiDi_CANON/brain/music_brain/daw/functions.py	71	def	stop
KmiDi_CANON/brain/music_brain/daw/functions.py	76	def	pause
KmiDi_CANON/brain/music_brain/daw/functions.py	80	def	record
KmiDi_CANON/brain/music_brain/daw/functions.py	84	def	set_loop
KmiDi_CANON/brain/music_brain/daw/functions.py	90	def	toggle_loop
KmiDi_CANON/brain/music_brain/daw/functions.py	94	def	go_to_position
KmiDi_CANON/brain/music_brain/daw/functions.py	104	class	Track
KmiDi_CANON/brain/music_brain/daw/functions.py	123	def	set_volume
KmiDi_CANON/brain/music_brain/daw/functions.py	127	def	set_pan
KmiDi_CANON/brain/music_brain/daw/functions.py	131	def	toggle_mute
KmiDi_CANON/brain/music_brain/daw/functions.py	135	def	toggle_solo
KmiDi_CANON/brain/music_brain/daw/functions.py	139	def	add_insert
KmiDi_CANON/brain/music_brain/daw/functions.py	146	def	remove_insert
KmiDi_CANON/brain/music_brain/daw/functions.py	151	def	set_send
KmiDi_CANON/brain/music_brain/daw/functions.py	161	class	MIDINote
KmiDi_CANON/brain/music_brain/daw/functions.py	169	def	transpose
KmiDi_CANON/brain/music_brain/daw/functions.py	173	def	set_velocity
KmiDi_CANON/brain/music_brain/daw/functions.py	179	class	MIDIEditor
KmiDi_CANON/brain/music_brain/daw/functions.py	183	def	quantize
KmiDi_CANON/brain/music_brain/daw/functions.py	225	def	humanize
KmiDi_CANON/brain/music_brain/daw/functions.py	265	def	transpose_notes
KmiDi_CANON/brain/music_brain/daw/functions.py	280	def	scale_velocity
KmiDi_CANON/brain/music_brain/daw/functions.py	300	class	MixerChannel
KmiDi_CANON/brain/music_brain/daw/functions.py	328	class	DAWProject
KmiDi_CANON/brain/music_brain/daw/functions.py	342	def	add_track
KmiDi_CANON/brain/music_brain/daw/functions.py	346	def	remove_track
KmiDi_CANON/brain/music_brain/daw/functions.py	350	def	get_track
KmiDi_CANON/brain/music_brain/daw/functions.py	357	def	add_marker
KmiDi_CANON/brain/music_brain/daw/functions.py	420	def	get_daw_function_reference
KmiDi_CANON/brain/music_brain/daw/functions.py	425	def	get_transport_reference
KmiDi_CANON/brain/music_brain/daw/functions.py	430	def	get_track_reference
KmiDi_CANON/brain/music_brain/daw/functions.py	435	def	get_midi_editing_reference
KmiDi_CANON/brain/music_brain/daw/functions.py	440	def	get_mixing_reference
KmiDi_CANON/brain/music_brain/daw/functions.py	445	def	get_project_reference
KmiDi_CANON/brain/music_brain/daw/logic.py	36	class	LogicProject
KmiDi_CANON/brain/music_brain/daw/logic.py	55	def	add_track
KmiDi_CANON/brain/music_brain/daw/logic.py	79	def	export_midi
KmiDi_CANON/brain/music_brain/daw/logic.py	168	def	export_to_logic
KmiDi_CANON/brain/music_brain/daw/logic.py	226	def	import_from_logic
KmiDi_CANON/brain/music_brain/daw/logic.py	298	def	create_logic_template
KmiDi_CANON/brain/music_brain/daw/markers.py	31	class	MarkerEvent
KmiDi_CANON/brain/music_brain/daw/markers.py	39	class	EmotionalSection
KmiDi_CANON/brain/music_brain/daw/markers.py	57	def	get_standard_structure
KmiDi_CANON/brain/music_brain/daw/markers.py	100	def	get_emotional_structure
KmiDi_CANON/brain/music_brain/daw/markers.py	161	def	export_markers_midi
KmiDi_CANON/brain/music_brain/daw/markers.py	221	def	export_sections_midi
KmiDi_CANON/brain/music_brain/daw/markers.py	264	def	merge_markers_with_midi
KmiDi_CANON/brain/music_brain/structure/progression.py	95	class	ParsedChord
KmiDi_CANON/brain/music_brain/structure/progression.py	105	def	parse_chord
KmiDi_CANON/brain/music_brain/structure/progression.py	200	def	parse_progression_string
KmiDi_CANON/brain/music_brain/structure/progression.py	220	def	detect_key_from_progression
KmiDi_CANON/brain/music_brain/structure/progression.py	254	def	diagnose_progression
KmiDi_CANON/brain/music_brain/structure/progression.py	327	def	generate_reharmonizations
KmiDi_CANON/brain/music_brain/structure/chord.py	70	class	ChordQuality
KmiDi_CANON/brain/music_brain/structure/chord.py	85	class	Chord
KmiDi_CANON/brain/music_brain/structure/chord.py	98	def	name
KmiDi_CANON/brain/music_brain/structure/chord.py	130	def	__str__
KmiDi_CANON/brain/music_brain/structure/chord.py	135	class	ChordProgression
KmiDi_CANON/brain/music_brain/structure/chord.py	149	def	__str__
KmiDi_CANON/brain/music_brain/structure/chord.py	153	def	midi_to_pitch_class
KmiDi_CANON/brain/music_brain/structure/chord.py	158	def	detect_chord_from_notes
KmiDi_CANON/brain/music_brain/structure/chord.py	214	def	detect_key
KmiDi_CANON/brain/music_brain/structure/chord.py	272	def	get_roman_numeral
KmiDi_CANON/brain/music_brain/structure/chord.py	313	def	identify_borrowed_chords
KmiDi_CANON/brain/music_brain/structure/chord.py	338	def	analyze_chords
KmiDi_CANON/brain/music_brain/structure/sections.py	23	class	SectionType
KmiDi_CANON/brain/music_brain/structure/sections.py	38	class	Section
KmiDi_CANON/brain/music_brain/structure/sections.py	58	def	length_bars
KmiDi_CANON/brain/music_brain/structure/sections.py	63	class	SectionAnalysis
KmiDi_CANON/brain/music_brain/structure/sections.py	71	def	get_section_at_bar
KmiDi_CANON/brain/music_brain/structure/sections.py	79	def	calculate_energy
KmiDi_CANON/brain/music_brain/structure/sections.py	127	def	detect_section_boundaries
KmiDi_CANON/brain/music_brain/structure/sections.py	149	def	classify_section
KmiDi_CANON/brain/music_brain/structure/sections.py	186	def	detect_sections
KmiDi_CANON/brain/music_brain/structure/comprehensive_engine.py	26	class	AffectResult
KmiDi_CANON/brain/music_brain/structure/comprehensive_engine.py	33	class	AffectAnalyzer
KmiDi_CANON/brain/music_brain/structure/comprehensive_engine.py	51	def	analyze
KmiDi_CANON/brain/music_brain/structure/comprehensive_engine.py	90	class	TherapyState
KmiDi_CANON/brain/music_brain/structure/comprehensive_engine.py	107	class	HarmonyPlan
KmiDi_CANON/brain/music_brain/structure/comprehensive_engine.py	125	class	NoteEvent
KmiDi_CANON/brain/music_brain/structure/comprehensive_engine.py	138	def	to_dict
KmiDi_CANON/brain/music_brain/structure/comprehensive_engine.py	170	def	get_strategy
KmiDi_CANON/brain/music_brain/structure/comprehensive_engine.py	186	class	TherapySession
KmiDi_CANON/brain/music_brain/structure/comprehensive_engine.py	187	def	__init__
KmiDi_CANON/brain/music_brain/structure/comprehensive_engine.py	203	def	process_core_input
KmiDi_CANON/brain/music_brain/structure/comprehensive_engine.py	221	def	set_scales
KmiDi_CANON/brain/music_brain/structure/comprehensive_engine.py	226	def	generate_plan
KmiDi_CANON/brain/music_brain/structure/comprehensive_engine.py	300	def	render_plan_to_midi
KmiDi_CANON/brain/music_brain/structure/comprehensive_engine.py	412	def	run_cli
KmiDi_CANON/brain/music_brain/structure/tension_curve.py	47	class	TensionProfile
KmiDi_CANON/brain/music_brain/structure/tension_curve.py	56	def	get_tension_curve
KmiDi_CANON/brain/music_brain/structure/tension_curve.py	76	def	list_tension_curves
KmiDi_CANON/brain/music_brain/structure/tension_curve.py	85	def	apply_tension_curve
KmiDi_CANON/brain/music_brain/structure/tension_curve.py	165	def	apply_section_markers
KmiDi_CANON/brain/music_brain/structure/tension_curve.py	223	def	generate_curve_for_bars
KmiDi_CANON/brain/music_brain/session/intent_schema.py	23	class	HarmonyRuleBreak
KmiDi_CANON/brain/music_brain/session/intent_schema.py	33	class	RhythmRuleBreak
KmiDi_CANON/brain/music_brain/session/intent_schema.py	42	class	ArrangementRuleBreak
KmiDi_CANON/brain/music_brain/session/intent_schema.py	51	class	ProductionRuleBreak
KmiDi_CANON/brain/music_brain/session/intent_schema.py	63	class	MelodyRuleBreak
KmiDi_CANON/brain/music_brain/session/intent_schema.py	73	class	TextureRuleBreak
KmiDi_CANON/brain/music_brain/session/intent_schema.py	83	class	TemporalRuleBreak
KmiDi_CANON/brain/music_brain/session/intent_schema.py	97	class	AffectState
KmiDi_CANON/brain/music_brain/session/intent_schema.py	115	class	TextureType
KmiDi_CANON/brain/music_brain/session/intent_schema.py	127	class	TensionProfile
KmiDi_CANON/brain/music_brain/session/intent_schema.py	139	class	DensityLevel
KmiDi_CANON/brain/music_brain/session/intent_schema.py	150	class	ModalColor
KmiDi_CANON/brain/music_brain/session/intent_schema.py	161	class	VulnerabilityScale
KmiDi_CANON/brain/music_brain/session/intent_schema.py	168	class	NarrativeArc
KmiDi_CANON/brain/music_brain/session/intent_schema.py	180	class	CoreStakes
KmiDi_CANON/brain/music_brain/session/intent_schema.py	190	class	GrooveFeel
KmiDi_CANON/brain/music_brain/session/intent_schema.py	568	class	SongRoot
KmiDi_CANON/brain/music_brain/session/intent_schema.py	582	class	SongIntent
KmiDi_CANON/brain/music_brain/session/intent_schema.py	596	class	TechnicalConstraints
KmiDi_CANON/brain/music_brain/session/intent_schema.py	612	class	SystemDirective
KmiDi_CANON/brain/music_brain/session/intent_schema.py	619	class	CompleteSongIntent
KmiDi_CANON/brain/music_brain/session/intent_schema.py	652	def	to_dict
KmiDi_CANON/brain/music_brain/session/intent_schema.py	695	def	from_dict
KmiDi_CANON/brain/music_brain/session/intent_schema.py	753	def	from_flat
KmiDi_CANON/brain/music_brain/session/intent_schema.py	833	def	save
KmiDi_CANON/brain/music_brain/session/intent_schema.py	839	def	load
KmiDi_CANON/brain/music_brain/session/intent_schema.py	849	def	suggest_rule_break
KmiDi_CANON/brain/music_brain/session/intent_schema.py	874	def	get_rule_breaking_info
KmiDi_CANON/brain/music_brain/session/intent_schema.py	879	def	validate_intent
KmiDi_CANON/brain/music_brain/session/intent_schema.py	912	def	list_all_rules
KmiDi_CANON/brain/music_brain/session/intent_schema.py	925	def	get_affect_mapping
KmiDi_CANON/brain/music_brain/session/intent_schema.py	938	def	get_texture_production
KmiDi_CANON/brain/music_brain/session/intent_schema.py	951	def	suggest_full_palette
KmiDi_CANON/brain/music_brain/session/teaching.py	241	class	RuleBreakingTeacher
KmiDi_CANON/brain/music_brain/session/teaching.py	256	def	__init__
KmiDi_CANON/brain/music_brain/session/teaching.py	261	def	list_topics
KmiDi_CANON/brain/music_brain/session/teaching.py	265	def	get_wisdom
KmiDi_CANON/brain/music_brain/session/teaching.py	269	def	quick_lesson
KmiDi_CANON/brain/music_brain/session/teaching.py	312	def	interactive_session
KmiDi_CANON/brain/music_brain/session/teaching.py	361	def	get_lesson_content
KmiDi_CANON/brain/music_brain/session/teaching.py	365	def	suggest_for_emotion
KmiDi_CANON/brain/music_brain/session/teaching.py	442	def	main
KmiDi_CANON/brain/music_brain/session/interrogator.py	23	class	SongPhase
KmiDi_CANON/brain/music_brain/session/interrogator.py	35	class	SongContext
KmiDi_CANON/brain/music_brain/session/interrogator.py	162	class	SongInterrogator
KmiDi_CANON/brain/music_brain/session/interrogator.py	177	def	__init__
KmiDi_CANON/brain/music_brain/session/interrogator.py	183	def	start_session
KmiDi_CANON/brain/music_brain/session/interrogator.py	222	def	_run_phase
KmiDi_CANON/brain/music_brain/session/interrogator.py	263	def	_store_answer
KmiDi_CANON/brain/music_brain/session/interrogator.py	328	def	_summarize
KmiDi_CANON/brain/music_brain/session/interrogator.py	365	def	quick_questions
KmiDi_CANON/brain/music_brain/session/interrogator.py	370	def	get_challenge
KmiDi_CANON/brain/music_brain/session/interrogator.py	374	def	get_followup
KmiDi_CANON/brain/music_brain/session/interrogator.py	379	def	quick_interrogate
KmiDi_CANON/brain/music_brain/session/interrogator.py	403	def	main
KmiDi_CANON/brain/music_brain/session/generator.py	127	class	GeneratedSection
KmiDi_CANON/brain/music_brain/session/generator.py	138	class	GeneratedSong
KmiDi_CANON/brain/music_brain/session/generator.py	154	def	get_all_chords
KmiDi_CANON/brain/music_brain/session/generator.py	161	def	to_dict
KmiDi_CANON/brain/music_brain/session/generator.py	186	def	__str__
KmiDi_CANON/brain/music_brain/session/generator.py	204	class	SongGenerator
KmiDi_CANON/brain/music_brain/session/generator.py	214	def	__init__
KmiDi_CANON/brain/music_brain/session/generator.py	219	def	generate
KmiDi_CANON/brain/music_brain/session/generator.py	311	def	_get_progression_for_mood
KmiDi_CANON/brain/music_brain/session/generator.py	322	def	_get_section_progression
KmiDi_CANON/brain/music_brain/session/generator.py	360	def	_numerals_to_chords
KmiDi_CANON/brain/music_brain/session/generator.py	396	def	_get_section_bars
KmiDi_CANON/brain/music_brain/session/generator.py	408	def	_get_section_energy
KmiDi_CANON/brain/music_brain/session/generator.py	420	def	_get_section_notes
KmiDi_CANON/brain/music_brain/session/generator.py	444	def	_generate_title
KmiDi_CANON/brain/music_brain/session/generator.py	458	def	suggest_progression
KmiDi_CANON/brain/music_brain/session/therapy_prompts.py	18	class	TherapyApproach
KmiDi_CANON/brain/music_brain/session/therapy_prompts.py	29	class	TherapyPrompt
KmiDi_CANON/brain/music_brain/session/therapy_prompts.py	38	class	TherapyPromptBank
KmiDi_CANON/brain/music_brain/session/therapy_prompts.py	403	def	get_prompts_by_approach
KmiDi_CANON/brain/music_brain/session/therapy_prompts.py	418	def	get_prompts_by_purpose
KmiDi_CANON/brain/music_brain/session/therapy_prompts.py	434	def	get_initial_prompt
KmiDi_CANON/brain/music_brain/session/therapy_prompts.py	443	def	get_core_wound_prompt
KmiDi_CANON/brain/music_brain/session/therapy_prompts.py	448	def	get_transformation_prompt
KmiDi_CANON/brain/music_brain/session/therapy_prompts.py	453	def	get_follow_up_prompt
KmiDi_CANON/brain/music_brain/session/therapy_prompts.py	475	def	extract_feeling_keywords
KmiDi_CANON/brain/music_brain/session/therapy_prompts.py	491	def	identify_emotional_granularity
KmiDi_CANON/brain/music_brain/session/therapy_prompts.py	534	def	suggest_next_prompt
KmiDi_CANON/brain/music_brain/session/therapy_prompts.py	578	def	create_casual_therapy_prompt
KmiDi_CANON/brain/music_brain/session/therapy_prompts.py	616	def	extract_core_elements_from_response
KmiDi_CANON/brain/music_brain/session/intent_processor.py	61	class	GeneratedProgression
KmiDi_CANON/brain/music_brain/session/intent_processor.py	74	class	GeneratedGroove
KmiDi_CANON/brain/music_brain/session/intent_processor.py	86	class	GeneratedArrangement
KmiDi_CANON/brain/music_brain/session/intent_processor.py	95	class	GeneratedProduction
KmiDi_CANON/brain/music_brain/session/intent_processor.py	109	def	_get_note_index
KmiDi_CANON/brain/music_brain/session/intent_processor.py	121	def	_transpose_chord
KmiDi_CANON/brain/music_brain/session/intent_processor.py	128	def	generate_progression_avoid_tonic
KmiDi_CANON/brain/music_brain/session/intent_processor.py	164	def	generate_progression_modal_interchange
KmiDi_CANON/brain/music_brain/session/intent_processor.py	201	def	generate_progression_parallel_motion
KmiDi_CANON/brain/music_brain/session/intent_processor.py	230	def	generate_progression_unresolved_dissonance
KmiDi_CANON/brain/music_brain/session/intent_processor.py	256	def	_romans_to_chords
KmiDi_CANON/brain/music_brain/session/intent_processor.py	275	def	_roman_to_chord
KmiDi_CANON/brain/music_brain/session/intent_processor.py	326	def	generate_groove_constant_displacement
KmiDi_CANON/brain/music_brain/session/intent_processor.py	354	def	generate_groove_tempo_fluctuation
KmiDi_CANON/brain/music_brain/session/intent_processor.py	386	def	generate_groove_metric_modulation
KmiDi_CANON/brain/music_brain/session/intent_processor.py	417	def	generate_groove_dropped_beats
KmiDi_CANON/brain/music_brain/session/intent_processor.py	447	def	generate_arrangement_structural_mismatch
KmiDi_CANON/brain/music_brain/session/intent_processor.py	506	def	generate_arrangement_extreme_dynamics
KmiDi_CANON/brain/music_brain/session/intent_processor.py	531	def	generate_production_guidelines
KmiDi_CANON/brain/music_brain/session/intent_processor.py	623	class	IntentProcessor
KmiDi_CANON/brain/music_brain/session/intent_processor.py	635	def	__init__
KmiDi_CANON/brain/music_brain/session/intent_processor.py	639	def	_parse_intent
KmiDi_CANON/brain/music_brain/session/intent_processor.py	650	def	generate_harmony
KmiDi_CANON/brain/music_brain/session/intent_processor.py	666	def	generate_groove
KmiDi_CANON/brain/music_brain/session/intent_processor.py	686	def	generate_arrangement
KmiDi_CANON/brain/music_brain/session/intent_processor.py	697	def	generate_production
KmiDi_CANON/brain/music_brain/session/intent_processor.py	705	def	generate_all
KmiDi_CANON/brain/music_brain/session/intent_processor.py	722	def	process_intent
KmiDi_CANON/brain/penta_core/ml/export.py	43	class	ExportConfig
KmiDi_CANON/brain/penta_core/ml/export.py	63	class	ModelExporter
KmiDi_CANON/brain/penta_core/ml/export.py	70	def	__init__
KmiDi_CANON/brain/penta_core/ml/export.py	89	def	_get_dummy_input
KmiDi_CANON/brain/penta_core/ml/export.py	102	def	export_onnx
KmiDi_CANON/brain/penta_core/ml/export.py	167	def	export_coreml
KmiDi_CANON/brain/penta_core/ml/export.py	258	def	export_torchscript
KmiDi_CANON/brain/penta_core/ml/export.py	301	def	export_rtneural_json
KmiDi_CANON/brain/penta_core/ml/export.py	443	def	export_all
KmiDi_CANON/brain/penta_core/ml/export.py	487	def	get_exported_files
KmiDi_CANON/brain/penta_core/ml/export.py	492	def	compute_hash
KmiDi_CANON/brain/penta_core/ml/export.py	501	def	verify_onnx_model
KmiDi_CANON/brain/penta_core/ml/export.py	541	def	verify_coreml_model
KmiDi_CANON/brain/penta_core/ml/export.py	575	def	export_to_onnx
KmiDi_CANON/brain/penta_core/ml/inference.py	26	class	InferenceResult
KmiDi_CANON/brain/penta_core/ml/inference.py	37	def	get_output
KmiDi_CANON/brain/penta_core/ml/inference.py	43	def	get_top_k
KmiDi_CANON/brain/penta_core/ml/inference.py	58	class	InferenceEngine
KmiDi_CANON/brain/penta_core/ml/inference.py	61	def	__init__
KmiDi_CANON/brain/penta_core/ml/inference.py	67	def	load
KmiDi_CANON/brain/penta_core/ml/inference.py	72	def	unload
KmiDi_CANON/brain/penta_core/ml/inference.py	77	def	infer
KmiDi_CANON/brain/penta_core/ml/inference.py	84	def	is_loaded
KmiDi_CANON/brain/penta_core/ml/inference.py	88	def	get_input_shape
KmiDi_CANON/brain/penta_core/ml/inference.py	92	def	get_output_shape
KmiDi_CANON/brain/penta_core/ml/inference.py	97	class	ONNXEngine
KmiDi_CANON/brain/penta_core/ml/inference.py	100	def	__init__
KmiDi_CANON/brain/penta_core/ml/inference.py	104	def	load
KmiDi_CANON/brain/penta_core/ml/inference.py	144	def	unload
KmiDi_CANON/brain/penta_core/ml/inference.py	149	def	infer
KmiDi_CANON/brain/penta_core/ml/inference.py	189	def	get_input_names
KmiDi_CANON/brain/penta_core/ml/inference.py	195	def	get_output_names
KmiDi_CANON/brain/penta_core/ml/inference.py	202	class	TFLiteEngine
KmiDi_CANON/brain/penta_core/ml/inference.py	205	def	__init__
KmiDi_CANON/brain/penta_core/ml/inference.py	211	def	load
KmiDi_CANON/brain/penta_core/ml/inference.py	236	def	unload
KmiDi_CANON/brain/penta_core/ml/inference.py	243	def	infer
KmiDi_CANON/brain/penta_core/ml/inference.py	282	class	CoreMLEngine
KmiDi_CANON/brain/penta_core/ml/inference.py	285	def	__init__
KmiDi_CANON/brain/penta_core/ml/inference.py	289	def	load
KmiDi_CANON/brain/penta_core/ml/inference.py	310	def	unload
KmiDi_CANON/brain/penta_core/ml/inference.py	315	def	infer
KmiDi_CANON/brain/penta_core/ml/inference.py	346	class	PyTorchEngine
KmiDi_CANON/brain/penta_core/ml/inference.py	349	def	__init__
KmiDi_CANON/brain/penta_core/ml/inference.py	354	def	load
KmiDi_CANON/brain/penta_core/ml/inference.py	386	def	unload
KmiDi_CANON/brain/penta_core/ml/inference.py	392	def	infer
KmiDi_CANON/brain/penta_core/ml/inference.py	437	def	create_engine
KmiDi_CANON/brain/penta_core/ml/inference.py	462	def	create_engine_by_name
KmiDi_CANON/brain/penta_core/ml/inference.py	479	def	load_model
KmiDi_CANON/brain/penta_core/ml/model_registry.py	20	class	ModelBackend
KmiDi_CANON/brain/penta_core/ml/model_registry.py	30	class	ModelTask
KmiDi_CANON/brain/penta_core/ml/model_registry.py	52	class	ModelInfo
KmiDi_CANON/brain/penta_core/ml/model_registry.py	75	def	to_dict
KmiDi_CANON/brain/penta_core/ml/model_registry.py	95	def	from_dict
KmiDi_CANON/brain/penta_core/ml/model_registry.py	115	class	ModelRegistry
KmiDi_CANON/brain/penta_core/ml/model_registry.py	124	def	__new__
KmiDi_CANON/brain/penta_core/ml/model_registry.py	131	def	__init__
KmiDi_CANON/brain/penta_core/ml/model_registry.py	144	def	_add_default_dirs
KmiDi_CANON/brain/penta_core/ml/model_registry.py	156	def	add_model_dir
KmiDi_CANON/brain/penta_core/ml/model_registry.py	162	def	register
KmiDi_CANON/brain/penta_core/ml/model_registry.py	168	def	unregister
KmiDi_CANON/brain/penta_core/ml/model_registry.py	189	def	get
KmiDi_CANON/brain/penta_core/ml/model_registry.py	195	def	list
KmiDi_CANON/brain/penta_core/ml/model_registry.py	202	def	discover
KmiDi_CANON/brain/penta_core/ml/model_registry.py	252	def	_infer_task
KmiDi_CANON/brain/penta_core/ml/model_registry.py	275	def	save_registry
KmiDi_CANON/brain/penta_core/ml/model_registry.py	284	def	load_registry
KmiDi_CANON/brain/penta_core/ml/model_registry.py	304	def	load_registry_manifest
KmiDi_CANON/brain/penta_core/ml/model_registry.py	344	def	_map_backend
KmiDi_CANON/brain/penta_core/ml/model_registry.py	358	def	_map_task
KmiDi_CANON/brain/penta_core/ml/model_registry.py	365	def	_resolve_path
KmiDi_CANON/brain/penta_core/ml/model_registry.py	373	def	_modelinfo_from_manifest_entry
KmiDi_CANON/brain/penta_core/ml/model_registry.py	400	def	_select_latest
KmiDi_CANON/brain/penta_core/ml/model_registry.py	406	def	parse_version
KmiDi_CANON/brain/penta_core/ml/model_registry.py	418	def	get_registry
KmiDi_CANON/brain/penta_core/ml/model_registry.py	423	def	register_model
KmiDi_CANON/brain/penta_core/ml/model_registry.py	428	def	get_model
KmiDi_CANON/brain/penta_core/ml/model_registry.py	433	def	list_models
KmiDi_CANON/brain/penta_core/ml/model_registry.py	438	def	load_registry_manifest
KmiDi_CANON/brain/penta_core/ml/training/evaluation.py	45	class	MetricResult
KmiDi_CANON/brain/penta_core/ml/training/evaluation.py	54	class	BaseMetrics
KmiDi_CANON/brain/penta_core/ml/training/evaluation.py	57	def	__init__
KmiDi_CANON/brain/penta_core/ml/training/evaluation.py	60	def	reset
KmiDi_CANON/brain/penta_core/ml/training/evaluation.py	66	def	update
KmiDi_CANON/brain/penta_core/ml/training/evaluation.py	78	def	compute
KmiDi_CANON/brain/penta_core/ml/training/evaluation.py	83	class	MusicMetrics
KmiDi_CANON/brain/penta_core/ml/training/evaluation.py	93	def	__init__
KmiDi_CANON/brain/penta_core/ml/training/evaluation.py	104	def	compute
KmiDi_CANON/brain/penta_core/ml/training/evaluation.py	122	def	_compute_classification_metrics
KmiDi_CANON/brain/penta_core/ml/training/evaluation.py	174	def	_compute_regression_metrics
KmiDi_CANON/brain/penta_core/ml/training/evaluation.py	202	def	_compute_calibration_metrics
KmiDi_CANON/brain/penta_core/ml/training/evaluation.py	238	class	EmotionMetrics
KmiDi_CANON/brain/penta_core/ml/training/evaluation.py	256	def	__init__
KmiDi_CANON/brain/penta_core/ml/training/evaluation.py	265	def	compute
KmiDi_CANON/brain/penta_core/ml/training/evaluation.py	285	def	_compute_emotional_distance_error
KmiDi_CANON/brain/penta_core/ml/training/evaluation.py	308	def	_compute_va_accuracy
KmiDi_CANON/brain/penta_core/ml/training/evaluation.py	335	class	GenreMetrics
KmiDi_CANON/brain/penta_core/ml/training/evaluation.py	352	def	__init__
KmiDi_CANON/brain/penta_core/ml/training/evaluation.py	362	def	compute
KmiDi_CANON/brain/penta_core/ml/training/evaluation.py	393	def	_compute_class_distribution
KmiDi_CANON/brain/penta_core/ml/training/evaluation.py	401	def	_get_top_confusions
KmiDi_CANON/brain/penta_core/ml/training/evaluation.py	419	def	get_confusion_matrix
KmiDi_CANON/brain/penta_core/ml/training/evaluation.py	423	def	print_report
KmiDi_CANON/brain/penta_core/ml/training/evaluation.py	472	class	GrooveMetrics
KmiDi_CANON/brain/penta_core/ml/training/evaluation.py	477	def	__init__
KmiDi_CANON/brain/penta_core/ml/training/evaluation.py	480	def	compute
KmiDi_CANON/brain/penta_core/ml/training/evaluation.py	497	def	_compute_timing_accuracy
KmiDi_CANON/brain/penta_core/ml/training/evaluation.py	508	def	_compute_groove_consistency
KmiDi_CANON/brain/penta_core/ml/training/evaluation.py	524	def	evaluate_model
KmiDi_CANON/brain/penta_core/ml/training/evaluation.py	579	def	cross_validate
KmiDi_CANON/brain/penta_core/ml/training/evaluation.py	670	def	compute_confusion_matrix
KmiDi_CANON/brain/penta_core/ml/training/evaluation.py	700	def	plot_confusion_matrix
KmiDi_CANON/brain/penta_core/ml/training/evaluation.py	754	class	ModelValidator
KmiDi_CANON/brain/penta_core/ml/training/evaluation.py	765	def	__init__
KmiDi_CANON/brain/penta_core/ml/training/evaluation.py	777	def	validate_performance
KmiDi_CANON/brain/penta_core/ml/training/evaluation.py	785	def	validate_robustness
KmiDi_CANON/brain/penta_core/ml/training/evaluation.py	817	def	measure_latency
KmiDi_CANON/brain/penta_core/ml/training/evaluation.py	858	def	count_parameters
KmiDi_CANON/brain/penta_core/ml/training/evaluation.py	869	def	full_validation
KmiDi_CANON/brain/penta_core/ml/training/augmentation.py	47	class	AugmentationConfig
KmiDi_CANON/brain/penta_core/ml/training/augmentation.py	86	class	AudioAugmentor
KmiDi_CANON/brain/penta_core/ml/training/augmentation.py	93	def	__init__
KmiDi_CANON/brain/penta_core/ml/training/augmentation.py	97	def	_check_librosa
KmiDi_CANON/brain/penta_core/ml/training/augmentation.py	105	def	augment_batch
KmiDi_CANON/brain/penta_core/ml/training/augmentation.py	134	def	time_stretch
KmiDi_CANON/brain/penta_core/ml/training/augmentation.py	163	def	pitch_shift
KmiDi_CANON/brain/penta_core/ml/training/augmentation.py	190	def	add_noise
KmiDi_CANON/brain/penta_core/ml/training/augmentation.py	229	def	_generate_pink_noise
KmiDi_CANON/brain/penta_core/ml/training/augmentation.py	240	def	_generate_brown_noise
KmiDi_CANON/brain/penta_core/ml/training/augmentation.py	246	def	apply_gain
KmiDi_CANON/brain/penta_core/ml/training/augmentation.py	267	def	apply_compression
KmiDi_CANON/brain/penta_core/ml/training/augmentation.py	317	def	add_reverb
KmiDi_CANON/brain/penta_core/ml/training/augmentation.py	374	def	spec_augment
KmiDi_CANON/brain/penta_core/ml/training/augmentation.py	414	def	frequency_warp
KmiDi_CANON/brain/penta_core/ml/training/augmentation.py	450	def	mixup
KmiDi_CANON/brain/penta_core/ml/training/augmentation.py	484	def	cutmix
KmiDi_CANON/brain/penta_core/ml/training/augmentation.py	531	def	transpose_key
KmiDi_CANON/brain/penta_core/ml/training/augmentation.py	554	def	tempo_augment
KmiDi_CANON/brain/penta_core/ml/training/augmentation.py	576	def	harmonic_mix
KmiDi_CANON/brain/penta_core/ml/training/augmentation.py	599	def	align_phase
KmiDi_CANON/brain/penta_core/ml/training/augmentation.py	625	def	augment
KmiDi_CANON/brain/penta_core/ml/training/augmentation.py	677	def	augment_spectrogram
KmiDi_CANON/brain/penta_core/ml/training/augmentation.py	705	class	AugmentationPipeline
KmiDi_CANON/brain/penta_core/ml/training/augmentation.py	718	def	__init__
KmiDi_CANON/brain/penta_core/ml/training/augmentation.py	732	def	__call__
KmiDi_CANON/brain/penta_core/ml/training/augmentation.py	748	def	augment_audio
KmiDi_CANON/brain/penta_core/ml/training/augmentation.py	758	def	create_augmentation_pipeline
KmiDi_CANON/brain/penta_core/ml/datasets/synthetic.py	200	class	GeneratorConfig
KmiDi_CANON/brain/penta_core/ml/datasets/synthetic.py	223	class	SyntheticGenerator
KmiDi_CANON/brain/penta_core/ml/datasets/synthetic.py	243	def	__init__
KmiDi_CANON/brain/penta_core/ml/datasets/synthetic.py	249	def	generate_emotion_samples
KmiDi_CANON/brain/penta_core/ml/datasets/synthetic.py	282	def	_generate_emotion_sample
KmiDi_CANON/brain/penta_core/ml/datasets/synthetic.py	331	def	_generate_notes_from_progression
KmiDi_CANON/brain/penta_core/ml/datasets/synthetic.py	398	def	_parse_chord_root
KmiDi_CANON/brain/penta_core/ml/datasets/synthetic.py	432	def	_generate_emotion_feature_vector
KmiDi_CANON/brain/penta_core/ml/datasets/synthetic.py	463	def	generate_melody_samples
KmiDi_CANON/brain/penta_core/ml/datasets/synthetic.py	495	def	_generate_melody
KmiDi_CANON/brain/penta_core/ml/datasets/synthetic.py	539	def	generate_harmony_samples
KmiDi_CANON/brain/penta_core/ml/datasets/synthetic.py	567	def	_progression_to_chords
KmiDi_CANON/brain/penta_core/ml/datasets/synthetic.py	594	def	generate_groove_samples
KmiDi_CANON/brain/penta_core/ml/datasets/synthetic.py	630	def	_generate_groove_timing
KmiDi_CANON/brain/penta_core/ml/datasets/synthetic.py	664	def	_generate_groove_feature_vector
KmiDi_CANON/brain/penta_core/ml/datasets/synthetic.py	694	def	_compute_pitch_histogram
KmiDi_CANON/brain/penta_core/ml/datasets/synthetic.py	707	def	_compute_interval_histogram
KmiDi_CANON/brain/penta_core/ml/datasets/synthetic.py	726	def	_save_sample_midi
KmiDi_CANON/brain/penta_core/ml/datasets/synthetic.py	776	def	generate_emotion_samples
KmiDi_CANON/brain/penta_core/ml/datasets/synthetic.py	786	def	generate_melody_samples
KmiDi_CANON/brain/penta_core/ml/datasets/synthetic.py	796	def	generate_harmony_samples
KmiDi_CANON/brain/penta_core/ml/datasets/synthetic.py	806	def	generate_groove_samples
KmiDi_CANON/brain/penta_core/ml/datasets/synthetic.py	825	class	SyntheticTensorDataset
KmiDi_CANON/brain/penta_core/ml/datasets/synthetic.py	832	def	__init__
KmiDi_CANON/brain/penta_core/ml/datasets/synthetic.py	871	def	_prepare_tensors
KmiDi_CANON/brain/penta_core/ml/datasets/synthetic.py	979	def	__len__
KmiDi_CANON/brain/penta_core/ml/datasets/synthetic.py	982	def	__getitem__
KmiDi_CANON/brain/penta_core/ml/datasets/synthetic.py	986	def	create_synthetic_dataset
KmiDi_CANON/brain/penta_core/ml/datasets/synthetic.py	1025	def	create_synthetic_dataset
KmiDi_CANON/brain/penta_core/ml/datasets/__init__.py	98	def	_find_audio_root
KmiDi_CANON/brain/penta_core/ml/datasets/__init__.py	129	def	get_audio_data_root
KmiDi_CANON/brain/penta_core/ml/datasets/__init__.py	146	def	get_raw_audio_dir
KmiDi_CANON/brain/penta_core/ml/datasets/__init__.py	155	def	get_processed_dir
KmiDi_CANON/brain/penta_core/ml/datasets/__init__.py	164	def	get_downloads_dir
KmiDi_CANON/brain/penta_core/ml/datasets/__init__.py	173	def	get_cache_dir
KmiDi_CANON/brain/penta_core/ml/datasets/__init__.py	182	def	get_manifests_dir
KmiDi_CANON/brain/penta_core/ml/datasets/__init__.py	191	def	ensure_audio_directories
KmiDi_CANON/brain/penta_core/ml/datasets/audio_downloader.py	77	class	DownloadResult
KmiDi_CANON/brain/penta_core/ml/datasets/audio_downloader.py	86	class	AudioDownloader
KmiDi_CANON/brain/penta_core/ml/datasets/audio_downloader.py	93	def	__init__
KmiDi_CANON/brain/penta_core/ml/datasets/audio_downloader.py	119	def	download_url
KmiDi_CANON/brain/penta_core/ml/datasets/audio_downloader.py	198	def	download_freesound_pack
KmiDi_CANON/brain/penta_core/ml/datasets/audio_downloader.py	298	def	download_huggingface_dataset
KmiDi_CANON/brain/penta_core/ml/datasets/audio_downloader.py	378	def	copy_local_files
KmiDi_CANON/brain/penta_core/ml/datasets/audio_downloader.py	437	def	_is_archive
KmiDi_CANON/brain/penta_core/ml/datasets/audio_downloader.py	441	def	_extract_archive
KmiDi_CANON/brain/penta_core/ml/datasets/audio_downloader.py	472	def	download_audio
KmiDi_CANON/brain/penta_core/ml/datasets/validation.py	32	class	ValidationIssue
KmiDi_CANON/brain/penta_core/ml/datasets/validation.py	41	class	ValidationReport
KmiDi_CANON/brain/penta_core/ml/datasets/validation.py	87	def	add_issue
KmiDi_CANON/brain/penta_core/ml/datasets/validation.py	106	def	to_dict
KmiDi_CANON/brain/penta_core/ml/datasets/validation.py	112	def	save
KmiDi_CANON/brain/penta_core/ml/datasets/validation.py	117	def	print_summary
KmiDi_CANON/brain/penta_core/ml/datasets/validation.py	166	class	DatasetValidator
KmiDi_CANON/brain/penta_core/ml/datasets/validation.py	182	def	__init__
KmiDi_CANON/brain/penta_core/ml/datasets/validation.py	192	def	validate
KmiDi_CANON/brain/penta_core/ml/datasets/validation.py	232	def	_check_structure
KmiDi_CANON/brain/penta_core/ml/datasets/validation.py	251	def	_validate_samples
KmiDi_CANON/brain/penta_core/ml/datasets/validation.py	295	def	_check_balance
KmiDi_CANON/brain/penta_core/ml/datasets/validation.py	341	def	_check_diversity
KmiDi_CANON/brain/penta_core/ml/datasets/validation.py	415	def	_entropy
KmiDi_CANON/brain/penta_core/ml/datasets/validation.py	428	def	_check_quality
KmiDi_CANON/brain/penta_core/ml/datasets/validation.py	460	def	_verify_midi
KmiDi_CANON/brain/penta_core/ml/datasets/validation.py	471	def	_verify_audio
KmiDi_CANON/brain/penta_core/ml/datasets/validation.py	482	def	_validate_from_files
KmiDi_CANON/brain/penta_core/ml/datasets/validation.py	515	def	_generate_recommendations
KmiDi_CANON/brain/penta_core/ml/datasets/validation.py	574	def	validate_dataset
KmiDi_CANON/brain/penta_core/ml/datasets/validation.py	580	def	check_balance
KmiDi_CANON/brain/penta_core/ml/datasets/validation.py	586	def	check_diversity
KmiDi_CANON/brain/penta_core/ml/datasets/validation.py	597	def	print_dataset_stats
KmiDi_CANON/brain/kmidi_gui/core/export.py	19	class	ExportWorker
KmiDi_CANON/brain/kmidi_gui/core/export.py	25	def	__init__
KmiDi_CANON/brain/kmidi_gui/core/export.py	38	def	run
KmiDi_CANON/brain/kmidi_gui/core/export.py	49	class	MIDIExporter
KmiDi_CANON/brain/kmidi_gui/core/export.py	52	def	export
KmiDi_CANON/brain/kmidi_gui/core/export.py	79	class	IntentExporter
KmiDi_CANON/brain/kmidi_gui/core/export.py	82	def	export
KmiDi_CANON/brain/kmidi_gui/core/export.py	101	class	AnnotationExporter
KmiDi_CANON/brain/kmidi_gui/core/export.py	104	def	export
KmiDi_CANON/brain/kmidi_gui/core/export.py	123	class	ExportManager
KmiDi_CANON/brain/kmidi_gui/core/export.py	132	def	__init__
KmiDi_CANON/brain/kmidi_gui/core/export.py	141	def	export_midi
KmiDi_CANON/brain/kmidi_gui/core/export.py	157	def	export_intent
KmiDi_CANON/brain/kmidi_gui/core/export.py	173	def	export_annotations
KmiDi_CANON/brain/kmidi_gui/core/export.py	189	def	_on_export_finished
KmiDi_CANON/brain/kmidi_gui/core/export.py	199	def	_on_export_progress
KmiDi_CANON/brain/kmidi_gui/core/control_surface.py	19	class	MIDIType
KmiDi_CANON/brain/kmidi_gui/core/control_surface.py	26	class	ControlMapping
KmiDi_CANON/brain/kmidi_gui/core/control_surface.py	41	def	to_dict
KmiDi_CANON/brain/kmidi_gui/core/control_surface.py	55	def	from_dict
KmiDi_CANON/brain/kmidi_gui/core/control_surface.py	68	def	matches
KmiDi_CANON/brain/kmidi_gui/core/control_surface.py	94	class	ControlSurfaceManager
KmiDi_CANON/brain/kmidi_gui/core/control_surface.py	100	def	__init__
KmiDi_CANON/brain/kmidi_gui/core/control_surface.py	114	def	_init_midi
KmiDi_CANON/brain/kmidi_gui/core/control_surface.py	125	def	discover_devices
KmiDi_CANON/brain/kmidi_gui/core/control_surface.py	145	def	connect_device
KmiDi_CANON/brain/kmidi_gui/core/control_surface.py	168	def	disconnect_device
KmiDi_CANON/brain/kmidi_gui/core/control_surface.py	183	def	start_learn_mode
KmiDi_CANON/brain/kmidi_gui/core/control_surface.py	197	def	stop_learn_mode
KmiDi_CANON/brain/kmidi_gui/core/control_surface.py	204	def	add_mapping
KmiDi_CANON/brain/kmidi_gui/core/control_surface.py	217	def	remove_mapping
KmiDi_CANON/brain/kmidi_gui/core/control_surface.py	233	def	get_mapping
KmiDi_CANON/brain/kmidi_gui/core/control_surface.py	247	def	register_parameter_callback
KmiDi_CANON/brain/kmidi_gui/core/control_surface.py	256	def	_on_midi_message
KmiDi_CANON/brain/kmidi_gui/core/control_surface.py	334	def	_update_parameter
KmiDi_CANON/brain/kmidi_gui/core/control_surface.py	348	def	save_mappings
KmiDi_CANON/brain/kmidi_gui/core/control_surface.py	370	def	load_mappings
KmiDi_CANON/brain/kmidi_gui/core/history.py	18	def	_apply_state
KmiDi_CANON/brain/kmidi_gui/core/history.py	26	class	HistoryComponent
KmiDi_CANON/brain/kmidi_gui/core/history.py	36	class	HistoryAction
KmiDi_CANON/brain/kmidi_gui/core/history.py	47	def	apply
KmiDi_CANON/brain/kmidi_gui/core/history.py	52	def	undo
KmiDi_CANON/brain/kmidi_gui/core/history.py	56	def	to_dict
KmiDi_CANON/brain/kmidi_gui/core/history.py	65	class	ApplyMLSuggestionAction
KmiDi_CANON/brain/kmidi_gui/core/history.py	72	def	__post_init__
KmiDi_CANON/brain/kmidi_gui/core/history.py	77	def	apply
KmiDi_CANON/brain/kmidi_gui/core/history.py	88	def	undo
KmiDi_CANON/brain/kmidi_gui/core/history.py	99	class	ChangeIntentAction
KmiDi_CANON/brain/kmidi_gui/core/history.py	106	def	__post_init__
KmiDi_CANON/brain/kmidi_gui/core/history.py	111	def	apply
KmiDi_CANON/brain/kmidi_gui/core/history.py	122	def	undo
KmiDi_CANON/brain/kmidi_gui/core/history.py	133	class	ChangeTrustSettingsAction
KmiDi_CANON/brain/kmidi_gui/core/history.py	140	def	__post_init__
KmiDi_CANON/brain/kmidi_gui/core/history.py	145	def	apply
KmiDi_CANON/brain/kmidi_gui/core/history.py	156	def	undo
KmiDi_CANON/brain/kmidi_gui/core/history.py	167	class	CommitMIDIAction
KmiDi_CANON/brain/kmidi_gui/core/history.py	174	def	__post_init__
KmiDi_CANON/brain/kmidi_gui/core/history.py	179	def	apply
KmiDi_CANON/brain/kmidi_gui/core/history.py	190	def	undo
KmiDi_CANON/brain/kmidi_gui/core/history.py	201	class	ApplyPresetAction
KmiDi_CANON/brain/kmidi_gui/core/history.py	208	def	__post_init__
KmiDi_CANON/brain/kmidi_gui/core/history.py	213	def	apply
KmiDi_CANON/brain/kmidi_gui/core/history.py	224	def	undo
KmiDi_CANON/brain/kmidi_gui/core/history.py	234	class	HistoryManager
KmiDi_CANON/brain/kmidi_gui/core/history.py	241	def	__init__
KmiDi_CANON/brain/kmidi_gui/core/history.py	257	def	push_action
KmiDi_CANON/brain/kmidi_gui/core/history.py	288	def	undo
KmiDi_CANON/brain/kmidi_gui/core/history.py	323	def	redo
KmiDi_CANON/brain/kmidi_gui/core/history.py	358	def	can_undo
KmiDi_CANON/brain/kmidi_gui/core/history.py	369	def	can_redo
KmiDi_CANON/brain/kmidi_gui/core/history.py	380	def	clear
KmiDi_CANON/brain/kmidi_gui/core/history.py	392	def	start_group
KmiDi_CANON/brain/kmidi_gui/core/history.py	408	def	end_group
KmiDi_CANON/brain/kmidi_gui/gui/main_window.py	34	class	MainWindow
KmiDi_CANON/brain/kmidi_gui/gui/main_window.py	58	def	__init__
KmiDi_CANON/brain/kmidi_gui/gui/main_window.py	76	def	_setup_menu
KmiDi_CANON/brain/kmidi_gui/gui/main_window.py	119	def	_setup_toolbar
KmiDi_CANON/brain/kmidi_gui/gui/main_window.py	147	def	_setup_docks
KmiDi_CANON/brain/kmidi_gui/gui/main_window.py	170	def	_setup_central_widget
KmiDi_CANON/brain/kmidi_gui/gui/main_window.py	235	def	_setup_status_bar
KmiDi_CANON/brain/kmidi_gui/gui/main_window.py	249	def	_apply_theme
KmiDi_CANON/brain/kmidi_gui/gui/main_window.py	264	def	_on_generate_clicked
KmiDi_CANON/brain/kmidi_gui/gui/main_window.py	278	def	_on_preview_clicked
KmiDi_CANON/brain/kmidi_gui/gui/main_window.py	282	def	_on_export_clicked
KmiDi_CANON/brain/kmidi_gui/gui/main_window.py	288	def	_on_new_project
KmiDi_CANON/brain/kmidi_gui/gui/main_window.py	296	def	_on_open_project
KmiDi_CANON/brain/kmidi_gui/gui/main_window.py	308	def	_on_save_project
KmiDi_CANON/brain/kmidi_gui/gui/main_window.py	326	def	_on_export
KmiDi_CANON/brain/kmidi_gui/gui/main_window.py	330	def	_on_undo
KmiDi_CANON/brain/kmidi_gui/gui/main_window.py	335	def	_on_redo
KmiDi_CANON/brain/kmidi_gui/gui/main_window.py	340	def	_on_preferences
KmiDi_CANON/brain/kmidi_gui/gui/main_window.py	344	def	_on_toggle_ai_dock
KmiDi_CANON/brain/kmidi_gui/gui/main_window.py	348	def	_on_toggle_logs_dock
KmiDi_CANON/brain/kmidi_gui/gui/main_window.py	352	def	_on_toggle_control_surface
KmiDi_CANON/brain/kmidi_gui/gui/main_window.py	356	def	_on_ai_analysis
KmiDi_CANON/brain/kmidi_gui/gui/main_window.py	360	def	_on_batch_process
KmiDi_CANON/brain/kmidi_gui/gui/main_window.py	364	def	_on_manage_presets
KmiDi_CANON/brain/kmidi_gui/gui/main_window.py	368	def	_on_about
KmiDi_CANON/brain/kmidi_gui/gui/main_window.py	378	def	_on_documentation
KmiDi_CANON/brain/kmidi_gui/gui/main_window.py	390	def	set_status
KmiDi_CANON/brain/kmidi_gui/gui/main_window.py	394	def	set_api_status
KmiDi_CANON/brain/kmidi_gui/gui/main_window.py	399	def	set_file_count
KmiDi_CANON/brain/kmidi_gui/gui/main_window.py	403	def	set_results
KmiDi_CANON/brain/kmidi_gui/gui/main_window.py	407	def	set_generating
KmiDi_CANON/brain/kmidi_gui/gui/main_window.py	414	def	get_logs_dock
KmiDi_CANON/brain/kmidi_gui/gui/main_window.py	418	def	get_ai_dock
KmiDi_CANON/brain/kmidi_gui/gui/main_window.py	422	def	set_project_path
KmiDi_CANON/brain/kmidi_gui/gui/docks.py	20	class	AIAssistantDock
KmiDi_CANON/brain/kmidi_gui/gui/docks.py	31	def	__init__
KmiDi_CANON/brain/kmidi_gui/gui/docks.py	84	def	set_analysis
KmiDi_CANON/brain/kmidi_gui/gui/docks.py	102	def	clear
KmiDi_CANON/brain/kmidi_gui/gui/docks.py	108	class	LogsDock
KmiDi_CANON/brain/kmidi_gui/gui/docks.py	114	def	__init__
KmiDi_CANON/brain/kmidi_gui/gui/docks.py	148	def	add_log
KmiDi_CANON/brain/kmidi_gui/gui/docks.py	174	def	clear
KmiDi_CANON/brain/kmidi_gui/gui/export_dialog.py	20	class	ExportDialog
KmiDi_CANON/brain/kmidi_gui/gui/export_dialog.py	25	def	__init__
KmiDi_CANON/brain/kmidi_gui/gui/export_dialog.py	46	def	_setup_ui
KmiDi_CANON/brain/kmidi_gui/gui/export_dialog.py	94	def	set_data
KmiDi_CANON/brain/kmidi_gui/gui/export_dialog.py	111	def	_on_export_clicked
KmiDi_CANON/brain/kmidi_gui/gui/export_dialog.py	172	def	_on_export_progress
KmiDi_CANON/brain/kmidi_gui/gui/export_dialog.py	180	def	_on_export_finished
KmiDi_CANON/brain/kmidi_gui/gui/control_surface_panel.py	19	class	ControlSurfacePanel
KmiDi_CANON/brain/kmidi_gui/gui/control_surface_panel.py	29	def	__init__
KmiDi_CANON/brain/kmidi_gui/gui/control_surface_panel.py	48	def	_setup_ui
KmiDi_CANON/brain/kmidi_gui/gui/control_surface_panel.py	108	def	_refresh_devices
KmiDi_CANON/brain/kmidi_gui/gui/control_surface_panel.py	120	def	_refresh_mappings
KmiDi_CANON/brain/kmidi_gui/gui/control_surface_panel.py	142	def	_on_device_changed
KmiDi_CANON/brain/kmidi_gui/gui/control_surface_panel.py	155	def	_on_learn_clicked
KmiDi_CANON/brain/kmidi_gui/gui/control_surface_panel.py	179	def	_on_mapping_learned
KmiDi_CANON/brain/kmidi_gui/gui/control_surface_panel.py	199	def	_on_remove_clicked
KmiDi_CANON/brain/kmidi_gui/gui/control_surface_panel.py	229	def	set_project_path
KmiDi_CANON/brain/kmidi_gui/gui/preset_dialog.py	20	class	PresetDialog
KmiDi_CANON/brain/kmidi_gui/gui/preset_dialog.py	31	def	__init__
KmiDi_CANON/brain/kmidi_gui/gui/preset_dialog.py	46	def	_setup_ui
KmiDi_CANON/brain/kmidi_gui/gui/preset_dialog.py	80	def	_refresh_list
KmiDi_CANON/brain/kmidi_gui/gui/preset_dialog.py	92	def	_on_item_double_clicked
KmiDi_CANON/brain/kmidi_gui/gui/preset_dialog.py	96	def	_on_save_clicked
KmiDi_CANON/brain/kmidi_gui/gui/preset_dialog.py	129	def	_on_load_clicked
KmiDi_CANON/brain/kmidi_gui/gui/preset_dialog.py	140	def	_load_preset_by_id
KmiDi_CANON/brain/kmidi_gui/gui/preset_dialog.py	152	def	_on_delete_clicked
KmiDi_CANON/brain/kmidi_gui/gui/preset_dialog.py	174	def	set_project_path
KmiDi_CANON/brain/kmidi_gui/gui/preset_dialog.py	184	def	capture_current_state
KmiDi_CANON/brain/kmidi_gui/controllers/actions.py	26	class	GenerationWorker
KmiDi_CANON/brain/kmidi_gui/controllers/actions.py	35	def	__init__
KmiDi_CANON/brain/kmidi_gui/controllers/actions.py	40	def	run
KmiDi_CANON/brain/kmidi_gui/controllers/actions.py	50	class	ActionController
KmiDi_CANON/brain/kmidi_gui/controllers/actions.py	66	def	__init__
KmiDi_CANON/brain/kmidi_gui/controllers/actions.py	106	def	handle_generate
KmiDi_CANON/brain/kmidi_gui/controllers/actions.py	135	def	handle_preview
KmiDi_CANON/brain/kmidi_gui/controllers/actions.py	174	def	handle_export
KmiDi_CANON/brain/kmidi_gui/controllers/actions.py	209	def	_on_export_complete
KmiDi_CANON/brain/kmidi_gui/controllers/actions.py	223	def	_on_generation_finished
KmiDi_CANON/brain/kmidi_gui/controllers/actions.py	253	def	_on_generation_error
KmiDi_CANON/brain/kmidi_gui/controllers/actions.py	265	def	handle_new_project
KmiDi_CANON/brain/kmidi_gui/controllers/actions.py	270	def	handle_open_project
KmiDi_CANON/brain/kmidi_gui/controllers/actions.py	319	def	handle_save_project
KmiDi_CANON/brain/kmidi_gui/controllers/actions.py	349	def	handle_preferences
KmiDi_CANON/brain/kmidi_gui/controllers/actions.py	355	def	_on_preferences_saved
KmiDi_CANON/brain/kmidi_gui/controllers/actions.py	377	def	handle_ai_analysis
KmiDi_CANON/brain/kmidi_gui/controllers/actions.py	384	def	handle_batch_process
KmiDi_CANON/brain/kmidi_gui/controllers/actions.py	391	def	handle_presets
KmiDi_CANON/brain/kmidi_gui/controllers/actions.py	417	def	_on_preset_loaded
KmiDi_CANON/brain/kmidi_gui/controllers/actions.py	431	def	_on_preset_saved
KmiDi_CANON/brain/kmidi_gui/controllers/actions.py	441	def	handle_undo
KmiDi_CANON/brain/kmidi_gui/controllers/actions.py	454	def	handle_redo
KmiDi_CANON/brain/kmidi_gui/controllers/actions.py	467	def	_update_history_menu_states
KmiDi_CANON/brain/kmidi_gui/controllers/actions.py	479	def	_check_api_status
KmiDi_CANON/brain/kmidi_gui/controllers/actions.py	495	def	_on_log_message
KmiDi_CANON/body/music_theory/MusicTheoryBrain.cpp	329	function	answerIntervalQuestion
KmiDi_CANON/body/music_theory/MusicTheoryBrain.cpp	331	function	answerChordQuestion
KmiDi_CANON/body/music_theory/MusicTheoryBrain.cpp	333	function	answerProgressionQuestion
KmiDi_CANON/body/music_theory/MusicTheoryBrain.cpp	336	function	answerRhythmQuestion
KmiDi_CANON/body/music_theory/MusicTheoryBrain.cpp	607	function	detectKeyFromNotes
KmiDi_CANON/body/music_theory/MusicTheoryBrain.cpp	968	function	stream
KmiDi_CANON/body/music_theory/Types.h	53	class	Interval
KmiDi_CANON/body/music_theory/Types.h	94	class	Scale
KmiDi_CANON/body/music_theory/Types.h	125	class	Chord
KmiDi_CANON/body/music_theory/Types.h	139	class	ChordProgression
KmiDi_CANON/body/music_theory/Types.h	161	class	VoiceLeadingSuggestion
KmiDi_CANON/body/music_theory/Types.h	172	class	TimeSignature
KmiDi_CANON/body/music_theory/Types.h	179	class	RhythmicPattern
KmiDi_CANON/body/music_theory/Types.h	187	class	GrooveAnalysis
KmiDi_CANON/body/music_theory/Types.h	215	class	KnowledgeNode
KmiDi_CANON/body/music_theory/Types.h	226	class	MusicalExample
KmiDi_CANON/body/music_theory/Types.h	257	class	Exercise
KmiDi_CANON/body/music_theory/Types.h	276	class	UserProfile
KmiDi_CANON/body/music_theory/Types.h	293	class	Feedback
KmiDi_CANON/body/music_theory/Types.h	310	class	HarmonicSeries
KmiDi_CANON/body/music_theory/Types.h	318	class	BeatingAnalysis
KmiDi_CANON/body/music_theory/Types.h	339	class	EraCharacteristics
KmiDi_CANON/body/music_theory/Types.h	353	class	PerformanceGuide
KmiDi_CANON/body/music_theory/MusicTheoryBrain.h	33	class	MusicTheoryBrain
KmiDi_CANON/body/music_theory/MusicTheoryBrain.h	57	class	CompleteAnalysis
KmiDi_CANON/body/music_theory/MusicTheoryBrain.h	78	function	analyzeMIDI
KmiDi_CANON/body/music_theory/MusicTheoryBrain.h	94	function	analyzeAndExplain
KmiDi_CANON/body/music_theory/MusicTheoryBrain.h	119	class	GeneratedMusic
KmiDi_CANON/body/music_theory/MusicTheoryBrain.h	138	function	generateFromEmotion
KmiDi_CANON/body/music_theory/MusicTheoryBrain.h	156	function	generateFromDescription
KmiDi_CANON/body/music_theory/MusicTheoryBrain.h	168	class	ReharmonizationResult
KmiDi_CANON/body/music_theory/MusicTheoryBrain.h	175	function	reharmonizeMelody
KmiDi_CANON/body/music_theory/MusicTheoryBrain.h	196	function	askQuestion
KmiDi_CANON/body/music_theory/MusicTheoryBrain.h	208	function	getCustomLearningPath
KmiDi_CANON/body/music_theory/MusicTheoryBrain.h	225	class	PracticeSession
KmiDi_CANON/body/music_theory/MusicTheoryBrain.h	232	function	generatePracticeSession
KmiDi_CANON/body/music_theory/MusicTheoryBrain.h	247	function	explainEmotionalEffect
KmiDi_CANON/body/music_theory/MusicTheoryBrain.h	265	class	TheoryValidation
KmiDi_CANON/body/music_theory/MusicTheoryBrain.h	277	function	validateTheory
KmiDi_CANON/body/music_theory/MusicTheoryBrain.h	291	class	ImprovementSuggestion
KmiDi_CANON/body/music_theory/MusicTheoryBrain.h	298	function	suggestImprovements
KmiDi_CANON/body/music_theory/MusicTheoryBrain.h	311	function	suggestSubstitutions
KmiDi_CANON/body/music_theory/MusicTheoryBrain.h	345	function	identifyInterval
KmiDi_CANON/body/music_theory/MusicTheoryBrain.h	350	function	identifyChord
KmiDi_CANON/body/music_theory/MusicTheoryBrain.h	355	function	identifyScale
KmiDi_CANON/body/music_theory/MusicTheoryBrain.h	360	function	identifyRhythm
KmiDi_CANON/body/music_theory/MusicTheoryBrain.h	365	function	findKey
KmiDi_CANON/body/music_theory/MusicTheoryBrain.h	370	function	suggestNextChord
KmiDi_CANON/body/music_theory/MusicTheoryBrain.h	382	function	setPreferredExplanationStyle
KmiDi_CANON/body/music_theory/MusicTheoryBrain.h	387	function	setDefaultExplanationDepth
KmiDi_CANON/body/music_theory/MusicTheoryBrain.h	392	function	setAllowRuleBreaking
KmiDi_CANON/body/music_theory/MusicTheoryBrain.h	397	function	loadKnowledgeBase
KmiDi_CANON/body/music_theory/MusicTheoryBrain.h	402	class	SystemStats
KmiDi_CANON/body/music_theory/MusicTheoryBrain.h	409	function	getStatistics
KmiDi_CANON/body/music_theory/MusicTheoryBrain.h	434	function	detectKeyFromNotes
KmiDi_CANON/body/music_theory/MusicTheoryBrain.h	435	function	detectScaleFromNotes
KmiDi_CANON/body/music_theory/MusicTheoryBrain.h	436	function	detectChordsFromMIDI
KmiDi_CANON/body/music_theory/MusicTheoryBrain.h	442	function	progressionToMIDI
KmiDi_CANON/body/music_theory/MusicTheoryBrain.h	447	function	rhythmToOnsetTimes
KmiDi_CANON/body/music_theory/MusicTheoryBrain.h	451	function	generateVelocities
KmiDi_CANON/body/music_theory/MusicTheoryBrain.h	457	class	ParsedDescription
KmiDi_CANON/body/music_theory/MusicTheoryBrain.h	464	function	parseDescription
KmiDi_CANON/body/music_theory/MusicTheoryBrain.h	467	function	answerIntervalQuestion
KmiDi_CANON/body/music_theory/MusicTheoryBrain.h	469	function	answerChordQuestion
KmiDi_CANON/body/music_theory/MusicTheoryBrain.h	471	function	answerProgressionQuestion
KmiDi_CANON/body/music_theory/MusicTheoryBrain.h	473	function	answerRhythmQuestion
KmiDi_CANON/body/music_theory/MusicTheoryBrain.h	477	function	explainWithStyle
KmiDi_CANON/body/music_theory/MusicTheoryBrain.h	484	class	MIDIGroup
KmiDi_CANON/body/music_theory/MusicTheoryBrain.h	490	function	groupSimultaneousNotes
KmiDi_CANON/body/music_theory/MusicTheoryBrain.h	497	function	getEmotionalCharacteristics
KmiDi_CANON/body/music_theory/MusicTheoryBrain.h	502	function	hasParallelFifths
KmiDi_CANON/body/music_theory/MusicTheoryBrain.h	503	function	hasUnresolvedTension
KmiDi_CANON/body/music_theory/MusicTheoryBrain.h	506	function	toLowerCase
KmiDi_CANON/body/music_theory/MusicTheoryBrain.h	507	function	tokenize
KmiDi_CANON/body/music_theory/MusicTheoryBrain.h	508	function	containsKeyword
KmiDi_CANON/body/ui/EQCurveView.cpp	47	function	stroke
KmiDi_CANON/body/ui/CassetteView.h	16	class	CassetteView
KmiDi_CANON/body/ui/CassetteView.h	22	function	paint
KmiDi_CANON/body/ui/CassetteView.h	23	function	resized
KmiDi_CANON/body/ui/CassetteView.h	24	function	timerCallback
KmiDi_CANON/body/ui/CassetteView.h	27	function	setContentComponent
KmiDi_CANON/body/ui/CassetteView.h	30	function	setLabelText
KmiDi_CANON/body/ui/CassetteView.h	33	function	setTapeAnimating
KmiDi_CANON/body/ui/CassetteView.h	36	function	setTapePosition
KmiDi_CANON/body/ui/CassetteView.h	45	function	drawCassetteBody
KmiDi_CANON/body/ui/CassetteView.h	46	function	drawTapeReels
KmiDi_CANON/body/ui/CassetteView.h	47	function	drawTapeWindow
KmiDi_CANON/body/ui/CassetteView.h	48	function	drawLabel
KmiDi_CANON/body/ui/EmotionWorkstation.h	50	class	EmotionWorkstation
KmiDi_CANON/body/ui/EmotionWorkstation.h	52	function	EmotionWorkstation
KmiDi_CANON/body/ui/EmotionWorkstation.h	55	function	paint
KmiDi_CANON/body/ui/EmotionWorkstation.h	56	function	resized
KmiDi_CANON/body/ui/EmotionWorkstation.h	57	function	timerCallback
KmiDi_CANON/body/ui/EmotionWorkstation.h	60	function	getWoundText
KmiDi_CANON/body/ui/EmotionWorkstation.h	61	function	setWoundText
KmiDi_CANON/body/ui/EmotionWorkstation.h	62	function	getEmotionInputText
KmiDi_CANON/body/ui/EmotionWorkstation.h	63	function	setEmotionInputText
KmiDi_CANON/body/ui/EmotionWorkstation.h	66	function	setPreviewText
KmiDi_CANON/body/ui/EmotionWorkstation.h	67	function	isAutoGenerateEnabled
KmiDi_CANON/body/ui/EmotionWorkstation.h	68	function	applyEmotionSelection
KmiDi_CANON/body/ui/EmotionWorkstation.h	210	function	setupComponents
KmiDi_CANON/body/ui/EmotionWorkstation.h	211	function	setupSlider
KmiDi_CANON/body/ui/EmotionWorkstation.h	213	function	setupButton
KmiDi_CANON/body/ui/EmotionWorkstation.h	214	function	handleEmotionWheelSelection
KmiDi_CANON/body/ui/EmotionWorkstation.h	215	function	setupProjectMenu
KmiDi_CANON/body/ui/EmotionWorkstation.h	216	function	showProjectMenu
KmiDi_CANON/body/ui/MusicianCommandPanel.cpp	706	function	generateWalkingBass
KmiDi_CANON/body/ui/MusicianCommandPanel.cpp	802	function	stream
KmiDi_CANON/body/ui/PianoRollPreview.h	18	class	PianoRollPreview
KmiDi_CANON/body/ui/PianoRollPreview.h	26	function	setMidiData
KmiDi_CANON/body/ui/PianoRollPreview.h	31	function	clear
KmiDi_CANON/body/ui/PianoRollPreview.h	36	function	setPlayheadPosition
KmiDi_CANON/body/ui/PianoRollPreview.h	41	function	setZoom
KmiDi_CANON/body/ui/PianoRollPreview.h	49	function	setTimeRange
KmiDi_CANON/body/ui/PianoRollPreview.h	54	function	setPitchRange
KmiDi_CANON/body/ui/PianoRollPreview.h	59	function	getTimeStart
KmiDi_CANON/body/ui/PianoRollPreview.h	60	function	getTimeEnd
KmiDi_CANON/body/ui/PianoRollPreview.h	65	function	getZoom
KmiDi_CANON/body/ui/PianoRollPreview.h	70	function	getPitchMin
KmiDi_CANON/body/ui/PianoRollPreview.h	71	function	getPitchMax
KmiDi_CANON/body/ui/PianoRollPreview.h	73	function	paint
KmiDi_CANON/body/ui/PianoRollPreview.h	74	function	resized
KmiDi_CANON/body/ui/PianoRollPreview.h	87	function	drawGrid
KmiDi_CANON/body/ui/PianoRollPreview.h	88	function	drawNotes
KmiDi_CANON/body/ui/PianoRollPreview.h	89	function	drawPlayhead
KmiDi_CANON/body/ui/PianoRollPreview.h	90	function	pitchToY
KmiDi_CANON/body/ui/PianoRollPreview.h	91	function	timeToX
KmiDi_CANON/body/ui/SuggestionOverlay.h	35	class	SuggestionOverlay
KmiDi_CANON/body/ui/SuggestionOverlay.h	37	class	Suggestion
KmiDi_CANON/body/ui/SuggestionOverlay.h	46	class	SuggestionCard
KmiDi_CANON/body/ui/SuggestionOverlay.h	65	function	setSuggestions
KmiDi_CANON/body/ui/SuggestionOverlay.h	66	function	clearSuggestions
KmiDi_CANON/body/ui/SuggestionOverlay.h	67	function	clear
KmiDi_CANON/body/ui/SuggestionOverlay.h	68	function	setVisible
KmiDi_CANON/body/ui/SuggestionOverlay.h	70	function	paint
KmiDi_CANON/body/ui/SuggestionOverlay.h	71	function	resized
KmiDi_CANON/body/ui/SuggestionOverlay.h	77	function	rebuildCards
KmiDi_CANON/body/ui/SuggestionOverlay.h	78	function	layoutCards
KmiDi_CANON/body/ui/SuggestionOverlay.h	79	function	getConfidenceColor
KmiDi_CANON/body/ui/SuggestionOverlay.h	80	function	getConfidenceText
KmiDi_CANON/body/ui/SuggestionOverlay.h	81	function	applyButtonClicked
KmiDi_CANON/body/ui/SuggestionOverlay.h	82	function	dismissButtonClicked
KmiDi_CANON/body/ui/SuggestionOverlay.h	83	function	expandButtonClicked
KmiDi_CANON/body/ui/SuggestionOverlay.h	84	function	findCardIndex
KmiDi_CANON/body/ui/MixerConsolePanel.h	45	class	ChannelStrip
KmiDi_CANON/body/ui/MixerConsolePanel.h	48	function	ChannelStrip
KmiDi_CANON/body/ui/MixerConsolePanel.h	51	function	paint
KmiDi_CANON/body/ui/MixerConsolePanel.h	52	function	resized
KmiDi_CANON/body/ui/MixerConsolePanel.h	58	function	setGain
KmiDi_CANON/body/ui/MixerConsolePanel.h	59	function	setPan
KmiDi_CANON/body/ui/MixerConsolePanel.h	60	function	setMute
KmiDi_CANON/body/ui/MixerConsolePanel.h	61	function	setSolo
KmiDi_CANON/body/ui/MixerConsolePanel.h	62	function	setRecordArm
KmiDi_CANON/body/ui/MixerConsolePanel.h	64	function	getGain
KmiDi_CANON/body/ui/MixerConsolePanel.h	65	function	getPan
KmiDi_CANON/body/ui/MixerConsolePanel.h	66	function	isMuted
KmiDi_CANON/body/ui/MixerConsolePanel.h	67	function	isSoloed
KmiDi_CANON/body/ui/MixerConsolePanel.h	74	class	EQBand
KmiDi_CANON/body/ui/MixerConsolePanel.h	80	function	setLowEQ
KmiDi_CANON/body/ui/MixerConsolePanel.h	81	function	setMidEQ
KmiDi_CANON/body/ui/MixerConsolePanel.h	82	function	setHighEQ
KmiDi_CANON/body/ui/MixerConsolePanel.h	84	function	setLowFreq
KmiDi_CANON/body/ui/MixerConsolePanel.h	85	function	setMidFreq
KmiDi_CANON/body/ui/MixerConsolePanel.h	86	function	setHighFreq
KmiDi_CANON/body/ui/MixerConsolePanel.h	92	function	setCompressorThreshold
KmiDi_CANON/body/ui/MixerConsolePanel.h	93	function	setCompressorRatio
KmiDi_CANON/body/ui/MixerConsolePanel.h	94	function	setCompressorAttack
KmiDi_CANON/body/ui/MixerConsolePanel.h	95	function	setCompressorRelease
KmiDi_CANON/body/ui/MixerConsolePanel.h	96	function	setCompressorMakeupGain
KmiDi_CANON/body/ui/MixerConsolePanel.h	97	function	setEQVisible
KmiDi_CANON/body/ui/MixerConsolePanel.h	98	function	setCompressorVisible
KmiDi_CANON/body/ui/MixerConsolePanel.h	99	function	setInsertVisible
KmiDi_CANON/body/ui/MixerConsolePanel.h	100	function	setSendsVisible
KmiDi_CANON/body/ui/MixerConsolePanel.h	101	function	setMetersVisible
KmiDi_CANON/body/ui/MixerConsolePanel.h	114	function	addInsertEffect
KmiDi_CANON/body/ui/MixerConsolePanel.h	115	function	removeInsertEffect
KmiDi_CANON/body/ui/MixerConsolePanel.h	116	function	bypassInsertEffect
KmiDi_CANON/body/ui/MixerConsolePanel.h	117	function	getInsertEffectNames
KmiDi_CANON/body/ui/MixerConsolePanel.h	123	function	setSendLevel
KmiDi_CANON/body/ui/MixerConsolePanel.h	124	function	setSendPan
KmiDi_CANON/body/ui/MixerConsolePanel.h	130	function	updateMeter
KmiDi_CANON/body/ui/MixerConsolePanel.h	131	function	getPeakLevel
KmiDi_CANON/body/ui/MixerConsolePanel.h	132	function	getRMSLevel
KmiDi_CANON/body/ui/MixerConsolePanel.h	196	class	MixerConsolePanel
KmiDi_CANON/body/ui/MixerConsolePanel.h	202	function	paint
KmiDi_CANON/body/ui/MixerConsolePanel.h	203	function	resized
KmiDi_CANON/body/ui/MixerConsolePanel.h	212	function	addChannel
KmiDi_CANON/body/ui/MixerConsolePanel.h	217	function	removeChannel
KmiDi_CANON/body/ui/MixerConsolePanel.h	227	function	getAllChannels
KmiDi_CANON/body/ui/MixerConsolePanel.h	233	class	MixerPreset
KmiDi_CANON/body/ui/MixerConsolePanel.h	237	class	ChannelSetup
KmiDi_CANON/body/ui/MixerConsolePanel.h	247	function	loadPreset
KmiDi_CANON/body/ui/MixerConsolePanel.h	248	function	savePreset
KmiDi_CANON/body/ui/MixerConsolePanel.h	249	function	getAvailablePresets
KmiDi_CANON/body/ui/MixerConsolePanel.h	255	function	loadRockBandTemplate
KmiDi_CANON/body/ui/MixerConsolePanel.h	256	function	loadOrchestralTemplate
KmiDi_CANON/body/ui/MixerConsolePanel.h	257	function	loadElectronicTemplate
KmiDi_CANON/body/ui/MixerConsolePanel.h	258	function	loadJazzComboTemplate
KmiDi_CANON/body/ui/MixerConsolePanel.h	259	function	loadSongwriterTemplate
KmiDi_CANON/body/ui/MixerConsolePanel.h	265	function	setMasterGain
KmiDi_CANON/body/ui/MixerConsolePanel.h	266	function	setMasterLimiter
KmiDi_CANON/body/ui/MixerConsolePanel.h	267	function	getMasterGain
KmiDi_CANON/body/ui/MixerConsolePanel.h	273	function	addEffectBus
KmiDi_CANON/body/ui/MixerConsolePanel.h	274	function	setEffectBusLevel
KmiDi_CANON/body/ui/MixerConsolePanel.h	275	function	setEffectBusParameters
KmiDi_CANON/body/ui/MixerConsolePanel.h	282	function	routeChannelToOutput
KmiDi_CANON/body/ui/MixerConsolePanel.h	283	function	createSubmix
KmiDi_CANON/body/ui/MixerConsolePanel.h	298	function	setChannelAutomationMode
KmiDi_CANON/body/ui/MixerConsolePanel.h	299	function	recordAutomation
KmiDi_CANON/body/ui/MixerConsolePanel.h	302	class	AutomationPoint
KmiDi_CANON/body/ui/MixerConsolePanel.h	308	function	getChannelAutomation
KmiDi_CANON/body/ui/MixerConsolePanel.h	321	function	setViewMode
KmiDi_CANON/body/ui/MixerConsolePanel.h	322	function	setShowEQ
KmiDi_CANON/body/ui/MixerConsolePanel.h	323	function	setShowCompressor
KmiDi_CANON/body/ui/MixerConsolePanel.h	324	function	setShowInserts
KmiDi_CANON/body/ui/MixerConsolePanel.h	325	function	setShowSends
KmiDi_CANON/body/ui/MixerConsolePanel.h	326	function	setShowMeters
KmiDi_CANON/body/ui/MixerConsolePanel.h	335	function	routeMIDIToChannel
KmiDi_CANON/body/ui/MixerConsolePanel.h	340	function	getMixedOutput
KmiDi_CANON/body/ui/MixerConsolePanel.h	345	function	applyMixToMIDI
KmiDi_CANON/body/ui/MixerConsolePanel.h	351	class	MixerSnapshot
KmiDi_CANON/body/ui/MixerConsolePanel.h	353	class	ChannelState
KmiDi_CANON/body/ui/MixerConsolePanel.h	364	function	saveSnapshot
KmiDi_CANON/body/ui/MixerConsolePanel.h	365	function	loadSnapshot
KmiDi_CANON/body/ui/MixerConsolePanel.h	366	function	getSnapshots
KmiDi_CANON/body/ui/MixerConsolePanel.h	375	function	exportSession
KmiDi_CANON/body/ui/MixerConsolePanel.h	380	function	importSession
KmiDi_CANON/body/ui/MixerConsolePanel.h	443	function	initializePresets
KmiDi_CANON/body/ui/MixerConsolePanel.h	444	function	createRockBandPreset
KmiDi_CANON/body/ui/MixerConsolePanel.h	445	function	createOrchestralPreset
KmiDi_CANON/body/ui/MixerConsolePanel.h	446	function	createElectronicPreset
KmiDi_CANON/body/ui/MixerConsolePanel.h	447	function	createJazzComboPreset
KmiDi_CANON/body/ui/MixerConsolePanel.h	448	function	createSongwriterPreset
KmiDi_CANON/body/ui/MixerConsolePanel.h	454	function	layoutMixerView
KmiDi_CANON/body/ui/MixerConsolePanel.h	455	function	layoutTrackView
KmiDi_CANON/body/ui/MixerConsolePanel.h	456	function	layoutCompactView
KmiDi_CANON/body/ui/MixerConsolePanel.h	462	function	onChannelGainChanged
KmiDi_CANON/body/ui/MixerConsolePanel.h	463	function	onChannelPanChanged
KmiDi_CANON/body/ui/MixerConsolePanel.h	464	function	onChannelMuteChanged
KmiDi_CANON/body/ui/MixerConsolePanel.h	465	function	onChannelSoloChanged
KmiDi_CANON/body/ui/MixerConsolePanel.h	467	function	onPresetSelected
KmiDi_CANON/body/ui/MixerConsolePanel.h	468	function	onViewModeChanged
KmiDi_CANON/body/ui/MixerConsolePanel.h	477	class	TimelinePanel
KmiDi_CANON/body/ui/MixerConsolePanel.h	483	function	paint
KmiDi_CANON/body/ui/MixerConsolePanel.h	484	function	resized
KmiDi_CANON/body/ui/MixerConsolePanel.h	485	function	mouseDown
KmiDi_CANON/body/ui/MixerConsolePanel.h	486	function	mouseDrag
KmiDi_CANON/body/ui/MixerConsolePanel.h	492	class	Track
KmiDi_CANON/body/ui/MixerConsolePanel.h	502	function	addTrack
KmiDi_CANON/body/ui/MixerConsolePanel.h	503	function	removeTrack
KmiDi_CANON/body/ui/MixerConsolePanel.h	510	class	Region
KmiDi_CANON/body/ui/MixerConsolePanel.h	519	function	addRegion
KmiDi_CANON/body/ui/MixerConsolePanel.h	520	function	moveRegion
KmiDi_CANON/body/ui/MixerConsolePanel.h	521	function	resizeRegion
KmiDi_CANON/body/ui/MixerConsolePanel.h	522	function	deleteRegion
KmiDi_CANON/body/ui/MixerConsolePanel.h	528	function	setPlayheadPosition
KmiDi_CANON/body/ui/MixerConsolePanel.h	529	function	getPlayheadPosition
KmiDi_CANON/body/ui/MixerConsolePanel.h	531	function	setLoop
KmiDi_CANON/body/ui/MixerConsolePanel.h	537	function	setTimelineZoom
KmiDi_CANON/body/ui/MixerConsolePanel.h	538	function	setVerticalZoom
KmiDi_CANON/body/ui/MixerConsolePanel.h	539	function	snapToGrid
KmiDi_CANON/body/ui/MixerConsolePanel.h	540	function	setGridResolution
KmiDi_CANON/body/ui/MixerConsolePanel.h	555	function	drawTimeline
KmiDi_CANON/body/ui/MixerConsolePanel.h	556	function	drawTracks
KmiDi_CANON/body/ui/MixerConsolePanel.h	557	function	drawRegions
KmiDi_CANON/body/ui/MixerConsolePanel.h	558	function	drawPlayhead
KmiDi_CANON/body/ui/MixerConsolePanel.h	559	function	drawGrid
KmiDi_CANON/body/ui/GenerateButton.h	13	class	GenerateButton
KmiDi_CANON/body/ui/GenerateButton.h	18	function	paintButton
KmiDi_CANON/body/ui/GenerateButton.h	22	function	startGenerateAnimation
KmiDi_CANON/body/ui/GenerateButton.h	23	function	stopGenerateAnimation
KmiDi_CANON/body/ui/WorkstationPanel.cpp	32	class	TrackDef
KmiDi_CANON/body/ui/WorkstationPanel.cpp	167	function	headerGradient
KmiDi_CANON/body/ui/MusicianCommandPanel.h	37	class	MusicianCommandPanel
KmiDi_CANON/body/ui/MusicianCommandPanel.h	48	function	paint
KmiDi_CANON/body/ui/MusicianCommandPanel.h	49	function	resized
KmiDi_CANON/body/ui/MusicianCommandPanel.h	65	class	CommandResult
KmiDi_CANON/body/ui/MusicianCommandPanel.h	72	function	executeCommand
KmiDi_CANON/body/ui/MusicianCommandPanel.h	77	function	getCurrentMidiBuffer
KmiDi_CANON/body/ui/MusicianCommandPanel.h	82	function	setCurrentProject
KmiDi_CANON/body/ui/MusicianCommandPanel.h	83	function	setCurrentTimeSignature
KmiDi_CANON/body/ui/MusicianCommandPanel.h	84	function	setCurrentKey
KmiDi_CANON/body/ui/MusicianCommandPanel.h	85	function	setCurrentTempo
KmiDi_CANON/body/ui/MusicianCommandPanel.h	86	function	setTotalBars
KmiDi_CANON/body/ui/MusicianCommandPanel.h	92	function	undo
KmiDi_CANON/body/ui/MusicianCommandPanel.h	93	function	redo
KmiDi_CANON/body/ui/MusicianCommandPanel.h	94	function	clearHistory
KmiDi_CANON/body/ui/MusicianCommandPanel.h	95	function	getCommandHistory
KmiDi_CANON/body/ui/MusicianCommandPanel.h	138	class	ParsedCommand
KmiDi_CANON/body/ui/MusicianCommandPanel.h	170	function	parseCommand
KmiDi_CANON/body/ui/MusicianCommandPanel.h	177	function	handleAddCommand
KmiDi_CANON/body/ui/MusicianCommandPanel.h	178	function	handleChangeCommand
KmiDi_CANON/body/ui/MusicianCommandPanel.h	179	function	handleRemoveCommand
KmiDi_CANON/body/ui/MusicianCommandPanel.h	180	function	handleModulateCommand
KmiDi_CANON/body/ui/MusicianCommandPanel.h	181	function	handleSubstituteCommand
KmiDi_CANON/body/ui/MusicianCommandPanel.h	182	function	handleReharmonizeCommand
KmiDi_CANON/body/ui/MusicianCommandPanel.h	185	function	handleBassCommand
KmiDi_CANON/body/ui/MusicianCommandPanel.h	186	function	handleGuitarCommand
KmiDi_CANON/body/ui/MusicianCommandPanel.h	187	function	handleDrumCommand
KmiDi_CANON/body/ui/MusicianCommandPanel.h	188	function	handleKeyboardCommand
KmiDi_CANON/body/ui/MusicianCommandPanel.h	191	function	addPickslide
KmiDi_CANON/body/ui/MusicianCommandPanel.h	192	function	addHarmonics
KmiDi_CANON/body/ui/MusicianCommandPanel.h	193	function	addBend
KmiDi_CANON/body/ui/MusicianCommandPanel.h	194	function	addSlide
KmiDi_CANON/body/ui/MusicianCommandPanel.h	195	function	addFill
KmiDi_CANON/body/ui/MusicianCommandPanel.h	201	class	MidiGenerationContext
KmiDi_CANON/body/ui/MusicianCommandPanel.h	213	function	generateWalkingBass
KmiDi_CANON/body/ui/MusicianCommandPanel.h	217	function	generateArpeggio
KmiDi_CANON/body/ui/MusicianCommandPanel.h	221	function	generateChordVoicing
KmiDi_CANON/body/ui/MusicianCommandPanel.h	225	function	generateDrumPattern
KmiDi_CANON/body/ui/MusicianCommandPanel.h	229	function	generateMelodicLine
KmiDi_CANON/body/ui/MusicianCommandPanel.h	234	function	createPickslideMidi
KmiDi_CANON/body/ui/MusicianCommandPanel.h	240	function	createBendMidi
KmiDi_CANON/body/ui/MusicianCommandPanel.h	254	class	TimingInfo
KmiDi_CANON/body/ui/MusicianCommandPanel.h	261	function	parseTimingExpression
KmiDi_CANON/body/ui/MusicianCommandPanel.h	263	function	getTimingForSection
KmiDi_CANON/body/ui/MusicianCommandPanel.h	268	function	barBeatToTick
KmiDi_CANON/body/ui/MusicianCommandPanel.h	269	function	barBeatToSeconds
KmiDi_CANON/body/ui/MusicianCommandPanel.h	276	class	VocabularyEntry
KmiDi_CANON/body/ui/MusicianCommandPanel.h	284	function	initializeMusicVocabulary
KmiDi_CANON/body/ui/MusicianCommandPanel.h	287	function	matchVocabularyTerm
KmiDi_CANON/body/ui/MusicianCommandPanel.h	288	function	tokenizeCommand
KmiDi_CANON/body/ui/MusicianCommandPanel.h	291	function	detectIntent
KmiDi_CANON/body/ui/MusicianCommandPanel.h	292	function	detectInstrument
KmiDi_CANON/body/ui/MusicianCommandPanel.h	293	function	detectTiming
KmiDi_CANON/body/ui/MusicianCommandPanel.h	294	function	detectMusicTheoryConcept
KmiDi_CANON/body/ui/MusicianCommandPanel.h	300	class	ValidationResult
KmiDi_CANON/body/ui/MusicianCommandPanel.h	306	function	validateCommand
KmiDi_CANON/body/ui/MusicianCommandPanel.h	307	function	checkTimingValid
KmiDi_CANON/body/ui/MusicianCommandPanel.h	308	function	checkInstrumentExists
KmiDi_CANON/body/ui/MusicianCommandPanel.h	309	function	checkMusicTheoryValid
KmiDi_CANON/body/ui/MusicianCommandPanel.h	315	function	getAutocompleteSuggestions
KmiDi_CANON/body/ui/MusicianCommandPanel.h	319	function	updateAutocomplete
KmiDi_CANON/body/ui/MusicianCommandPanel.h	325	class	CommandHistoryEntry
KmiDi_CANON/body/ui/MusicianCommandPanel.h	336	function	addToHistory
KmiDi_CANON/body/ui/MusicianCommandPanel.h	342	class	PresetCommand
KmiDi_CANON/body/ui/MusicianCommandPanel.h	350	function	initializePresetCommands
KmiDi_CANON/body/ui/MusicianCommandPanel.h	352	function	showPresetMenu
KmiDi_CANON/body/ui/MusicianCommandPanel.h	358	function	textEditorTextChanged
KmiDi_CANON/body/ui/MusicianCommandPanel.h	359	function	textEditorReturnKeyPressed
KmiDi_CANON/body/ui/MusicianCommandPanel.h	361	function	onExecuteClicked
KmiDi_CANON/body/ui/MusicianCommandPanel.h	362	function	onClearClicked
KmiDi_CANON/body/ui/MusicianCommandPanel.h	363	function	onUndoClicked
KmiDi_CANON/body/ui/MusicianCommandPanel.h	364	function	onRedoClicked
KmiDi_CANON/body/ui/MusicianCommandPanel.h	366	function	onQuickActionClicked
KmiDi_CANON/body/ui/MusicianCommandPanel.h	372	function	showHelpDialog
KmiDi_CANON/body/ui/MusicianCommandPanel.h	373	function	getCommandSyntaxHelp
KmiDi_CANON/body/ui/MusicianCommandPanel.h	374	function	getExampleCommands
KmiDi_CANON/body/ui/MusicianCommandPanel.h	380	function	updateMidiPreview
KmiDi_CANON/body/ui/MusicianCommandPanel.h	381	function	playMidiPreview
KmiDi_CANON/body/ui/MusicianCommandPanel.h	387	function	showError
KmiDi_CANON/body/ui/MusicianCommandPanel.h	388	function	showSuccess
KmiDi_CANON/body/ui/MusicianCommandPanel.h	389	function	showInfo
KmiDi_CANON/body/ui/MusicianCommandPanel.h	408	class	CommandExamplesPanel
KmiDi_CANON/body/ui/MusicianCommandPanel.h	413	function	paint
KmiDi_CANON/body/ui/MusicianCommandPanel.h	414	function	resized
KmiDi_CANON/body/ui/MusicianCommandPanel.h	417	class	CommandExample
KmiDi_CANON/body/ui/MusicianCommandPanel.h	427	function	initializeExamples
KmiDi_CANON/body/ui/MusicianCommandPanel.h	428	function	formatExamples
KmiDi_CANON/body/ui/LyricDisplay.cpp	68	function	lineBounds
KmiDi_CANON/body/ui/KellyLookAndFeel.h	17	class	KellyLookAndFeel
KmiDi_CANON/body/ui/KellyLookAndFeel.h	42	function	drawButtonBackground
KmiDi_CANON/body/ui/KellyLookAndFeel.h	47	function	drawButtonText
KmiDi_CANON/body/ui/KellyLookAndFeel.h	51	function	drawLinearSlider
KmiDi_CANON/body/ui/KellyLookAndFeel.h	55	function	drawLinearSliderBackground
KmiDi_CANON/body/ui/KellyLookAndFeel.h	59	function	drawLinearSliderThumb
KmiDi_CANON/body/ui/KellyLookAndFeel.h	63	function	drawComboBox
KmiDi_CANON/body/ui/KellyLookAndFeel.h	67	function	drawTextEditorOutline
KmiDi_CANON/body/ui/KellyLookAndFeel.h	70	function	drawToggleButton
KmiDi_CANON/body/ui/KellyLookAndFeel.h	74	function	getTextButtonFont
KmiDi_CANON/body/ui/KellyLookAndFeel.h	75	function	getLabelFont
KmiDi_CANON/body/ui/KellyLookAndFeel.h	76	function	getSliderPopupFont
KmiDi_CANON/body/ui/KellyLookAndFeel.h	77	function	getSliderThumbRadius
KmiDi_CANON/body/ui/KellyLookAndFeel.h	79	function	getTextButtonWidthToFitText
KmiDi_CANON/body/ui/KellyLookAndFeel.h	82	function	drawModernButton
KmiDi_CANON/body/ui/KellyLookAndFeel.h	85	function	drawModernSliderTrack
KmiDi_CANON/body/ui/KellyLookAndFeel.h	88	function	drawModernSliderThumb
KmiDi_CANON/body/ui/VocalControlPanel.h	20	class	VocalControlPanel
KmiDi_CANON/body/ui/VocalControlPanel.h	25	function	paint
KmiDi_CANON/body/ui/VocalControlPanel.h	26	function	resized
KmiDi_CANON/body/ui/VocalControlPanel.h	31	function	getVoiceType
KmiDi_CANON/body/ui/VocalControlPanel.h	36	function	getExpression
KmiDi_CANON/body/ui/VocalControlPanel.h	41	function	setVoiceType
KmiDi_CANON/body/ui/VocalControlPanel.h	46	function	setExpression
KmiDi_CANON/body/ui/VocalControlPanel.h	80	function	setupSliders
KmiDi_CANON/body/ui/VocalControlPanel.h	85	function	updateExpressionFromSliders
KmiDi_CANON/body/ui/VocalControlPanel.h	90	function	voiceTypeChanged
KmiDi_CANON/body/ui/MidiEditor.h	43	class	MidiEditor
KmiDi_CANON/body/ui/MidiEditor.h	67	function	setMidiData
KmiDi_CANON/body/ui/MidiEditor.h	68	function	setEditable
KmiDi_CANON/body/ui/MidiEditor.h	69	function	isEditable
KmiDi_CANON/body/ui/MidiEditor.h	72	function	setTool
KmiDi_CANON/body/ui/MidiEditor.h	73	function	getTool
KmiDi_CANON/body/ui/MidiEditor.h	76	function	setSnapMode
KmiDi_CANON/body/ui/MidiEditor.h	77	function	getSnapMode
KmiDi_CANON/body/ui/MidiEditor.h	80	function	selectNote
KmiDi_CANON/body/ui/MidiEditor.h	81	function	deselectNote
KmiDi_CANON/body/ui/MidiEditor.h	82	function	selectAll
KmiDi_CANON/body/ui/MidiEditor.h	83	function	deselectAll
KmiDi_CANON/body/ui/MidiEditor.h	84	function	selectInRange
KmiDi_CANON/body/ui/MidiEditor.h	88	function	undo
KmiDi_CANON/body/ui/MidiEditor.h	89	function	redo
KmiDi_CANON/body/ui/MidiEditor.h	90	function	canUndo
KmiDi_CANON/body/ui/MidiEditor.h	91	function	canRedo
KmiDi_CANON/body/ui/MidiEditor.h	94	function	quantizeSelected
KmiDi_CANON/body/ui/MidiEditor.h	95	function	humanizeSelected
KmiDi_CANON/body/ui/MidiEditor.h	98	function	copySelected
KmiDi_CANON/body/ui/MidiEditor.h	99	function	paste
KmiDi_CANON/body/ui/MidiEditor.h	100	function	hasClipboard
KmiDi_CANON/body/ui/MidiEditor.h	103	function	deleteSelected
KmiDi_CANON/body/ui/MidiEditor.h	106	function	setSelectedNoteProperty
KmiDi_CANON/body/ui/MidiEditor.h	113	function	paint
KmiDi_CANON/body/ui/MidiEditor.h	114	function	mouseDown
KmiDi_CANON/body/ui/MidiEditor.h	115	function	mouseDrag
KmiDi_CANON/body/ui/MidiEditor.h	116	function	mouseUp
KmiDi_CANON/body/ui/MidiEditor.h	117	function	mouseMove
KmiDi_CANON/body/ui/MidiEditor.h	118	function	mouseDoubleClick
KmiDi_CANON/body/ui/MidiEditor.h	119	function	keyPressed
KmiDi_CANON/body/ui/MidiEditor.h	134	class	DragState
KmiDi_CANON/body/ui/MidiEditor.h	151	function	drawSelection
KmiDi_CANON/body/ui/MidiEditor.h	152	function	drawDragPreview
KmiDi_CANON/body/ui/MidiEditor.h	153	function	drawToolCursor
KmiDi_CANON/body/ui/MidiEditor.h	156	class	HitTestResult
KmiDi_CANON/body/ui/MidiEditor.h	164	function	hitTest
KmiDi_CANON/body/ui/MidiEditor.h	167	function	pixelToBeat
KmiDi_CANON/body/ui/MidiEditor.h	168	function	beatToPixel
KmiDi_CANON/body/ui/MidiEditor.h	169	function	pixelToPitch
KmiDi_CANON/body/ui/MidiEditor.h	170	function	pitchToPixel
KmiDi_CANON/body/ui/MidiEditor.h	173	function	snapBeat
KmiDi_CANON/body/ui/MidiEditor.h	174	function	snapPitch
KmiDi_CANON/body/ui/MidiEditor.h	177	function	addNoteAt
KmiDi_CANON/body/ui/MidiEditor.h	178	function	deleteNote
KmiDi_CANON/body/ui/MidiEditor.h	179	function	moveNote
KmiDi_CANON/body/ui/MidiEditor.h	180	function	resizeNote
KmiDi_CANON/body/ui/MidiEditor.h	183	function	updateSelectionBox
KmiDi_CANON/body/ui/MidiEditor.h	184	function	getNotesInBox
KmiDi_CANON/body/ui/WorkstationPanel.h	20	class	WorkstationPanel
KmiDi_CANON/body/ui/WorkstationPanel.h	23	class	TrackInfo
KmiDi_CANON/body/ui/WorkstationPanel.h	39	function	paint
KmiDi_CANON/body/ui/WorkstationPanel.h	40	function	resized
KmiDi_CANON/body/ui/WorkstationPanel.h	41	function	timerCallback
KmiDi_CANON/body/ui/WorkstationPanel.h	44	function	updateTracks
KmiDi_CANON/body/ui/WorkstationPanel.h	47	function	getTrackInfos
KmiDi_CANON/body/ui/WorkstationPanel.h	66	class	TrackControl
KmiDi_CANON/body/ui/WorkstationPanel.h	82	function	paintTrack
KmiDi_CANON/body/ui/WorkstationPanel.h	83	function	paintTrackHeader
KmiDi_CANON/body/ui/WorkstationPanel.h	84	function	paintTrackContent
KmiDi_CANON/body/ui/WorkstationPanel.h	87	function	mouseDown
KmiDi_CANON/body/ui/WorkstationPanel.h	88	function	mouseMove
KmiDi_CANON/body/ui/WorkstationPanel.h	89	function	mouseExit
KmiDi_CANON/body/ui/WorkstationPanel.h	92	function	initializeTracks
KmiDi_CANON/body/ui/WorkstationPanel.h	95	function	updateTrackControls
KmiDi_CANON/body/ui/WorkstationPanel.h	98	function	getTrackIndexFromPosition
KmiDi_CANON/body/ui/EQCurveView.h	23	class	EQCurveView
KmiDi_CANON/body/ui/EQCurveView.h	30	function	paint
KmiDi_CANON/body/ui/EQCurveView.h	31	function	resized
KmiDi_CANON/body/ui/EQCurveView.h	37	function	updateUserCurve
KmiDi_CANON/body/ui/EQCurveView.h	43	function	updateAICurve
KmiDi_CANON/body/ui/EQCurveView.h	48	function	setAICurveVisible
KmiDi_CANON/body/ui/EQCurveView.h	53	function	setAICurveIntensity
KmiDi_CANON/body/ui/EQCurveView.h	75	function	updateUserCurvePath
KmiDi_CANON/body/ui/EQCurveView.h	76	function	updateAICurvePath
KmiDi_CANON/body/ui/EQCurveView.h	77	function	updateGridPaths
KmiDi_CANON/body/ui/EQCurveView.h	82	function	freqToX
KmiDi_CANON/body/ui/EQCurveView.h	87	function	gainToY
KmiDi_CANON/body/ui/KellyLookAndFeel.cpp	34	function	focusBlue
KmiDi_CANON/body/ui/KellyLookAndFeel.cpp	35	function	creativePurple
KmiDi_CANON/body/ui/KellyLookAndFeel.cpp	36	function	balanceGreen
KmiDi_CANON/body/ui/KellyLookAndFeel.cpp	37	function	energyCyan
KmiDi_CANON/body/ui/KellyLookAndFeel.cpp	72	function	if
KmiDi_CANON/body/ui/KellyLookAndFeel.cpp	78	function	gradient
KmiDi_CANON/body/ui/KellyLookAndFeel.cpp	99	function	highlightGrad
KmiDi_CANON/body/ui/KellyLookAndFeel.cpp	137	function	gradient
KmiDi_CANON/body/ui/KellyLookAndFeel.cpp	157	function	gradient
KmiDi_CANON/body/ui/KellyLookAndFeel.cpp	228	function	highlightGrad
KmiDi_CANON/body/ui/KellyLookAndFeel.cpp	293	function	gradient
KmiDi_CANON/body/ui/KellyLookAndFeel.cpp	329	function	getTextButtonFont
KmiDi_CANON/body/ui/KellyLookAndFeel.cpp	343	function	gradient
KmiDi_CANON/body/ui/KellyLookAndFeel.cpp	397	function	thumbGradient
KmiDi_CANON/body/ui/PianoRollPreview.cpp	125	class	NoteDisplay
KmiDi_CANON/body/ui/ScoreEntryPanel.cpp	619	function	getLocalBounds
KmiDi_CANON/body/ui/ScoreEntryPanel.cpp	637	function	font
KmiDi_CANON/body/ui/ScoreEntryPanel.cpp	656	function	font
KmiDi_CANON/body/ui/ScoreEntryPanel.cpp	668	function	font
KmiDi_CANON/body/ui/ScoreEntryPanel.cpp	685	function	font
KmiDi_CANON/body/ui/AIGenerationDialog.cpp	195	function	gradient
KmiDi_CANON/body/ui/AIGenerationDialog.cpp	205	function	headerGradient
KmiDi_CANON/body/ui/ScoreEntryPanel.h	94	class	NotationNote
KmiDi_CANON/body/ui/ScoreEntryPanel.h	107	class	ChordSymbol
KmiDi_CANON/body/ui/ScoreEntryPanel.h	113	class	TimeSignatureChange
KmiDi_CANON/body/ui/ScoreEntryPanel.h	119	class	KeySignatureChange
KmiDi_CANON/body/ui/ScoreEntryPanel.h	124	class	TempoMarking
KmiDi_CANON/body/ui/ScoreEntryPanel.h	134	class	ScoreEntryPanel
KmiDi_CANON/body/ui/ScoreEntryPanel.h	144	function	paint
KmiDi_CANON/body/ui/ScoreEntryPanel.h	145	function	resized
KmiDi_CANON/body/ui/ScoreEntryPanel.h	146	function	mouseDown
KmiDi_CANON/body/ui/ScoreEntryPanel.h	147	function	mouseDrag
KmiDi_CANON/body/ui/ScoreEntryPanel.h	153	function	setEntryMode
KmiDi_CANON/body/ui/ScoreEntryPanel.h	154	function	getEntryMode
KmiDi_CANON/body/ui/ScoreEntryPanel.h	160	function	setTimeSignature
KmiDi_CANON/body/ui/ScoreEntryPanel.h	161	function	setKeySignature
KmiDi_CANON/body/ui/ScoreEntryPanel.h	162	function	setTempo
KmiDi_CANON/body/ui/ScoreEntryPanel.h	163	function	setClef
KmiDi_CANON/body/ui/ScoreEntryPanel.h	172	function	addNote
KmiDi_CANON/body/ui/ScoreEntryPanel.h	177	function	addChord
KmiDi_CANON/body/ui/ScoreEntryPanel.h	182	function	addChordSymbol
KmiDi_CANON/body/ui/ScoreEntryPanel.h	187	function	addRest
KmiDi_CANON/body/ui/ScoreEntryPanel.h	193	function	setDynamic
KmiDi_CANON/body/ui/ScoreEntryPanel.h	194	function	setArticulation
KmiDi_CANON/body/ui/ScoreEntryPanel.h	195	function	addLyric
KmiDi_CANON/body/ui/ScoreEntryPanel.h	196	function	toggleDot
KmiDi_CANON/body/ui/ScoreEntryPanel.h	197	function	makeTriplet
KmiDi_CANON/body/ui/ScoreEntryPanel.h	198	function	toggleTie
KmiDi_CANON/body/ui/ScoreEntryPanel.h	204	function	moveCursorForward
KmiDi_CANON/body/ui/ScoreEntryPanel.h	205	function	moveCursorBackward
KmiDi_CANON/body/ui/ScoreEntryPanel.h	206	function	moveCursorToMeasure
KmiDi_CANON/body/ui/ScoreEntryPanel.h	207	function	moveCursorToNextMeasure
KmiDi_CANON/body/ui/ScoreEntryPanel.h	216	class	ScoreTemplate
KmiDi_CANON/body/ui/ScoreEntryPanel.h	223	function	loadTemplate
KmiDi_CANON/body/ui/ScoreEntryPanel.h	224	function	getAvailableTemplates
KmiDi_CANON/body/ui/ScoreEntryPanel.h	229	function	quickEntry
KmiDi_CANON/body/ui/ScoreEntryPanel.h	238	function	toMidiBuffer
KmiDi_CANON/body/ui/ScoreEntryPanel.h	243	function	fromMidiBuffer
KmiDi_CANON/body/ui/ScoreEntryPanel.h	249	function	playFromStart
KmiDi_CANON/body/ui/ScoreEntryPanel.h	250	function	playFromCursor
KmiDi_CANON/body/ui/ScoreEntryPanel.h	251	function	stop
KmiDi_CANON/body/ui/ScoreEntryPanel.h	252	function	toggleMetronome
KmiDi_CANON/body/ui/ScoreEntryPanel.h	265	function	setViewMode
KmiDi_CANON/body/ui/ScoreEntryPanel.h	266	function	setZoom
KmiDi_CANON/body/ui/ScoreEntryPanel.h	267	function	setShowChordSymbols
KmiDi_CANON/body/ui/ScoreEntryPanel.h	268	function	setShowLyrics
KmiDi_CANON/body/ui/ScoreEntryPanel.h	269	function	setShowDynamics
KmiDi_CANON/body/ui/ScoreEntryPanel.h	278	function	exportMusicXML
KmiDi_CANON/body/ui/ScoreEntryPanel.h	283	function	exportPDF
KmiDi_CANON/body/ui/ScoreEntryPanel.h	288	function	exportMIDI
KmiDi_CANON/body/ui/ScoreEntryPanel.h	295	function	initializeComponents
KmiDi_CANON/body/ui/ScoreEntryPanel.h	379	function	drawStaff
KmiDi_CANON/body/ui/ScoreEntryPanel.h	380	function	drawClef
KmiDi_CANON/body/ui/ScoreEntryPanel.h	381	function	drawTimeSignature
KmiDi_CANON/body/ui/ScoreEntryPanel.h	383	function	drawKeySignature
KmiDi_CANON/body/ui/ScoreEntryPanel.h	385	function	drawNote
KmiDi_CANON/body/ui/ScoreEntryPanel.h	387	function	drawChordSymbol
KmiDi_CANON/body/ui/ScoreEntryPanel.h	389	function	drawBarline
KmiDi_CANON/body/ui/ScoreEntryPanel.h	390	function	drawCursor
KmiDi_CANON/body/ui/ScoreEntryPanel.h	399	function	staffPositionToPitch
KmiDi_CANON/body/ui/ScoreEntryPanel.h	404	function	pitchToStaffPosition
KmiDi_CANON/body/ui/ScoreEntryPanel.h	414	function	parseQuickEntry
KmiDi_CANON/body/ui/ScoreEntryPanel.h	420	function	initializeTemplates
KmiDi_CANON/body/ui/ScoreEntryPanel.h	427	function	onNoteValueSelected
KmiDi_CANON/body/ui/ScoreEntryPanel.h	428	function	onDynamicSelected
KmiDi_CANON/body/ui/ScoreEntryPanel.h	429	function	onArticulationSelected
KmiDi_CANON/body/ui/ScoreEntryPanel.h	430	function	onQuickEntryExecuted
KmiDi_CANON/body/ui/ScoreEntryPanel.h	431	function	onPlayClicked
KmiDi_CANON/body/ui/ScoreEntryPanel.h	432	function	onStopClicked
KmiDi_CANON/body/ui/ScoreEntryPanel.h	433	function	onMetronomeToggled
KmiDi_CANON/body/ui/ScoreEntryPanel.h	447	function	getMaxMeasureIndex
KmiDi_CANON/body/ui/ScoreEntryPanel.h	448	function	getScoreArea
KmiDi_CANON/body/ui/ScoreEntryPanel.h	457	class	PianoRollPanel
KmiDi_CANON/body/ui/ScoreEntryPanel.h	463	function	paint
KmiDi_CANON/body/ui/ScoreEntryPanel.h	464	function	resized
KmiDi_CANON/body/ui/ScoreEntryPanel.h	465	function	mouseDown
KmiDi_CANON/body/ui/ScoreEntryPanel.h	466	function	mouseDrag
KmiDi_CANON/body/ui/ScoreEntryPanel.h	471	function	toMidiBuffer
KmiDi_CANON/body/ui/ScoreEntryPanel.h	472	function	fromMidiBuffer
KmiDi_CANON/body/ui/ScoreEntryPanel.h	477	function	setSnapToGrid
KmiDi_CANON/body/ui/ScoreEntryPanel.h	478	function	setGridResolution
KmiDi_CANON/body/ui/ScoreEntryPanel.h	479	function	setVerticalZoom
KmiDi_CANON/body/ui/ScoreEntryPanel.h	480	function	setHorizontalZoom
KmiDi_CANON/body/ui/ScoreEntryPanel.h	483	class	PianoRollNote
KmiDi_CANON/body/ui/ScoreEntryPanel.h	496	function	drawPianoKeys
KmiDi_CANON/body/ui/ScoreEntryPanel.h	497	function	drawGrid
KmiDi_CANON/body/ui/ScoreEntryPanel.h	498	function	drawNotes
KmiDi_CANON/body/ui/TooltipComponent.h	12	class	TooltipComponent
KmiDi_CANON/body/ui/TooltipComponent.h	17	function	showTooltip
KmiDi_CANON/body/ui/TooltipComponent.h	18	function	hideTooltip
KmiDi_CANON/body/ui/TooltipComponent.h	20	function	paint
KmiDi_CANON/body/ui/TooltipComponent.h	21	function	resized
KmiDi_CANON/body/ui/TooltipComponent.h	33	class	TooltipHelper
KmiDi_CANON/body/ui/TooltipComponent.h	35	function	setTooltip
KmiDi_CANON/body/ui/MasterEQComponent.h	25	class	MasterEQComponent
KmiDi_CANON/body/ui/MasterEQComponent.h	33	function	paint
KmiDi_CANON/body/ui/MasterEQComponent.h	34	function	resized
KmiDi_CANON/body/ui/MasterEQComponent.h	37	function	parameterChanged
KmiDi_CANON/body/ui/MasterEQComponent.h	40	function	timerCallback
KmiDi_CANON/body/ui/MasterEQComponent.h	46	function	updateEmotionState
KmiDi_CANON/body/ui/MasterEQComponent.h	52	function	applySuggestedCurve
KmiDi_CANON/body/ui/MasterEQComponent.h	93	function	updateUserCurve
KmiDi_CANON/body/ui/MasterEQComponent.h	98	function	updateAICurve
KmiDi_CANON/body/ui/MasterEQComponent.h	103	function	computeEQResponse
KmiDi_CANON/body/ui/WorkflowManager.h	51	class	WorkflowManager
KmiDi_CANON/body/ui/WorkflowManager.h	57	function	paint
KmiDi_CANON/body/ui/WorkflowManager.h	58	function	resized
KmiDi_CANON/body/ui/WorkflowManager.h	67	function	setWorkflowMode
KmiDi_CANON/body/ui/WorkflowManager.h	68	function	getCurrentMode
KmiDi_CANON/body/ui/WorkflowManager.h	90	function	setProjectKey
KmiDi_CANON/body/ui/WorkflowManager.h	91	function	setProjectTimeSignature
KmiDi_CANON/body/ui/WorkflowManager.h	92	function	setProjectTempo
KmiDi_CANON/body/ui/WorkflowManager.h	93	function	setProjectTotalBars
KmiDi_CANON/body/ui/WorkflowManager.h	98	function	getProjectKey
KmiDi_CANON/body/ui/WorkflowManager.h	99	function	getTimeSignatureNumerator
KmiDi_CANON/body/ui/WorkflowManager.h	100	function	getTimeSignatureDenominator
KmiDi_CANON/body/ui/WorkflowManager.h	101	function	getProjectTempo
KmiDi_CANON/body/ui/WorkflowManager.h	102	function	getProjectTotalBars
KmiDi_CANON/body/ui/WorkflowManager.h	111	function	getCombinedMIDI
KmiDi_CANON/body/ui/WorkflowManager.h	116	function	setMIDIData
KmiDi_CANON/body/ui/WorkflowManager.h	121	function	clearAllMIDI
KmiDi_CANON/body/ui/WorkflowManager.h	130	function	showQuickStartWizard
KmiDi_CANON/body/ui/WorkflowManager.h	135	class	WorkflowSuggestion
KmiDi_CANON/body/ui/WorkflowManager.h	142	function	getWorkflowSuggestions
KmiDi_CANON/body/ui/WorkflowManager.h	151	class	ProjectTemplate
KmiDi_CANON/body/ui/WorkflowManager.h	169	function	loadProjectTemplate
KmiDi_CANON/body/ui/WorkflowManager.h	170	function	getAvailableTemplates
KmiDi_CANON/body/ui/WorkflowManager.h	176	function	loadSongwriterTemplate
KmiDi_CANON/body/ui/WorkflowManager.h	177	function	loadRockBandTemplate
KmiDi_CANON/body/ui/WorkflowManager.h	178	function	loadOrchestralTemplate
KmiDi_CANON/body/ui/WorkflowManager.h	179	function	loadElectronicTemplate
KmiDi_CANON/body/ui/WorkflowManager.h	180	function	loadJazzComboTemplate
KmiDi_CANON/body/ui/WorkflowManager.h	181	function	loadSoloPerformerTemplate
KmiDi_CANON/body/ui/WorkflowManager.h	190	function	setHybridLayout
KmiDi_CANON/body/ui/WorkflowManager.h	195	function	setSplitView
KmiDi_CANON/body/ui/WorkflowManager.h	204	function	exportProject
KmiDi_CANON/body/ui/WorkflowManager.h	209	function	importProject
KmiDi_CANON/body/ui/WorkflowManager.h	214	function	exportMIDI
KmiDi_CANON/body/ui/WorkflowManager.h	223	class	UserPreferences
KmiDi_CANON/body/ui/WorkflowManager.h	232	function	setUserPreferences
KmiDi_CANON/body/ui/WorkflowManager.h	233	function	getUserPreferences
KmiDi_CANON/body/ui/WorkflowManager.h	238	function	savePreferencesToFile
KmiDi_CANON/body/ui/WorkflowManager.h	239	function	loadPreferencesFromFile
KmiDi_CANON/body/ui/WorkflowManager.h	299	function	initializeTemplates
KmiDi_CANON/body/ui/WorkflowManager.h	308	function	synchronizeMIDIAcrossModes
KmiDi_CANON/body/ui/WorkflowManager.h	313	function	synchronizeContextAcrossModes
KmiDi_CANON/body/ui/WorkflowManager.h	319	function	layoutSingleMode
KmiDi_CANON/body/ui/WorkflowManager.h	320	function	layoutHybridMode
KmiDi_CANON/body/ui/WorkflowManager.h	321	function	layoutSplitView
KmiDi_CANON/body/ui/WorkflowManager.h	327	function	onModeButtonClicked
KmiDi_CANON/body/ui/WorkflowManager.h	328	function	onContextChanged
KmiDi_CANON/body/ui/WorkflowManager.h	329	function	onMIDIChanged
KmiDi_CANON/body/ui/WorkflowManager.h	338	class	QuickStartWizard
KmiDi_CANON/body/ui/WorkflowManager.h	344	function	paint
KmiDi_CANON/body/ui/WorkflowManager.h	345	function	resized
KmiDi_CANON/body/ui/WorkflowManager.h	350	function	getSelectedMode
KmiDi_CANON/body/ui/WorkflowManager.h	375	function	onCardClicked
KmiDi_CANON/body/ui/SidePanel.h	15	class	SidePanel
KmiDi_CANON/body/ui/SidePanel.h	22	function	SidePanel
KmiDi_CANON/body/ui/SidePanel.h	25	function	paint
KmiDi_CANON/body/ui/SidePanel.h	26	function	resized
KmiDi_CANON/body/ui/SidePanel.h	29	function	getSideAState
KmiDi_CANON/body/ui/SidePanel.h	30	function	getSideBState
KmiDi_CANON/body/ui/EmotionWheel.h	18	class	EmotionWheel
KmiDi_CANON/body/ui/EmotionWheel.h	23	function	paint
KmiDi_CANON/body/ui/EmotionWheel.h	24	function	resized
KmiDi_CANON/body/ui/EmotionWheel.h	25	function	mouseDown
KmiDi_CANON/body/ui/EmotionWheel.h	26	function	mouseMove
KmiDi_CANON/body/ui/EmotionWheel.h	27	function	mouseExit
KmiDi_CANON/body/ui/EmotionWheel.h	33	function	setThesaurus
KmiDi_CANON/body/ui/EmotionWheel.h	36	function	onEmotionSelected
KmiDi_CANON/body/ui/EmotionWheel.h	39	function	getSelectedEmotion
KmiDi_CANON/body/ui/EmotionWheel.h	42	function	setSelectedEmotion
KmiDi_CANON/body/ui/EmotionWheel.h	51	class	EmotionPosition
KmiDi_CANON/body/ui/EmotionWheel.h	60	function	updateEmotionPositions
KmiDi_CANON/body/ui/EmotionWheel.h	61	function	getEmotionAtPoint
KmiDi_CANON/body/ui/EmotionWheel.h	62	function	polarToCartesian
KmiDi_CANON/body/ui/EmotionWheel.h	63	function	drawEmotionWheel
KmiDi_CANON/body/ui/EmotionWheel.h	64	function	drawEmotionPoint
KmiDi_CANON/body/ui/MusicTheoryPanel.h	17	class	MusicTheoryPanel
KmiDi_CANON/body/ui/MusicTheoryPanel.h	22	function	paint
KmiDi_CANON/body/ui/MusicTheoryPanel.h	23	function	resized
KmiDi_CANON/body/ui/MusicTheoryPanel.h	26	class	TheorySettings
KmiDi_CANON/body/ui/MusicTheoryPanel.h	76	function	getSettings
KmiDi_CANON/body/ui/MusicTheoryPanel.h	79	function	setCustomProgression
KmiDi_CANON/body/ui/MusicTheoryPanel.h	82	function	setKey
KmiDi_CANON/body/ui/MusicTheoryPanel.h	83	function	setMode
KmiDi_CANON/body/ui/MusicTheoryPanel.h	84	function	setTempo
KmiDi_CANON/body/ui/MusicTheoryPanel.h	85	function	setProgression
KmiDi_CANON/body/ui/MusicTheoryPanel.h	88	function	setEQPreset
KmiDi_CANON/body/ui/MusicTheoryPanel.h	89	function	setEQAutoApply
KmiDi_CANON/body/ui/MusicTheoryPanel.h	90	function	getCurrentEQPreset
KmiDi_CANON/body/ui/MusicTheoryPanel.h	162	function	initializeInstruments
KmiDi_CANON/body/ui/MusicTheoryPanel.h	163	function	initializeTechniques
KmiDi_CANON/body/ui/MusicTheoryPanel.h	164	function	notifySettingsChanged
KmiDi_CANON/body/ui/MusicTheoryPanel.h	167	function	parseProgressionString
KmiDi_CANON/body/ui/TooltipComponent.cpp	33	function	font
KmiDi_CANON/body/ui/AIEQSuggestionEngine.cpp	9	function	createFrequencyGrid
KmiDi_CANON/body/ui/AIEQSuggestionEngine.cpp	170	function	clampDelta
KmiDi_CANON/body/ui/InteractiveCustomizationPanel.h	43	class	InteractiveCustomizationPanel
KmiDi_CANON/body/ui/InteractiveCustomizationPanel.h	45	function	InteractiveCustomizationPanel
KmiDi_CANON/body/ui/InteractiveCustomizationPanel.h	48	function	paint
KmiDi_CANON/body/ui/InteractiveCustomizationPanel.h	49	function	resized
KmiDi_CANON/body/ui/InteractiveCustomizationPanel.h	57	function	showPreferences
KmiDi_CANON/body/ui/InteractiveCustomizationPanel.h	58	function	showSuggestions
KmiDi_CANON/body/ui/InteractiveCustomizationPanel.h	85	function	setupComponents
KmiDi_CANON/body/ui/InteractiveCustomizationPanel.h	86	function	drawPreferenceOverlay
KmiDi_CANON/body/ui/InteractiveCustomizationPanel.h	87	function	drawSuggestionOverlay
KmiDi_CANON/body/ui/AIGenerationDialog.h	15	class	AIGenerationDialog
KmiDi_CANON/body/ui/AIGenerationDialog.h	17	class	AIGenerationRequest
KmiDi_CANON/body/ui/AIGenerationDialog.h	30	function	showDialog
KmiDi_CANON/body/ui/AIGenerationDialog.h	32	function	getRequest
KmiDi_CANON/body/ui/AIGenerationDialog.h	34	function	paint
KmiDi_CANON/body/ui/AIGenerationDialog.h	35	function	resized
KmiDi_CANON/body/ui/MidiEditor.cpp	426	function	sortedIndices
KmiDi_CANON/body/ui/MidiEditor.cpp	458	function	if
KmiDi_CANON/body/ui/MidiEditor.cpp	460	function	if
KmiDi_CANON/body/ui/MidiEditor.cpp	462	function	if
KmiDi_CANON/body/ui/MidiEditor.cpp	464	function	if
KmiDi_CANON/body/ui/MidiEditor.cpp	538	function	noteRect
KmiDi_CANON/body/ui/AIEQSuggestionEngine.h	23	class	AIEQSuggestionEngine
KmiDi_CANON/body/ui/AIEQSuggestionEngine.h	73	function	calculateUserMask
KmiDi_CANON/body/ui/AIEQSuggestionEngine.h	83	function	emotionToEQDelta
KmiDi_CANON/body/ui/AIEQSuggestionEngine.h	88	function	clampDelta
KmiDi_CANON/body/ui/CassetteView.cpp	38	function	gradient
KmiDi_CANON/body/ui/ChordDisplay.h	17	class	ChordDisplay
KmiDi_CANON/body/ui/ChordDisplay.h	25	function	setChord
KmiDi_CANON/body/ui/ChordDisplay.h	30	function	clear
KmiDi_CANON/body/ui/ChordDisplay.h	32	function	paint
KmiDi_CANON/body/ui/ChordDisplay.h	33	function	resized
KmiDi_CANON/body/ui/ChordDisplay.h	39	function	drawChordName
KmiDi_CANON/body/ui/ChordDisplay.h	40	function	drawChordNotes
KmiDi_CANON/body/ui/ChordDisplay.h	41	function	noteNumberToName
KmiDi_CANON/body/ui/MusicTheoryPanel.cpp	521	function	gradient
KmiDi_CANON/body/ui/MusicTheoryPanel.cpp	531	function	headerGradient
KmiDi_CANON/body/ui/EQBandControls.h	21	class	EQBandControls
KmiDi_CANON/body/ui/EQBandControls.h	37	function	paint
KmiDi_CANON/body/ui/EQBandControls.h	38	function	resized
KmiDi_CANON/body/ui/EQBandControls.h	43	function	getBandType
KmiDi_CANON/body/ui/EQBandControls.h	48	function	getBandIndex
KmiDi_CANON/body/ui/EQBandControls.h	96	function	getBandName
KmiDi_CANON/body/ui/NaturalLanguageEditor.h	33	class	NaturalLanguageEditor
KmiDi_CANON/body/ui/NaturalLanguageEditor.h	38	function	paint
KmiDi_CANON/body/ui/NaturalLanguageEditor.h	39	function	resized
KmiDi_CANON/body/ui/NaturalLanguageEditor.h	45	function	getFeedbackText
KmiDi_CANON/body/ui/NaturalLanguageEditor.h	46	function	setFeedbackText
KmiDi_CANON/body/ui/NaturalLanguageEditor.h	47	function	clear
KmiDi_CANON/body/ui/NaturalLanguageEditor.h	50	function	showPreview
KmiDi_CANON/body/ui/NaturalLanguageEditor.h	51	function	clearPreview
KmiDi_CANON/body/ui/NaturalLanguageEditor.h	64	function	setupComponents
KmiDi_CANON/body/ui/EmotionRadar.h	16	class	EmotionRadar
KmiDi_CANON/body/ui/EmotionRadar.h	24	function	setEmotion
KmiDi_CANON/body/ui/EmotionRadar.h	29	function	setTargetEmotion
KmiDi_CANON/body/ui/EmotionRadar.h	34	function	clearTarget
KmiDi_CANON/body/ui/EmotionRadar.h	36	function	paint
KmiDi_CANON/body/ui/EmotionRadar.h	37	function	resized
KmiDi_CANON/body/ui/EmotionRadar.h	49	function	drawRadar
KmiDi_CANON/body/ui/EmotionRadar.h	50	function	drawPoint
KmiDi_CANON/body/ui/EmotionRadar.h	52	function	emotionToPoint
KmiDi_CANON/body/ui/LyricDisplay.h	20	class	LyricDisplay
KmiDi_CANON/body/ui/LyricDisplay.h	26	function	paint
KmiDi_CANON/body/ui/LyricDisplay.h	27	function	resized
KmiDi_CANON/body/ui/LyricDisplay.h	28	function	timerCallback
KmiDi_CANON/body/ui/LyricDisplay.h	34	function	setLyrics
KmiDi_CANON/body/ui/LyricDisplay.h	40	function	setSyncResult
KmiDi_CANON/body/ui/LyricDisplay.h	46	function	setCurrentBeat
KmiDi_CANON/body/ui/LyricDisplay.h	51	function	clear
KmiDi_CANON/body/ui/LyricDisplay.h	56	function	setFontSize
KmiDi_CANON/body/ui/LyricDisplay.h	61	function	setHighlightSyllables
KmiDi_CANON/body/ui/LyricDisplay.h	66	function	setTitle
KmiDi_CANON/body/ui/LyricDisplay.h	71	function	setDescription
KmiDi_CANON/body/ui/LyricDisplay.h	94	function	paintLine
KmiDi_CANON/body/ui/LyricDisplay.h	100	function	paintSyllables
KmiDi_CANON/body/ui/LyricDisplay.h	106	function	getCurrentLineIndex
KmiDi_CANON/body/ui/LyricDisplay.h	111	function	getCurrentSyllableIndex
KmiDi_CANON/body/ui/EditCommand.h	34	class	EditCommand
KmiDi_CANON/body/ui/EditCommand.h	41	function	execute
KmiDi_CANON/body/ui/EditCommand.h	46	function	undo
KmiDi_CANON/body/ui/EditCommand.h	51	function	getDescription
KmiDi_CANON/body/ui/EditCommand.h	57	function	canMergeWith
KmiDi_CANON/body/ui/EditCommand.h	62	function	mergeWith
KmiDi_CANON/body/ui/EditCommand.h	68	class	CommandManager
KmiDi_CANON/body/ui/EditCommand.h	76	function	executeCommand
KmiDi_CANON/body/ui/EditCommand.h	81	function	undo
KmiDi_CANON/body/ui/EditCommand.h	86	function	redo
KmiDi_CANON/body/ui/EditCommand.h	91	function	canUndo
KmiDi_CANON/body/ui/EditCommand.h	96	function	canRedo
KmiDi_CANON/body/ui/EditCommand.h	101	function	getUndoDescription
KmiDi_CANON/body/ui/EditCommand.h	106	function	getRedoDescription
KmiDi_CANON/body/ui/EditCommand.h	111	function	clear
KmiDi_CANON/body/ui/EditCommand.h	116	function	setMaxUndoSteps
KmiDi_CANON/body/ui/EditCommand.h	131	class	AddNoteCommand
KmiDi_CANON/body/ui/EditCommand.h	134	function	execute
KmiDi_CANON/body/ui/EditCommand.h	135	function	undo
KmiDi_CANON/body/ui/EditCommand.h	136	function	getDescription
KmiDi_CANON/body/ui/EditCommand.h	147	class	DeleteNoteCommand
KmiDi_CANON/body/ui/EditCommand.h	150	function	execute
KmiDi_CANON/body/ui/EditCommand.h	151	function	undo
KmiDi_CANON/body/ui/EditCommand.h	152	function	getDescription
KmiDi_CANON/body/ui/EditCommand.h	163	class	ModifyNoteCommand
KmiDi_CANON/body/ui/EditCommand.h	174	function	execute
KmiDi_CANON/body/ui/EditCommand.h	175	function	undo
KmiDi_CANON/body/ui/EditCommand.h	176	function	getDescription
KmiDi_CANON/body/ui/EditCommand.h	177	function	canMergeWith
KmiDi_CANON/body/ui/EditCommand.h	178	function	mergeWith
KmiDi_CANON/body/ui/EditCommand.h	191	class	MoveNoteCommand
KmiDi_CANON/body/ui/EditCommand.h	194	function	execute
KmiDi_CANON/body/ui/EditCommand.h	195	function	undo
KmiDi_CANON/body/ui/EditCommand.h	196	function	getDescription
KmiDi_CANON/body/ui/EditCommand.h	197	function	canMergeWith
KmiDi_CANON/body/ui/EditCommand.h	198	function	mergeWith
KmiDi_CANON/body/ui/EditCommand.h	212	class	MultiEditCommand
KmiDi_CANON/body/ui/EditCommand.h	215	function	addCommand
KmiDi_CANON/body/ui/EditCommand.h	216	function	execute
KmiDi_CANON/body/ui/EditCommand.h	217	function	undo
KmiDi_CANON/body/ui/EditCommand.h	218	function	getDescription
KmiDi_CANON/body/core/chord_diagnostics.cpp	79	function	calculateDissonance
KmiDi_CANON/body/core/memory.cpp	35	function	lock
KmiDi_CANON/body/core/memory.cpp	49	function	lock
KmiDi_CANON/body/core/memory.cpp	90	function	lock
KmiDi_CANON/body/core/memory.cpp	100	function	lock
KmiDi_CANON/body/core/memory.cpp	116	function	lock
KmiDi_CANON/body/core/logging.cpp	19	class	Logger
KmiDi_CANON/body/core/logging.cpp	26	function	setLevel
KmiDi_CANON/body/core/logging.cpp	27	function	getLevel
KmiDi_CANON/body/core/logging.cpp	29	function	log
KmiDi_CANON/body/core/logging.cpp	47	function	logDebug
KmiDi_CANON/body/core/logging.cpp	51	function	logInfo
KmiDi_CANON/body/core/logging.cpp	55	function	logWarning
KmiDi_CANON/body/core/logging.cpp	59	function	logError
KmiDi_CANON/body/core/midi_pipeline.h	9	class	MidiNote
KmiDi_CANON/body/core/midi_pipeline.h	16	class	MidiPipeline
KmiDi_CANON/body/core/midi_pipeline.h	21	function	setTempo
KmiDi_CANON/body/core/midi_pipeline.h	22	function	addNote
KmiDi_CANON/body/core/midi_pipeline.h	23	function	clear
KmiDi_CANON/body/core/midi_pipeline.h	26	function	getTempo
KmiDi_CANON/body/core/chord_diagnostics.h	9	class	Chord
KmiDi_CANON/body/core/chord_diagnostics.h	15	class	ChordDiagnostics
KmiDi_CANON/body/core/chord_diagnostics.h	20	function	calculateDissonance
KmiDi_CANON/body/core/chord_diagnostics.h	21	function	identifyChord
KmiDi_CANON/body/core/chord_diagnostics.h	22	function	isConsonant
KmiDi_CANON/body/core/chord_diagnostics.h	25	function	intervalDissonance
KmiDi_CANON/body/core/groove_templates.h	9	class	GrooveTemplate
KmiDi_CANON/body/core/groove_templates.h	17	class	GrooveTemplates
KmiDi_CANON/body/core/groove_templates.h	23	function	getTemplateNames
KmiDi_CANON/body/core/groove_templates.h	26	function	initializeTemplates
KmiDi_CANON/body/core/emotion_engine.h	21	class	MusicalAttributes
KmiDi_CANON/body/core/emotion_engine.h	27	class	EmotionNode
KmiDi_CANON/body/core/emotion_engine.h	38	class	EmotionEngine
KmiDi_CANON/body/core/emotion_engine.h	45	function	getNearbyEmotions
KmiDi_CANON/body/core/emotion_engine.h	47	function	getEmotionCount
KmiDi_CANON/body/core/emotion_engine.h	50	function	initializeEmotions
KmiDi_CANON/body/core/emotion_engine.h	51	function	calculateDistance
KmiDi_CANON/body/core/emotion_thesaurus.h	7	class	EmotionThesaurusNode
KmiDi_CANON/body/core/emotion_thesaurus.h	13	class	EmotionThesaurus
KmiDi_CANON/body/core/emotion_thesaurus.h	22	function	initializeThesaurus
KmiDi_CANON/body/core/intent_processor.h	13	class	Wound
KmiDi_CANON/body/core/intent_processor.h	19	class	IntentProcessor
KmiDi_CANON/body/core/intent_processor.h	24	function	processWound
KmiDi_CANON/body/midi/groove.cpp	17	class	GrooveTemplate
KmiDi_CANON/body/midi/groove.cpp	26	function	applySwing
KmiDi_CANON/body/midi/groove.cpp	45	function	humanize
KmiDi_CANON/body/midi/groove.cpp	50	function	timingDist
KmiDi_CANON/body/midi/groove.cpp	56	function	velDist
KmiDi_CANON/body/midi/groove.cpp	76	function	extractGroove
KmiDi_CANON/body/midi/MidiIO.h	12	class	MidiDeviceInfo
KmiDi_CANON/body/midi/MidiIO.h	18	class	MidiInput
KmiDi_CANON/body/midi/MidiIO.h	23	function	getAvailableDevices
KmiDi_CANON/body/midi/MidiIO.h	24	function	open
KmiDi_CANON/body/midi/MidiIO.h	25	function	close
KmiDi_CANON/body/midi/MidiIO.h	26	function	start
KmiDi_CANON/body/midi/MidiIO.h	27	function	stop
KmiDi_CANON/body/midi/MidiIO.h	29	function	setCallback
KmiDi_CANON/body/midi/MidiIO.h	38	class	CallbackWrapper
KmiDi_CANON/body/midi/MidiIO.h	41	function	handleIncomingMidiMessage
KmiDi_CANON/body/midi/MidiIO.h	53	class	MidiOutput
KmiDi_CANON/body/midi/MidiIO.h	58	function	getAvailableDevices
KmiDi_CANON/body/midi/MidiIO.h	59	function	open
KmiDi_CANON/body/midi/MidiIO.h	60	function	close
KmiDi_CANON/body/midi/MidiIO.h	61	function	sendMessage
KmiDi_CANON/body/midi/MidiBuilder.cpp	13	function	lock
KmiDi_CANON/body/midi/MidiBuilder.cpp	27	function	lock
KmiDi_CANON/body/midi/MidiBuilder.cpp	116	function	lock
KmiDi_CANON/body/midi/MidiBuilder.cpp	325	function	lock
KmiDi_CANON/body/midi/MidiBuilder.cpp	330	function	lock
KmiDi_CANON/body/midi/MidiBuilder.cpp	340	function	lock
KmiDi_CANON/body/midi/GrooveEngine.h	15	class	GrooveTemplateData
KmiDi_CANON/body/midi/GrooveEngine.h	34	class	GrooveEngine
KmiDi_CANON/body/midi/GrooveEngine.h	46	function	applyGroove
KmiDi_CANON/body/midi/GrooveEngine.h	60	function	applyGrooveTemplate
KmiDi_CANON/body/midi/GrooveEngine.h	74	function	applySwing
KmiDi_CANON/body/midi/GrooveEngine.h	87	function	applyTimingFeel
KmiDi_CANON/body/midi/GrooveEngine.h	101	function	humanize
KmiDi_CANON/body/midi/GrooveEngine.h	112	function	applyEmotionTiming
KmiDi_CANON/body/midi/GrooveEngine.h	120	function	getTemplateNames
KmiDi_CANON/body/midi/GrooveEngine.h	132	function	initializeTemplates
KmiDi_CANON/body/midi/GrooveEngine.h	135	function	getTimingDeviation
KmiDi_CANON/body/midi/GrooveEngine.h	138	function	getTemplateVelocity
KmiDi_CANON/body/midi/GrooveEngine.h	141	function	calculateSwingOffset
KmiDi_CANON/body/midi/GrooveEngine.h	144	function	getSixteenthNotePosition
KmiDi_CANON/body/midi/MidiGenerator.cpp	673	function	dist
KmiDi_CANON/body/midi/MidiGenerator.cpp	693	function	dist
KmiDi_CANON/body/midi/MidiGenerator.cpp	698	function	dist
KmiDi_CANON/body/midi/MidiGenerator.cpp	720	function	velDist
KmiDi_CANON/body/midi/MidiGenerator.cpp	732	function	dist
KmiDi_CANON/body/midi/MidiGenerator.cpp	747	function	dist
KmiDi_CANON/body/midi/MidiGenerator.cpp	861	function	if
KmiDi_CANON/body/midi/MidiGenerator.cpp	863	function	if
KmiDi_CANON/body/midi/MidiGenerator.cpp	1085	function	generate
KmiDi_CANON/body/midi/midi_engine.cpp	30	class	MidiEvent
KmiDi_CANON/body/midi/midi_engine.cpp	41	class	MidiTrack
KmiDi_CANON/body/midi/midi_engine.cpp	43	function	addEvent
KmiDi_CANON/body/midi/midi_engine.cpp	47	function	sortByTime
KmiDi_CANON/body/midi/midi_engine.cpp	57	function	clear
KmiDi_CANON/body/midi/midi_engine.cpp	66	class	MidiEngine
KmiDi_CANON/body/midi/midi_engine.cpp	70	function	setTempo
KmiDi_CANON/body/midi/midi_engine.cpp	71	function	getTempo
KmiDi_CANON/body/midi/midi_engine.cpp	73	function	setPPQ
KmiDi_CANON/body/midi/midi_engine.cpp	74	function	getPPQ
KmiDi_CANON/body/midi/midi_engine.cpp	76	function	msToTicks
KmiDi_CANON/body/midi/midi_engine.cpp	81	function	ticksToMs
KmiDi_CANON/body/midi/MidiExporter.cpp	35	function	outputStream
KmiDi_CANON/body/midi/MidiExporter.cpp	108	function	outputStream
KmiDi_CANON/body/midi/MidiExporter.cpp	155	function	outputStream
KmiDi_CANON/body/midi/MidiGenerator.h	46	class	MidiGenerator
KmiDi_CANON/body/midi/MidiGenerator.h	62	function	generate
KmiDi_CANON/body/midi/MidiGenerator.h	83	function	generate
KmiDi_CANON/body/midi/MidiGenerator.h	130	function	generateChords
KmiDi_CANON/body/midi/MidiGenerator.h	135	function	generateMelody
KmiDi_CANON/body/midi/MidiGenerator.h	145	function	generateBass
KmiDi_CANON/body/midi/MidiGenerator.h	155	function	generatePads
KmiDi_CANON/body/midi/MidiGenerator.h	164	function	generateStrings
KmiDi_CANON/body/midi/MidiGenerator.h	173	function	generateCounterMelody
KmiDi_CANON/body/midi/MidiGenerator.h	182	function	generateRhythm
KmiDi_CANON/body/midi/MidiGenerator.h	192	function	generateDrumGroove
KmiDi_CANON/body/midi/MidiGenerator.h	202	function	generateTransitions
KmiDi_CANON/body/midi/MidiGenerator.h	211	function	generateFills
KmiDi_CANON/body/midi/MidiGenerator.h	222	function	generateArrangement
KmiDi_CANON/body/midi/MidiGenerator.h	234	function	applyGrooveAndHumanize
KmiDi_CANON/body/midi/MidiGenerator.h	244	function	applyDynamics
KmiDi_CANON/body/midi/MidiGenerator.h	255	function	applyRuleBreaks
KmiDi_CANON/body/midi/MidiGenerator.h	263	function	applyTension
KmiDi_CANON/body/midi/MidiGenerator.h	272	function	applyVariations
KmiDi_CANON/body/midi/MidiGenerator.h	285	function	chordsToStrings
KmiDi_CANON/body/midi/MidiGenerator.h	290	function	ticksToBeats
KmiDi_CANON/body/midi/MidiGenerator.h	295	function	beatsToTicks
KmiDi_CANON/body/midi/MidiGenerator.h	300	function	melodyNoteToMidi
KmiDi_CANON/body/midi/MidiGenerator.h	305	function	bassNoteToMidi
KmiDi_CANON/body/midi/MidiGenerator.h	310	function	padNoteToMidi
KmiDi_CANON/body/midi/MidiGenerator.h	315	function	stringNoteToMidi
KmiDi_CANON/body/midi/MidiGenerator.h	320	function	counterMelodyNoteToMidi
KmiDi_CANON/body/midi/MidiGenerator.h	325	function	drumHitToMidi
KmiDi_CANON/body/midi/MidiGenerator.h	330	function	grooveHitToMidi
KmiDi_CANON/body/midi/MidiGenerator.h	335	function	transitionNoteToMidi
KmiDi_CANON/body/midi/MidiGenerator.h	340	function	getEmotionName
KmiDi_CANON/body/midi/MidiGenerator.h	345	class	LayerFlags
KmiDi_CANON/body/midi/MidiGenerator.h	358	function	determineLayers
KmiDi_CANON/body/midi/humanizer.cpp	17	class	HumanizePreset
KmiDi_CANON/body/midi/humanizer.cpp	59	function	humanize
KmiDi_CANON/body/midi/humanizer.cpp	65	function	rng
KmiDi_CANON/body/midi/humanizer.cpp	70	function	timingDist
KmiDi_CANON/body/midi/humanizer.cpp	71	function	velDist
KmiDi_CANON/body/midi/humanizer.cpp	72	function	ghostDist
KmiDi_CANON/body/midi/GrooveEngine.cpp	38	function	timingDist
KmiDi_CANON/body/midi/GrooveEngine.cpp	39	function	velocityDist
KmiDi_CANON/body/midi/GrooveEngine.cpp	40	function	dropoutDist
KmiDi_CANON/body/midi/GrooveEngine.cpp	41	function	ghostDist
KmiDi_CANON/body/midi/GrooveEngine.cpp	140	function	timingDist
KmiDi_CANON/body/midi/GrooveEngine.cpp	298	function	applyGroove
KmiDi_CANON/body/midi/GrooveEngine.cpp	305	function	dropoutDist
KmiDi_CANON/body/midi/GrooveEngine.cpp	306	function	ghostDist
KmiDi_CANON/body/midi/GrooveEngine.cpp	307	function	microTimingDist
KmiDi_CANON/body/midi/GrooveEngine.cpp	437	function	timingDist
KmiDi_CANON/body/midi/GrooveEngine.cpp	438	function	velocityDist
KmiDi_CANON/body/midi/GrooveEngine.cpp	439	function	dropoutDist
KmiDi_CANON/body/midi/GrooveEngine.cpp	440	function	ghostDist
KmiDi_CANON/body/midi/MidiSequence.cpp	66	function	sequence
KmiDi_CANON/body/midi/ChordGenerator.cpp	13	function	lock
KmiDi_CANON/body/midi/ChordGenerator.cpp	233	function	lock
KmiDi_CANON/body/midi/ChordGenerator.cpp	355	function	lock
KmiDi_CANON/body/midi/ChordGenerator.cpp	376	function	generate
KmiDi_CANON/body/midi/ChordGenerator.cpp	383	function	lock
KmiDi_CANON/body/midi/ChordGenerator.cpp	474	function	noise
KmiDi_CANON/body/midi/ChordGenerator.cpp	742	function	chance
KmiDi_CANON/body/midi/ChordGenerator.cpp	769	function	chance
KmiDi_CANON/body/midi/ChordGenerator.cpp	810	function	chance
KmiDi_CANON/body/midi/MidiBuilder.h	22	class	MidiBuilder
KmiDi_CANON/body/midi/MidiBuilder.h	31	function	buildMidiFile
KmiDi_CANON/body/midi/MidiBuilder.h	42	function	buildMidiBuffer
KmiDi_CANON/body/midi/MidiBuilder.h	55	function	addChordToSequence
KmiDi_CANON/body/midi/MidiBuilder.h	69	function	addNotesToSequence
KmiDi_CANON/body/midi/MidiBuilder.h	80	function	setChannelForLayer
KmiDi_CANON/body/midi/MidiBuilder.h	88	function	getChannelForLayer
KmiDi_CANON/body/midi/MidiBuilder.h	93	function	resetChannelAssignments
KmiDi_CANON/body/midi/MidiBuilder.h	103	function	initializeChannelAssignments
KmiDi_CANON/body/midi/MidiBuilder.h	106	function	beatsToTicks
KmiDi_CANON/body/midi/MidiBuilder.h	109	function	beatsToSamples
KmiDi_CANON/body/midi/MidiBuilder.h	112	function	clampVelocity
KmiDi_CANON/body/midi/MidiBuilder.h	115	function	clampChannel
KmiDi_CANON/body/midi/ChordGenerator.h	29	class	ChordGenerator
KmiDi_CANON/body/midi/ChordGenerator.h	37	function	generate
KmiDi_CANON/body/midi/ChordGenerator.h	42	function	generateProgression
KmiDi_CANON/body/midi/ChordGenerator.h	54	function	generateFromFamily
KmiDi_CANON/body/midi/ChordGenerator.h	65	function	applyVoiceLeading
KmiDi_CANON/body/midi/ChordGenerator.h	79	class	ProgressionFamily
KmiDi_CANON/body/midi/ChordGenerator.h	97	class	ProgressionTemplate
KmiDi_CANON/body/midi/ChordGenerator.h	110	function	initializeProgressionFamilies
KmiDi_CANON/body/midi/ChordGenerator.h	111	function	initializeTemplates
KmiDi_CANON/body/midi/ChordGenerator.h	129	function	scoreFamilyForEmotion
KmiDi_CANON/body/midi/ChordGenerator.h	142	function	buildChord
KmiDi_CANON/body/midi/ChordGenerator.h	155	function	getScaleIntervals
KmiDi_CANON/body/midi/ChordGenerator.h	160	function	degreeToMidiNote
KmiDi_CANON/body/midi/ChordGenerator.h	170	function	addExtensions
KmiDi_CANON/body/midi/ChordGenerator.h	184	function	applyVoiceLeadingToProgression
KmiDi_CANON/body/midi/ChordGenerator.h	192	function	chordToVoicing
KmiDi_CANON/body/midi/ChordGenerator.h	205	function	applyDissonance
KmiDi_CANON/body/midi/ChordGenerator.h	210	function	addChromaticism
KmiDi_CANON/body/midi/ChordGenerator.h	215	function	applyModalInterchange
KmiDi_CANON/body/midi/ChordGenerator.h	228	function	selectRootNote
KmiDi_CANON/body/midi/ChordGenerator.h	233	function	generateChordName
KmiDi_CANON/body/midi/ChordGenerator.h	241	function	shouldLoopProgression
KmiDi_CANON/body/midi/InstrumentSelector.cpp	849	function	getPaletteForEmotion
KmiDi_CANON/body/midi/InstrumentSelector.cpp	968	function	getPaletteForEmotion
KmiDi_CANON/body/midi/InstrumentSelector.cpp	972	function	getPaletteForEmotion
KmiDi_CANON/body/midi/InstrumentSelector.cpp	976	function	getPaletteForEmotion
KmiDi_CANON/body/midi/InstrumentSelector.cpp	992	function	getProfile
KmiDi_CANON/body/midi/InstrumentSelector.cpp	1009	function	recommendLeadInstrument
KmiDi_CANON/body/midi/InstrumentSelector.cpp	1014	function	recommendBassInstrument
KmiDi_CANON/body/midi/InstrumentSelector.cpp	1019	function	getEmotionPalette
KmiDi_CANON/body/midi/MidiExporter.h	45	class	MidiExporter
KmiDi_CANON/body/midi/MidiExporter.h	58	class	ExportOptions
KmiDi_CANON/body/midi/MidiExporter.h	86	function	exportToFile
KmiDi_CANON/body/midi/MidiExporter.h	99	function	exportToFileWithLyrics
KmiDi_CANON/body/midi/MidiExporter.h	114	function	exportToFileWithVocals
KmiDi_CANON/body/midi/MidiExporter.h	125	function	getLastError
KmiDi_CANON/body/midi/MidiExporter.h	133	function	validateMidiData
KmiDi_CANON/body/midi/MidiExporter.h	142	function	clearError
KmiDi_CANON/body/midi/MidiExporter.h	147	function	setError
KmiDi_CANON/body/midi/MidiExporter.h	152	function	buildMultiTrackFile
KmiDi_CANON/body/midi/MidiExporter.h	158	function	buildSingleTrackFile
KmiDi_CANON/body/midi/MidiExporter.h	164	function	addTempoAndTimeSignature
KmiDi_CANON/body/midi/MidiExporter.h	172	function	addLyricEvents
KmiDi_CANON/body/midi/MidiExporter.h	180	function	addExpressionEvents
KmiDi_CANON/body/midi/MidiExporter.h	187	function	addVocalNotes
KmiDi_CANON/body/midi/InstrumentSelector.h	206	class	InstrumentProfile
KmiDi_CANON/body/midi/InstrumentSelector.h	235	class	InstrumentPalette
KmiDi_CANON/body/midi/InstrumentSelector.h	253	class	InstrumentRecommendation
KmiDi_CANON/body/midi/InstrumentSelector.h	264	class	InstrumentSelector
KmiDi_CANON/body/midi/InstrumentSelector.h	271	function	getPaletteForEmotion
KmiDi_CANON/body/midi/InstrumentSelector.h	276	function	getPaletteForEmotion
KmiDi_CANON/body/midi/InstrumentSelector.h	286	function	recommend
KmiDi_CANON/body/midi/InstrumentSelector.h	297	function	getLeadInstrument
KmiDi_CANON/body/midi/InstrumentSelector.h	302	function	getBassInstrument
KmiDi_CANON/body/midi/InstrumentSelector.h	307	function	getTextureInstrument
KmiDi_CANON/body/midi/InstrumentSelector.h	317	function	getInstrumentName
KmiDi_CANON/body/midi/InstrumentSelector.h	322	function	scoreInstrumentForEmotion
KmiDi_CANON/body/midi/InstrumentSelector.h	332	function	getInstrumentsByFamily
KmiDi_CANON/body/midi/InstrumentSelector.h	338	function	initializeProfiles
KmiDi_CANON/body/midi/InstrumentSelector.h	339	function	initializeEmotionPalettes
KmiDi_CANON/body/midi/InstrumentSelector.h	342	class	EmotionCharacteristics
KmiDi_CANON/body/midi/InstrumentSelector.h	351	function	getEmotionCharacteristics
KmiDi_CANON/body/midi/InstrumentSelector.h	359	function	recommendLeadInstrument
KmiDi_CANON/body/midi/InstrumentSelector.h	362	function	recommendBassInstrument
KmiDi_CANON/body/midi/InstrumentSelector.h	365	function	getEmotionPalette
KmiDi_CANON/body/python/harmony_bindings.cpp	12	function	init_harmony_bindings
KmiDi_CANON/body/python/groove_bindings.cpp	16	function	humanize
KmiDi_CANON/body/python/groove_bindings.cpp	22	function	init_groove_bindings
KmiDi_CANON/body/python/bindings.cpp	13	function	init_groove_bindings
KmiDi_CANON/body/python/bindings.cpp	14	function	init_harmony_bindings
KmiDi_CANON/body/osc/OSCClient.cpp	9	class	OSCClient
KmiDi_CANON/body/osc/OSCServer.cpp	9	class	OSCServer
KmiDi_CANON/body/osc/OSCServer.cpp	12	function	OSCListener
KmiDi_CANON/body/osc/OSCServer.cpp	14	function	oscMessageReceived
KmiDi_CANON/body/bridge/IntentBridge.h	23	class	_object
KmiDi_CANON/body/bridge/IntentBridge.h	39	class	IntentBridge
KmiDi_CANON/body/bridge/IntentBridge.h	45	function	initialize
KmiDi_CANON/body/bridge/IntentBridge.h	46	function	shutdown
KmiDi_CANON/body/bridge/IntentBridge.h	81	function	processIntent
KmiDi_CANON/body/bridge/IntentBridge.h	89	function	convertToCppIntent
KmiDi_CANON/body/bridge/IntentBridge.h	97	function	convertToPythonIntent
KmiDi_CANON/body/bridge/IntentBridge.h	105	function	validateResult
KmiDi_CANON/body/bridge/IntentBridge.h	117	function	getSuggestedRuleBreaks
KmiDi_CANON/body/bridge/IntentBridge.h	132	function	hashIntent
KmiDi_CANON/body/bridge/IntentBridge.h	133	function	parseIntentResult
KmiDi_CANON/body/bridge/ContextBridge.h	28	class	_object
KmiDi_CANON/body/bridge/ContextBridge.h	44	class	ContextBridge
KmiDi_CANON/body/bridge/ContextBridge.h	50	function	initialize
KmiDi_CANON/body/bridge/ContextBridge.h	51	function	shutdown
KmiDi_CANON/body/bridge/ContextBridge.h	74	function	analyzeContext
KmiDi_CANON/body/bridge/ContextBridge.h	88	function	getContextualParameters
KmiDi_CANON/body/bridge/ContextBridge.h	95	function	updateContext
KmiDi_CANON/body/bridge/ContextBridge.h	109	function	getContextualSuggestions
KmiDi_CANON/body/bridge/ContextBridge.h	114	function	clearCache
KmiDi_CANON/body/bridge/ContextBridge.h	128	function	hashState
KmiDi_CANON/body/bridge/PreferenceBridge.h	42	class	PreferenceBridge
KmiDi_CANON/body/bridge/PreferenceBridge.h	48	function	initialize
KmiDi_CANON/body/bridge/PreferenceBridge.h	49	function	shutdown
KmiDi_CANON/body/bridge/PreferenceBridge.h	52	function	recordParameterAdjustment
KmiDi_CANON/body/bridge/PreferenceBridge.h	60	function	recordEmotionSelection
KmiDi_CANON/body/bridge/PreferenceBridge.h	68	function	recordMidiGeneration
KmiDi_CANON/body/bridge/PreferenceBridge.h	76	function	recordMidiFeedback
KmiDi_CANON/body/bridge/PreferenceBridge.h	79	function	recordMidiModification
KmiDi_CANON/body/bridge/PreferenceBridge.h	87	function	recordRuleBreakModification
KmiDi_CANON/body/bridge/PreferenceBridge.h	94	class	ParameterStatistics
KmiDi_CANON/body/bridge/PreferenceBridge.h	102	function	getParameterStatistics
KmiDi_CANON/body/bridge/PreferenceBridge.h	103	function	getEmotionPreferences
KmiDi_CANON/body/bridge/PreferenceBridge.h	105	function	getAcceptanceRate
KmiDi_CANON/body/bridge/PreferenceBridge.h	108	function	isInitialized
KmiDi_CANON/body/bridge/PreferenceBridge.h	111	function	flush
KmiDi_CANON/body/bridge/PreferenceBridge.h	122	class	PendingOperation
KmiDi_CANON/body/bridge/PreferenceBridge.h	150	class	WorkerThread
KmiDi_CANON/body/bridge/PreferenceBridge.h	154	function	initializePython
KmiDi_CANON/body/bridge/PreferenceBridge.h	155	function	shutdownPython
KmiDi_CANON/body/bridge/PreferenceBridge.h	156	function	processPendingOperations
KmiDi_CANON/body/bridge/PreferenceBridge.h	157	function	updateCachedStatistics
KmiDi_CANON/body/bridge/PreferenceBridge.h	158	function	generateId
KmiDi_CANON/body/bridge/PreferenceBridge.h	161	function	callPythonMethod
KmiDi_CANON/body/bridge/PreferenceBridge.h	166	function	callPythonMethodWithResult
KmiDi_CANON/body/bridge/PythonBridgeBase.cpp	33	function	Py_IsInitialized
KmiDi_CANON/body/bridge/PythonBridgeBase.cpp	125	function	callPythonFunction
KmiDi_CANON/body/bridge/CacheManager.h	27	class	CacheManager
KmiDi_CANON/body/bridge/CacheManager.h	29	class	CacheEntry
KmiDi_CANON/body/bridge/CacheManager.h	39	function	CacheManager
KmiDi_CANON/body/bridge/CacheManager.h	46	function	get
KmiDi_CANON/body/bridge/CacheManager.h	53	function	put
KmiDi_CANON/body/bridge/CacheManager.h	60	function	exists
KmiDi_CANON/body/bridge/CacheManager.h	66	function	remove
KmiDi_CANON/body/bridge/CacheManager.h	71	function	clear
KmiDi_CANON/body/bridge/CacheManager.h	76	function	pruneExpired
KmiDi_CANON/body/bridge/CacheManager.h	81	function	size
KmiDi_CANON/body/bridge/CacheManager.h	86	function	setTTL
KmiDi_CANON/body/bridge/CacheManager.h	91	function	setMaxSize
KmiDi_CANON/body/bridge/CacheManager.h	99	function	enforceSizeLimit
KmiDi_CANON/body/bridge/StateBridge.h	42	class	StateBridge
KmiDi_CANON/body/bridge/StateBridge.h	61	function	emitStateUpdate
KmiDi_CANON/body/bridge/StateBridge.h	77	function	getCurrentState
KmiDi_CANON/body/bridge/StateBridge.h	85	function	getEngineState
KmiDi_CANON/body/bridge/StateBridge.h	90	function	initialize
KmiDi_CANON/body/bridge/StateBridge.h	95	function	shutdown
KmiDi_CANON/body/bridge/StateBridge.h	100	function	isAvailable
KmiDi_CANON/body/bridge/StateBridge.h	105	function	flush
KmiDi_CANON/body/bridge/StateBridge.h	117	class	StateUpdate
KmiDi_CANON/body/bridge/StateBridge.h	127	class	StateWorkerThread
KmiDi_CANON/body/bridge/StateBridge.h	130	function	initializePython
KmiDi_CANON/body/bridge/StateBridge.h	131	function	shutdownPython
KmiDi_CANON/body/bridge/StateBridge.h	132	function	processStateQueue
KmiDi_CANON/body/bridge/OrchestratorBridge.h	41	class	OrchestratorBridge
KmiDi_CANON/body/bridge/OrchestratorBridge.h	70	function	executePipeline
KmiDi_CANON/body/bridge/OrchestratorBridge.h	82	function	executePipelineAsync
KmiDi_CANON/body/bridge/OrchestratorBridge.h	100	function	getExecutionStatus
KmiDi_CANON/body/bridge/OrchestratorBridge.h	108	function	cancelExecution
KmiDi_CANON/body/bridge/OrchestratorBridge.h	120	function	registerEngineCallback
KmiDi_CANON/body/bridge/OrchestratorBridge.h	128	function	isAvailable
KmiDi_CANON/body/bridge/OrchestratorBridge.h	143	class	Execution
KmiDi_CANON/body/bridge/OrchestratorBridge.h	150	function	initializePython
KmiDi_CANON/body/bridge/OrchestratorBridge.h	151	function	shutdownPython
KmiDi_CANON/body/bridge/OrchestratorBridge.h	152	function	generateExecutionId
KmiDi_CANON/body/bridge/OSCBridge.h	48	class	OSCBridge
KmiDi_CANON/body/bridge/OSCBridge.h	54	function	initialize
KmiDi_CANON/body/bridge/OSCBridge.h	55	function	initialize
KmiDi_CANON/body/bridge/OSCBridge.h	60	function	shutdown
KmiDi_CANON/body/bridge/OSCBridge.h	63	function	connect
KmiDi_CANON/body/bridge/OSCBridge.h	66	function	disconnect
KmiDi_CANON/body/bridge/OSCBridge.h	71	function	isConnected
KmiDi_CANON/body/bridge/OSCBridge.h	77	function	processMessages
KmiDi_CANON/body/bridge/OSCBridge.h	87	function	requestGenerate
KmiDi_CANON/body/bridge/OSCBridge.h	103	function	requestGenerate
KmiDi_CANON/body/bridge/OSCBridge.h	116	function	requestAnalyzeChords
KmiDi_CANON/body/bridge/OSCBridge.h	126	function	requestAnalyzeChords
KmiDi_CANON/body/bridge/OSCBridge.h	136	function	requestIntentProcess
KmiDi_CANON/body/bridge/OSCBridge.h	146	function	requestIntentProcess
KmiDi_CANON/body/bridge/OSCBridge.h	156	function	requestIntentSuggest
KmiDi_CANON/body/bridge/OSCBridge.h	166	function	requestIntentSuggest
KmiDi_CANON/body/bridge/OSCBridge.h	175	function	ping
KmiDi_CANON/body/bridge/OSCBridge.h	181	function	ping
KmiDi_CANON/body/bridge/OSCBridge.h	190	class	PendingRequest
KmiDi_CANON/body/bridge/OSCBridge.h	206	function	generateMessageId
KmiDi_CANON/body/bridge/OSCBridge.h	211	function	oscMessageReceived
KmiDi_CANON/body/bridge/OSCBridge.h	212	function	oscBundleReceived
KmiDi_CANON/body/bridge/OSCBridge.h	217	function	handleResponseMessage
KmiDi_CANON/body/bridge/OSCBridge.h	222	function	cleanupTimedOutRequests
KmiDi_CANON/body/bridge/PythonBridgeBase.h	21	class	_object
KmiDi_CANON/body/bridge/PythonBridgeBase.h	33	class	PythonBridgeBase
KmiDi_CANON/body/bridge/PythonBridgeBase.h	42	function	initializePython
KmiDi_CANON/body/bridge/PythonBridgeBase.h	47	function	shutdownPython
KmiDi_CANON/body/bridge/PythonBridgeBase.h	71	function	callPythonFunction
KmiDi_CANON/body/bridge/PythonBridgeBase.h	78	function	callPythonFunction
KmiDi_CANON/body/bridge/PythonBridgeBase.h	84	function	safeDecref
KmiDi_CANON/body/bridge/PythonBridgeBase.h	89	function	isPythonAvailable
KmiDi_CANON/body/bridge/PythonBridgeBase.h	94	function	isPythonInitialized
KmiDi_CANON/body/bridge/PythonBridgeBase.h	100	function	registerManagedObject
KmiDi_CANON/body/bridge/MusicTheoryBridge.cpp	164	function	if
KmiDi_CANON/body/bridge/MusicTheoryBridge.cpp	165	function	if
KmiDi_CANON/body/bridge/kelly_ffi.cpp	24	class	KellyBrainWrapper
KmiDi_CANON/body/bridge/kelly_ffi.cpp	42	function	set_last_error
KmiDi_CANON/body/bridge/kelly_ffi.cpp	69	function	serialize_intent_result
KmiDi_CANON/body/bridge/kelly_ffi.cpp	142	function	serialize_generated_midi
KmiDi_CANON/body/bridge/kelly_ffi.cpp	198	function	parse_wound_json
KmiDi_CANON/body/bridge/kelly_ffi.cpp	287	function	kelly_free_string
KmiDi_CANON/body/bridge/kelly_ffi.cpp	313	function	kelly_brain_initialize
KmiDi_CANON/body/bridge/kelly_ffi.cpp	321	function	lock
KmiDi_CANON/body/bridge/kelly_ffi.cpp	338	function	kelly_brain_is_initialized
KmiDi_CANON/body/bridge/kelly_ffi.cpp	347	function	kelly_brain_destroy
KmiDi_CANON/body/bridge/kelly_ffi.cpp	366	function	lock
KmiDi_CANON/body/bridge/kelly_ffi.cpp	376	function	string_to_c_str
KmiDi_CANON/body/bridge/kelly_ffi.cpp	397	function	lock
KmiDi_CANON/body/bridge/kelly_ffi.cpp	407	function	string_to_c_str
KmiDi_CANON/body/bridge/kelly_ffi.cpp	423	function	lock
KmiDi_CANON/body/bridge/kelly_ffi.cpp	441	function	string_to_c_str
KmiDi_CANON/body/bridge/kelly_ffi.cpp	457	function	lock
KmiDi_CANON/body/bridge/kelly_ffi.cpp	468	function	string_to_c_str
KmiDi_CANON/body/bridge/kelly_ffi.cpp	493	function	lock
KmiDi_CANON/body/bridge/kelly_ffi.cpp	507	function	string_to_c_str
KmiDi_CANON/body/bridge/kelly_ffi.cpp	529	function	lock
KmiDi_CANON/body/bridge/kelly_ffi.cpp	545	function	string_to_c_str
KmiDi_CANON/body/bridge/kelly_ffi.cpp	580	function	string_to_c_str
KmiDi_CANON/body/bridge/kelly_ffi.cpp	604	function	string_to_c_str
KmiDi_CANON/body/bridge/kelly_ffi.cpp	639	function	string_to_c_str
KmiDi_CANON/body/bridge/kelly_ffi.cpp	651	function	kelly_brain_set_emotion_parameters
KmiDi_CANON/body/bridge/kelly_ffi.cpp	666	function	lock
KmiDi_CANON/body/bridge/kelly_ffi.cpp	694	function	kelly_brain_update_parameters
KmiDi_CANON/body/bridge/kelly_ffi.cpp	702	function	lock
KmiDi_CANON/body/bridge/kelly_ffi.cpp	724	function	kelly_brain_register_callback
KmiDi_CANON/body/bridge/kelly_ffi.cpp	732	function	lock
KmiDi_CANON/body/bridge/kelly_ffi.cpp	745	function	kelly_brain_unregister_callback
KmiDi_CANON/body/bridge/kelly_ffi.cpp	753	function	lock
KmiDi_CANON/body/bridge/kelly_ffi.cpp	774	function	kelly_check_data_files
KmiDi_CANON/body/bridge/BridgeBase.h	27	class	BridgeBase
KmiDi_CANON/body/bridge/BridgeBase.h	36	function	initialize
KmiDi_CANON/body/bridge/BridgeBase.h	41	function	shutdown
KmiDi_CANON/body/bridge/BridgeBase.h	46	function	isAvailable
KmiDi_CANON/body/bridge/BridgeBase.h	57	function	setAvailable
KmiDi_CANON/body/bridge/BridgeBase.h	62	function	logError
KmiDi_CANON/body/bridge/BridgeBase.h	63	function	logInfo
KmiDi_CANON/body/bridge/EngineIntelligenceBridge.h	29	class	_object
KmiDi_CANON/body/bridge/EngineIntelligenceBridge.h	45	class	EngineIntelligenceBridge
KmiDi_CANON/body/bridge/EngineIntelligenceBridge.h	51	function	initialize
KmiDi_CANON/body/bridge/EngineIntelligenceBridge.h	52	function	shutdown
KmiDi_CANON/body/bridge/EngineIntelligenceBridge.h	77	function	getEngineSuggestions
KmiDi_CANON/body/bridge/EngineIntelligenceBridge.h	94	function	getBatchEngineSuggestions
KmiDi_CANON/body/bridge/EngineIntelligenceBridge.h	106	function	recordSuggestionApplied
KmiDi_CANON/body/bridge/EngineIntelligenceBridge.h	115	function	clearCache
KmiDi_CANON/body/bridge/EngineIntelligenceBridge.h	120	function	reportEngineState
KmiDi_CANON/body/bridge/EngineIntelligenceBridge.h	138	function	hashState
KmiDi_CANON/body/bridge/MusicTheoryBridge.h	36	class	MusicTheoryBridge
KmiDi_CANON/body/bridge/MusicTheoryBridge.h	44	class	Explanation
KmiDi_CANON/body/bridge/MusicTheoryBridge.h	58	function	explainConcept
KmiDi_CANON/body/bridge/MusicTheoryBridge.h	77	function	generateExercise
KmiDi_CANON/body/bridge/MusicTheoryBridge.h	94	class	Feedback
KmiDi_CANON/body/bridge/MusicTheoryBridge.h	101	function	provideFeedback
KmiDi_CANON/body/bridge/MusicTheoryBridge.h	121	function	createLessonPlan
KmiDi_CANON/body/bridge/MusicTheoryBridge.h	129	function	isAvailable
KmiDi_CANON/body/bridge/MusicTheoryBridge.h	134	function	setMusicTheoryBrain
KmiDi_CANON/body/bridge/MusicTheoryBridge.h	149	class	CachedExplanation
KmiDi_CANON/body/bridge/MusicTheoryBridge.h	157	function	initializePython
KmiDi_CANON/body/bridge/MusicTheoryBridge.h	158	function	shutdownPython
KmiDi_CANON/body/bridge/MusicTheoryBridge.h	159	function	getCachedExplanation
KmiDi_CANON/body/bridge/MusicTheoryBridge.h	160	function	cacheExplanation
KmiDi_CANON/body/bridge/MusicTheoryBridge.h	161	function	hashRequest
KmiDi_CANON/body/bridge/OrchestratorBridge.cpp	225	function	gen
KmiDi_CANON/body/bridge/OrchestratorBridge.cpp	226	function	dis
KmiDi_CANON/body/bridge/IntentBridge.cpp	109	function	parseIntentResult
KmiDi_CANON/body/bridge/IntentBridge.cpp	227	function	keyRegex
KmiDi_CANON/body/bridge/IntentBridge.cpp	228	function	modeRegex
KmiDi_CANON/body/bridge/IntentBridge.cpp	229	function	tempoRegex
KmiDi_CANON/body/bridge/IntentBridge.cpp	230	function	emotionRegex
KmiDi_CANON/body/bridge/IntentBridge.cpp	244	function	chordRegex
KmiDi_CANON/body/bridge/IntentBridge.cpp	247	function	chordNameRegex
KmiDi_CANON/body/bridge/IntentBridge.cpp	248	function	iter
KmiDi_CANON/body/bridge/OSCBridge.cpp	20	function	initialize
KmiDi_CANON/body/bridge/OSCBridge.cpp	64	function	initialize
KmiDi_CANON/body/bridge/OSCBridge.cpp	90	function	paramsVar
KmiDi_CANON/body/bridge/OSCBridge.cpp	101	function	msg
KmiDi_CANON/body/bridge/OSCBridge.cpp	139	function	msg
KmiDi_CANON/body/bridge/OSCBridge.cpp	164	function	msg
KmiDi_CANON/body/bridge/OSCBridge.cpp	188	function	msg
KmiDi_CANON/body/bridge/OSCBridge.cpp	212	function	msg
KmiDi_CANON/body/bridge/OSCBridge.cpp	236	function	msg
KmiDi_CANON/body/bridge/OSCBridge.cpp	260	function	msg
KmiDi_CANON/body/bridge/OSCBridge.cpp	284	function	msg
KmiDi_CANON/body/bridge/OSCBridge.cpp	306	function	msg
KmiDi_CANON/body/bridge/OSCBridge.cpp	327	function	msg
KmiDi_CANON/body/bridge/intent_ir_ffi.h	19	class	CIntentFrame
KmiDi_CANON/body/bridge/intent_ir_ffi.h	20	class	CIntentMeta
KmiDi_CANON/body/bridge/intent_ir_ffi.h	21	class	CEmotionState
KmiDi_CANON/body/bridge/intent_ir_ffi.h	22	class	CMusicalIntent
KmiDi_CANON/body/bridge/intent_ir_ffi.h	23	class	CTimeScope
KmiDi_CANON/body/bridge/intent_ir_ffi.h	24	class	CIntentConstraints
KmiDi_CANON/body/bridge/intent_ir_ffi.h	25	class	CIntentProvenance
KmiDi_CANON/body/bridge/intent_ir_ffi.h	122	function	intent_ir_initialize
KmiDi_CANON/body/bridge/intent_ir_ffi.h	130	function	intent_ir_validate_and_store
KmiDi_CANON/body/bridge/intent_ir_ffi.h	137	function	intent_ir_clamp_and_store
KmiDi_CANON/body/bridge/intent_ir_ffi.h	145	function	intent_ir_get_snapshot
KmiDi_CANON/body/bridge/intent_ir_ffi.h	153	function	intent_ir_get_c_snapshot
KmiDi_CANON/body/bridge/intent_ir_ffi.h	160	function	intent_ir_is_valid
KmiDi_CANON/body/bridge/intent_ir_ffi.h	167	function	intent_ir_get_current_intent_id
KmiDi_CANON/body/bridge/intent_ir_ffi.h	174	function	intent_ir_get_current_session_id
KmiDi_CANON/body/bridge/intent_ir_ffi.h	181	function	intent_ir_new_session_id
KmiDi_CANON/body/bridge/intent_ir_ffi.h	188	function	intent_ir_new_intent_id
KmiDi_CANON/body/bridge/intent_ir_ffi.h	201	function	intent_ir_update_emotion
KmiDi_CANON/body/bridge/intent_ir_ffi.h	225	function	intent_ir_update_music
KmiDi_CANON/body/bridge/intent_ir_ffi.cpp	11	function	intent_ir_initialize
KmiDi_CANON/body/bridge/intent_ir_ffi.cpp	12	function	intent_ir_validate_and_store
KmiDi_CANON/body/bridge/intent_ir_ffi.cpp	13	function	intent_ir_clamp_and_store
KmiDi_CANON/body/bridge/intent_ir_ffi.cpp	14	function	intent_ir_get_snapshot
KmiDi_CANON/body/bridge/intent_ir_ffi.cpp	15	function	intent_ir_get_c_snapshot
KmiDi_CANON/body/bridge/intent_ir_ffi.cpp	16	function	intent_ir_is_valid
KmiDi_CANON/body/bridge/intent_ir_ffi.cpp	17	function	intent_ir_get_current_intent_id
KmiDi_CANON/body/bridge/intent_ir_ffi.cpp	18	function	intent_ir_get_current_session_id
KmiDi_CANON/body/bridge/intent_ir_ffi.cpp	19	function	intent_ir_new_session_id
KmiDi_CANON/body/bridge/intent_ir_ffi.cpp	20	function	intent_ir_new_intent_id
KmiDi_CANON/body/bridge/intent_ir_ffi.cpp	21	function	intent_ir_update_emotion
KmiDi_CANON/body/bridge/intent_ir_ffi.cpp	29	function	intent_ir_update_music
KmiDi_CANON/body/bridge/CacheManager.cpp	14	function	lock
KmiDi_CANON/body/bridge/CacheManager.cpp	36	function	lock
KmiDi_CANON/body/bridge/CacheManager.cpp	49	function	lock
KmiDi_CANON/body/bridge/CacheManager.cpp	71	function	lock
KmiDi_CANON/body/bridge/CacheManager.cpp	76	function	lock
KmiDi_CANON/body/bridge/CacheManager.cpp	81	function	lock
KmiDi_CANON/body/bridge/CacheManager.cpp	100	function	lock
KmiDi_CANON/body/bridge/PreferenceBridge.cpp	16	class	PreferenceBridge
KmiDi_CANON/body/bridge/PreferenceBridge.cpp	18	function	WorkerThread
KmiDi_CANON/body/bridge/PreferenceBridge.cpp	21	function	run
KmiDi_CANON/body/bridge/PreferenceBridge.cpp	153	function	lock
KmiDi_CANON/body/bridge/PreferenceBridge.cpp	179	function	lock
KmiDi_CANON/body/bridge/PreferenceBridge.cpp	206	function	lock
KmiDi_CANON/body/bridge/PreferenceBridge.cpp	244	function	lock
KmiDi_CANON/body/bridge/PreferenceBridge.cpp	265	function	lock
KmiDi_CANON/body/bridge/PreferenceBridge.cpp	287	function	lock
KmiDi_CANON/body/bridge/PreferenceBridge.cpp	306	function	lock
KmiDi_CANON/body/bridge/PreferenceBridge.cpp	368	function	file
KmiDi_CANON/body/bridge/PreferenceBridge.cpp	388	function	lock
KmiDi_CANON/body/bridge/PreferenceBridge.cpp	393	function	lock
KmiDi_CANON/body/bridge/PreferenceBridge.cpp	398	function	lock
KmiDi_CANON/body/bridge/PreferenceBridge.cpp	403	function	lock
KmiDi_CANON/body/bridge/kelly_ffi.h	68	function	kelly_free_string
KmiDi_CANON/body/bridge/kelly_ffi.h	86	function	kelly_brain_initialize
KmiDi_CANON/body/bridge/kelly_ffi.h	93	function	kelly_brain_is_initialized
KmiDi_CANON/body/bridge/kelly_ffi.h	99	function	kelly_brain_destroy
KmiDi_CANON/body/bridge/kelly_ffi.h	201	function	kelly_brain_set_emotion_parameters
KmiDi_CANON/body/bridge/kelly_ffi.h	209	function	kelly_brain_update_parameters
KmiDi_CANON/body/bridge/kelly_ffi.h	221	function	void
KmiDi_CANON/body/bridge/kelly_ffi.h	230	function	kelly_brain_register_callback
KmiDi_CANON/body/bridge/kelly_ffi.h	237	function	kelly_brain_unregister_callback
KmiDi_CANON/body/bridge/kelly_ffi.h	254	function	kelly_check_data_files
KmiDi_CANON/body/bridge/SuggestionBridge.h	22	class	_object
KmiDi_CANON/body/bridge/SuggestionBridge.h	33	class	SuggestionBridge
KmiDi_CANON/body/bridge/SuggestionBridge.h	39	function	initialize
KmiDi_CANON/body/bridge/SuggestionBridge.h	40	function	shutdown
KmiDi_CANON/body/bridge/SuggestionBridge.h	54	function	getSuggestions
KmiDi_CANON/body/bridge/SuggestionBridge.h	62	function	recordSuggestionShown
KmiDi_CANON/body/bridge/SuggestionBridge.h	71	function	recordSuggestionAccepted
KmiDi_CANON/body/bridge/SuggestionBridge.h	76	function	recordSuggestionDismissed
KmiDi_CANON/body/bridge/StateBridge.cpp	20	class	StateBridge
KmiDi_CANON/body/bridge/StateBridge.cpp	40	function	run
KmiDi_CANON/body/bridge/StateBridge.cpp	151	function	lock
KmiDi_CANON/body/bridge/StateBridge.cpp	243	function	lock
KmiDi_CANON/body/learning/PreferenceTracker.h	39	class	PreferenceTracker
KmiDi_CANON/body/learning/PreferenceTracker.h	47	function	recordParameterAdjustment
KmiDi_CANON/body/learning/PreferenceTracker.h	57	function	recordEmotionSelection
KmiDi_CANON/body/learning/PreferenceTracker.h	68	function	recordMidiGeneration
KmiDi_CANON/body/learning/PreferenceTracker.h	79	function	recordMidiFeedback
KmiDi_CANON/body/learning/PreferenceTracker.h	84	function	recordMidiModification
KmiDi_CANON/body/learning/PreferenceTracker.h	94	function	setEnabled
KmiDi_CANON/body/learning/PreferenceTracker.h	95	function	isEnabled
KmiDi_CANON/body/learning/PreferenceTracker.h	100	function	clearPreferences
KmiDi_CANON/body/learning/PreferenceTracker.h	105	function	getAverageParameterAdjustments
KmiDi_CANON/body/learning/PreferenceTracker.h	110	function	setSaveCallback
KmiDi_CANON/body/learning/PreferenceTracker.h	117	class	ParameterAdjustment
KmiDi_CANON/body/learning/PreferenceTracker.h	125	class	EmotionSelection
KmiDi_CANON/body/learning/PreferenceTracker.h	134	class	MidiGenerationEvent
KmiDi_CANON/body/learning/PreferenceTracker.h	151	function	triggerSave
KmiDi_CANON/body/learning/PreferenceTracker.h	152	function	getCurrentTimestamp
KmiDi_CANON/body/learning/PreferenceTracker.cpp	21	function	lock
KmiDi_CANON/body/learning/PreferenceTracker.cpp	51	function	lock
KmiDi_CANON/body/learning/PreferenceTracker.cpp	82	function	lock
KmiDi_CANON/body/learning/PreferenceTracker.cpp	108	function	lock
KmiDi_CANON/body/learning/PreferenceTracker.cpp	130	function	lock
KmiDi_CANON/body/learning/PreferenceTracker.cpp	148	function	lock
KmiDi_CANON/body/learning/PreferenceTracker.cpp	156	function	lock
KmiDi_CANON/body/harmony/progression.cpp	15	class	Chord
KmiDi_CANON/body/harmony/progression.cpp	20	class	Progression
KmiDi_CANON/body/harmony/progression.cpp	22	function	addChord
KmiDi_CANON/body/harmony/progression.cpp	30	function	length
KmiDi_CANON/body/harmony/progression.cpp	32	function	clear
KmiDi_CANON/body/harmony/progression.cpp	37	function	parse
KmiDi_CANON/body/harmony/progression.cpp	39	function	ss
KmiDi_CANON/body/harmony/progression.cpp	57	function	toString
KmiDi_CANON/body/harmony/progression.cpp	73	class	ProgressionAnalysis
KmiDi_CANON/body/harmony/progression.cpp	86	function	analyzeProgression
KmiDi_CANON/body/harmony/chord.cpp	68	class	Chord
KmiDi_CANON/body/harmony/chord.cpp	76	function	getPitches
KmiDi_CANON/body/harmony/chord.cpp	93	function	getRoot
KmiDi_CANON/body/harmony/chord.cpp	98	function	getQuality
KmiDi_CANON/body/harmony/chord.cpp	103	function	parse
KmiDi_CANON/body/harmony/chord.cpp	112	function	Chord
KmiDi_CANON/body/harmony/chord.cpp	160	function	Chord
KmiDi_CANON/body/harmony/voice_leading.cpp	17	class	VoiceLeading
KmiDi_CANON/body/harmony/voice_leading.cpp	26	function	calculateMovement
KmiDi_CANON/body/harmony/voice_leading.cpp	43	function	optimalVoiceLead
KmiDi_CANON/body/harmony/voice_leading.cpp	78	function	hasParallelFifths
KmiDi_CANON/body/harmony/ChordAnalyzerSIMD.cpp	151	function	scoreAgainstTemplate
KmiDi_CANON/body/harmony/ChordAnalyzer.cpp	274	function	scoreAgainstTemplate
KmiDi_CANON/body/plugin/HostDebugger.h	31	class	HostDebugger
KmiDi_CANON/body/plugin/HostDebugger.h	39	function	detectHostType
KmiDi_CANON/body/plugin/HostDebugger.h	44	function	getHostName
KmiDi_CANON/body/plugin/HostDebugger.h	49	function	hasQuirks
KmiDi_CANON/body/plugin/HostDebugger.h	54	function	logQuirk
KmiDi_CANON/body/plugin/HostDebugger.h	59	function	verifyParameterSync
KmiDi_CANON/body/plugin/HostDebugger.h	69	function	getWorkaround
KmiDi_CANON/body/plugin/PluginEditor.h	11	class	MasterEQComponent
KmiDi_CANON/body/plugin/PluginEditor.h	52	class	PluginEditor
KmiDi_CANON/body/plugin/PluginEditor.h	61	function	PluginEditor
KmiDi_CANON/body/plugin/PluginEditor.h	69	function	paint
KmiDi_CANON/body/plugin/PluginEditor.h	70	function	resized
KmiDi_CANON/body/plugin/PluginEditor.h	73	function	timerCallback
KmiDi_CANON/body/plugin/PluginEditor.h	76	function	parameterChanged
KmiDi_CANON/body/plugin/PluginEditor.h	107	function	onGenerateClicked
KmiDi_CANON/body/plugin/PluginEditor.h	114	function	onPreviewClicked
KmiDi_CANON/body/plugin/PluginEditor.h	121	function	onExportClicked
KmiDi_CANON/body/plugin/PluginEditor.h	129	function	onEmotionSelected
KmiDi_CANON/body/plugin/PluginEditor.h	130	function	onEmotionTextCommitted
KmiDi_CANON/body/plugin/PluginEditor.h	131	function	onWoundTextChanged
KmiDi_CANON/body/plugin/PluginEditor.h	132	function	updatePreviewSummary
KmiDi_CANON/body/plugin/PluginEditor.h	133	function	runGeneration
KmiDi_CANON/body/plugin/PluginEditor.h	134	function	markIdleGenerationPending
KmiDi_CANON/body/plugin/PluginEditor.h	139	function	onNewProject
KmiDi_CANON/body/plugin/PluginEditor.h	140	function	onOpenProject
KmiDi_CANON/body/plugin/PluginEditor.h	141	function	onSaveProject
KmiDi_CANON/body/plugin/PluginEditor.h	142	function	onSaveProjectAs
KmiDi_CANON/body/plugin/PluginProcessor.h	53	class	KellyBrain
KmiDi_CANON/body/plugin/PluginProcessor.h	54	class	MLIntentPipeline
KmiDi_CANON/body/plugin/PluginProcessor.h	66	class	PluginProcessor
KmiDi_CANON/body/plugin/PluginProcessor.h	74	function	prepareToPlay
KmiDi_CANON/body/plugin/PluginProcessor.h	75	function	releaseResources
KmiDi_CANON/body/plugin/PluginProcessor.h	77	function	isBusesLayoutSupported
KmiDi_CANON/body/plugin/PluginProcessor.h	79	function	processBlock
KmiDi_CANON/body/plugin/PluginProcessor.h	82	function	hasEditor
KmiDi_CANON/body/plugin/PluginProcessor.h	84	function	getName
KmiDi_CANON/body/plugin/PluginProcessor.h	86	function	acceptsMidi
KmiDi_CANON/body/plugin/PluginProcessor.h	87	function	producesMidi
KmiDi_CANON/body/plugin/PluginProcessor.h	88	function	isMidiEffect
KmiDi_CANON/body/plugin/PluginProcessor.h	89	function	getTailLengthSeconds
KmiDi_CANON/body/plugin/PluginProcessor.h	91	function	getNumPrograms
KmiDi_CANON/body/plugin/PluginProcessor.h	92	function	getCurrentProgram
KmiDi_CANON/body/plugin/PluginProcessor.h	93	function	setCurrentProgram
KmiDi_CANON/body/plugin/PluginProcessor.h	94	function	getProgramName
KmiDi_CANON/body/plugin/PluginProcessor.h	95	function	changeProgramName
KmiDi_CANON/body/plugin/PluginProcessor.h	97	function	getStateInformation
KmiDi_CANON/body/plugin/PluginProcessor.h	98	function	setStateInformation
KmiDi_CANON/body/plugin/PluginProcessor.h	166	function	generateMidi
KmiDi_CANON/body/plugin/PluginProcessor.h	171	function	lock
KmiDi_CANON/body/plugin/PluginProcessor.h	176	function	hasPendingMidi
KmiDi_CANON/body/plugin/PluginProcessor.h	177	function	clearPendingMidi
KmiDi_CANON/body/plugin/PluginProcessor.h	180	function	isGenerating
KmiDi_CANON/body/plugin/PluginProcessor.h	184	function	hasParametersChanged
KmiDi_CANON/body/plugin/PluginProcessor.h	185	function	isHostPlaying
KmiDi_CANON/body/plugin/PluginProcessor.h	189	function	getLastProcessedEmotion
KmiDi_CANON/body/plugin/PluginProcessor.h	192	function	setWoundDescription
KmiDi_CANON/body/plugin/PluginProcessor.h	195	function	enableMLInference
KmiDi_CANON/body/plugin/PluginProcessor.h	196	function	isMLInferenceEnabled
KmiDi_CANON/body/plugin/PluginProcessor.h	211	function	setModelEnabled
KmiDi_CANON/body/plugin/PluginProcessor.h	212	function	isModelEnabled
KmiDi_CANON/body/plugin/PluginProcessor.h	215	function	setSelectedEmotionId
KmiDi_CANON/body/plugin/PluginProcessor.h	219	function	setMusicTheorySettings
KmiDi_CANON/body/plugin/PluginProcessor.h	223	class	MusicTheorySettings
KmiDi_CANON/body/plugin/PluginProcessor.h	228	function	getMusicTheorySettings
KmiDi_CANON/body/plugin/PluginProcessor.h	229	function	getHostTempoBpm
KmiDi_CANON/body/plugin/PluginProcessor.h	243	function	saveCurrentProject
KmiDi_CANON/body/plugin/PluginProcessor.h	253	function	loadProject
KmiDi_CANON/body/plugin/PluginProcessor.h	260	function	getProjectError
KmiDi_CANON/body/plugin/PluginProcessor.h	263	function	enableKellyBrainAPI
KmiDi_CANON/body/plugin/PluginProcessor.h	264	function	isKellyBrainAPIEnabled
KmiDi_CANON/body/plugin/PluginProcessor.h	269	function	enableMLBridge
KmiDi_CANON/body/plugin/PluginProcessor.h	270	function	isMLBridgeEnabled
KmiDi_CANON/body/plugin/PluginProcessor.h	279	function	parameterChanged
KmiDi_CANON/body/plugin/PluginProcessor.h	283	function	handleAsyncUpdate
KmiDi_CANON/body/plugin/PluginProcessor.h	286	function	timerCallback
KmiDi_CANON/body/plugin/PluginProcessor.h	395	function	extractFeatures
KmiDi_CANON/body/plugin/PluginProcessor.h	397	function	applyEmotionVector
KmiDi_CANON/body/plugin/PluginTestHarness.cpp	9	function	lock
KmiDi_CANON/body/plugin/PluginTestHarness.cpp	23	function	lock
KmiDi_CANON/body/plugin/plugin_processor.h	7	class	PluginProcessor
KmiDi_CANON/body/plugin/plugin_processor.h	12	function	prepareToPlay
KmiDi_CANON/body/plugin/plugin_processor.h	13	function	releaseResources
KmiDi_CANON/body/plugin/plugin_processor.h	14	function	processBlock
KmiDi_CANON/body/plugin/plugin_processor.h	17	function	hasEditor
KmiDi_CANON/body/plugin/plugin_processor.h	19	function	getName
KmiDi_CANON/body/plugin/plugin_processor.h	20	function	acceptsMidi
KmiDi_CANON/body/plugin/plugin_processor.h	21	function	producesMidi
KmiDi_CANON/body/plugin/plugin_processor.h	22	function	getTailLengthSeconds
KmiDi_CANON/body/plugin/plugin_processor.h	24	function	getNumPrograms
KmiDi_CANON/body/plugin/plugin_processor.h	25	function	getCurrentProgram
KmiDi_CANON/body/plugin/plugin_processor.h	26	function	setCurrentProgram
KmiDi_CANON/body/plugin/plugin_processor.h	27	function	getProgramName
KmiDi_CANON/body/plugin/plugin_processor.h	28	function	changeProgramName
KmiDi_CANON/body/plugin/plugin_processor.h	30	function	getStateInformation
KmiDi_CANON/body/plugin/plugin_processor.h	31	function	setStateInformation
KmiDi_CANON/body/plugin/PluginIRInspector.cpp	34	function	lock
KmiDi_CANON/body/plugin/PluginIRInspector.cpp	47	function	lock
KmiDi_CANON/body/plugin/PluginIRInspector.cpp	61	function	lock
KmiDi_CANON/body/plugin/plugin_processor.cpp	28	function	PluginEditor
KmiDi_CANON/body/plugin/PluginLogger.cpp	61	function	lock
KmiDi_CANON/body/plugin/PluginLogger.cpp	96	function	lock
KmiDi_CANON/body/plugin/PluginLogger.cpp	110	function	lock
KmiDi_CANON/body/plugin/MasterEQProcessor.h	20	class	MasterEQProcessor
KmiDi_CANON/body/plugin/MasterEQProcessor.h	28	function	prepareToPlay
KmiDi_CANON/body/plugin/MasterEQProcessor.h	33	function	releaseResources
KmiDi_CANON/body/plugin/MasterEQProcessor.h	39	function	processBlock
KmiDi_CANON/body/plugin/MasterEQProcessor.h	45	function	updateParameters
KmiDi_CANON/body/plugin/MasterEQProcessor.h	51	class	EQBandState
KmiDi_CANON/body/plugin/MasterEQProcessor.h	58	class	EQState
KmiDi_CANON/body/plugin/MasterEQProcessor.h	63	function	getCurrentState
KmiDi_CANON/body/plugin/MasterEQProcessor.h	68	class	BandSmoothing
KmiDi_CANON/body/plugin/MasterEQProcessor.h	93	function	calculateSmoothingCoeff
KmiDi_CANON/body/plugin/PluginTestHarness.h	19	class	PluginTestHarness
KmiDi_CANON/body/plugin/PluginTestHarness.h	27	function	enableTestMode
KmiDi_CANON/body/plugin/PluginTestHarness.h	32	function	disableTestMode
KmiDi_CANON/body/plugin/PluginTestHarness.h	37	function	isTestModeActive
KmiDi_CANON/body/plugin/PluginTestHarness.h	42	function	getStaticFrame
KmiDi_CANON/body/plugin/PluginTestHarness.h	47	function	shouldIgnoreUIEdits
KmiDi_CANON/body/plugin/PluginTestHarness.h	52	function	shouldDisableML
KmiDi_CANON/body/plugin/PluginTestHarness.h	57	function	shouldIgnoreAutomation
KmiDi_CANON/body/plugin/PluginTestHarness.h	62	function	verifyStability
KmiDi_CANON/body/plugin/PluginProcessor.cpp	12	class	IntentResult
KmiDi_CANON/body/plugin/PluginProcessor.cpp	13	class	EmotionNode
KmiDi_CANON/body/plugin/PluginProcessor.cpp	14	class	Wound
KmiDi_CANON/body/plugin/PluginProcessor.cpp	26	function	convertKellyTypesToLegacy
KmiDi_CANON/body/plugin/PluginProcessor.cpp	37	function	convertLegacyToKellyTypesEmotionNode
KmiDi_CANON/body/plugin/PluginProcessor.cpp	43	function	convertKellyTypesToLegacyEmotionNode
KmiDi_CANON/body/plugin/PluginProcessor.cpp	49	function	convertLegacyToKellyTypesWound
KmiDi_CANON/body/plugin/PluginProcessor.cpp	449	function	lock
KmiDi_CANON/body/plugin/PluginProcessor.cpp	620	function	lock
KmiDi_CANON/body/plugin/PluginProcessor.cpp	637	function	xml
KmiDi_CANON/body/plugin/PluginProcessor.cpp	643	function	xmlState
KmiDi_CANON/body/plugin/PluginProcessor.cpp	650	function	lock
KmiDi_CANON/body/plugin/PluginProcessor.cpp	681	function	lock
KmiDi_CANON/body/plugin/PluginProcessor.cpp	699	function	lock
KmiDi_CANON/body/plugin/PluginProcessor.cpp	707	function	lock
KmiDi_CANON/body/plugin/PluginProcessor.cpp	851	function	lock
KmiDi_CANON/body/plugin/PluginProcessor.cpp	866	function	lock
KmiDi_CANON/body/plugin/PluginProcessor.cpp	872	function	lock
KmiDi_CANON/body/plugin/PluginProcessor.cpp	880	function	lock
KmiDi_CANON/body/plugin/PluginProcessor.cpp	889	function	lock
KmiDi_CANON/body/plugin/PluginProcessor.cpp	895	function	lock
KmiDi_CANON/body/plugin/PluginProcessor.cpp	1183	function	intentLock
KmiDi_CANON/body/plugin/PluginProcessor.cpp	1196	function	midiLock
KmiDi_CANON/body/plugin/PluginProcessor.cpp	1248	function	intentLock
KmiDi_CANON/body/plugin/PluginProcessor.cpp	1265	function	midiLock
KmiDi_CANON/body/plugin/PluginState.cpp	145	function	getPresetsDirectory
KmiDi_CANON/body/plugin/PluginState.cpp	238	function	loadPreset
KmiDi_CANON/body/plugin/PluginState.cpp	242	function	getPresetFile
KmiDi_CANON/body/plugin/PluginState.cpp	380	function	tree
KmiDi_CANON/body/plugin/PluginIRInspector.h	18	class	PluginIRInspector
KmiDi_CANON/body/plugin/PluginIRInspector.h	23	function	paint
KmiDi_CANON/body/plugin/PluginIRInspector.h	24	function	resized
KmiDi_CANON/body/plugin/PluginIRInspector.h	30	function	updateFrame
KmiDi_CANON/body/plugin/PluginIRInspector.h	35	function	clear
KmiDi_CANON/body/plugin/PluginIRInspector.h	48	function	updateDisplay
KmiDi_CANON/body/plugin/PluginIRInspector.h	49	function	formatFrame
KmiDi_CANON/body/plugin/PluginIRInspector.h	50	function	getProvenanceColor
KmiDi_CANON/body/plugin/PluginIRInspector.h	51	function	getProvenanceName
KmiDi_CANON/body/plugin/PluginLogger.h	20	class	PluginLogger
KmiDi_CANON/body/plugin/PluginLogger.h	22	class	LogEntry
KmiDi_CANON/body/plugin/PluginLogger.h	37	function	logLifecycle
KmiDi_CANON/body/plugin/PluginLogger.h	42	function	logParameterChange
KmiDi_CANON/body/plugin/PluginLogger.h	51	function	logIRUpdate
KmiDi_CANON/body/plugin/PluginLogger.h	56	function	getEntries
KmiDi_CANON/body/plugin/PluginLogger.h	61	function	exportToFile
KmiDi_CANON/body/plugin/PluginLogger.h	66	function	clear
KmiDi_CANON/body/plugin/PluginLogger.h	71	function	setEnabled
KmiDi_CANON/body/plugin/PluginLogger.h	72	function	isEnabled
KmiDi_CANON/body/plugin/PluginLogger.h	80	function	getCurrentThreadName
KmiDi_CANON/body/plugin/PluginLogger.h	81	function	addEntry
KmiDi_CANON/body/plugin/plugin_editor.h	8	class	PluginEditor
KmiDi_CANON/body/plugin/plugin_editor.h	10	function	PluginEditor
KmiDi_CANON/body/plugin/plugin_editor.h	13	function	paint
KmiDi_CANON/body/plugin/plugin_editor.h	14	function	resized
KmiDi_CANON/body/plugin/PluginState.h	21	class	PluginState
KmiDi_CANON/body/plugin/PluginState.h	26	class	Preset
KmiDi_CANON/body/plugin/PluginState.h	54	function	toValueTree
KmiDi_CANON/body/plugin/PluginState.h	59	function	fromValueTree
KmiDi_CANON/body/plugin/PluginState.h	64	function	toJson
KmiDi_CANON/body/plugin/PluginState.h	69	function	fromJson
KmiDi_CANON/body/plugin/PluginState.h	83	function	saveState
KmiDi_CANON/body/plugin/PluginState.h	93	function	loadState
KmiDi_CANON/body/plugin/PluginState.h	102	function	saveEmotionSettings
KmiDi_CANON/body/plugin/PluginState.h	107	function	loadEmotionSettings
KmiDi_CANON/body/plugin/PluginState.h	117	function	getPresetsDirectory
KmiDi_CANON/body/plugin/PluginState.h	122	function	getPresetFile
KmiDi_CANON/body/plugin/PluginState.h	128	function	savePreset
KmiDi_CANON/body/plugin/PluginState.h	140	function	loadPreset
KmiDi_CANON/body/plugin/PluginState.h	146	function	deletePreset
KmiDi_CANON/body/plugin/PluginState.h	151	function	getPresetNames
KmiDi_CANON/body/plugin/PluginState.h	156	function	getPresetMetadata
KmiDi_CANON/body/plugin/PluginState.h	161	function	presetExists
KmiDi_CANON/body/plugin/PluginState.h	168	function	applyPreset
KmiDi_CANON/body/plugin/PluginState.h	177	function	createPresetFromState
KmiDi_CANON/body/plugin/PluginState.h	189	function	sanitizePresetName
KmiDi_CANON/body/plugin/PluginState.h	194	function	getParameterValue
KmiDi_CANON/body/plugin/PluginState.h	199	function	setParameterValue
KmiDi_CANON/body/KellyML/EmotionStateSnapshot.h	11	class	EmotionStateSnapshot
KmiDi_CANON/body/KellyML/EmotionStateSnapshot.h	23	function	toJson
KmiDi_CANON/body/KellyML/EmotionStateSnapshot.h	26	function	writeToFile
KmiDi_CANON/body/KellyML/EmotionStateSnapshot.h	29	function	fromEmotionState
KmiDi_CANON/body/KellyML/KellyMLPipeline.cpp	11	function	zero
KmiDi_CANON/body/KellyML/MLPipelineSnapshot.h	13	class	MLPipelineSnapshot
KmiDi_CANON/body/KellyML/MLPipelineSnapshot.h	23	class	MLDebugInfo
KmiDi_CANON/body/KellyML/MLPipelineSnapshot.h	41	function	toJson
KmiDi_CANON/body/KellyML/MLPipelineSnapshot.h	44	function	writeToFile
KmiDi_CANON/body/KellyML/MLPipelineSnapshot.h	47	function	fromPipeline
KmiDi_CANON/body/KellyML/EmotionStateSnapshot.cpp	50	function	file
KmiDi_CANON/body/KellyML/KellyMLPipeline.h	13	class	KellyMLPipeline
KmiDi_CANON/body/KellyML/KellyMLPipeline.h	18	function	loadModels
KmiDi_CANON/body/KellyML/KellyMLPipeline.h	24	function	setBypassed
KmiDi_CANON/body/KellyML/KellyMLPipeline.h	25	function	isBypassed
KmiDi_CANON/body/KellyML/KellyMLPipeline.h	28	function	processAudioFeatures
KmiDi_CANON/body/KellyML/KellyMLPipeline.h	31	function	generateMusicalSuggestions
KmiDi_CANON/body/KellyML/KellyMLPipeline.h	39	function	fallbackEmotion
KmiDi_CANON/body/KellyML/KellyMLPipeline.h	40	function	fallbackMelody
KmiDi_CANON/body/KellyML/KellyMLPipeline.h	41	function	fallbackHarmony
KmiDi_CANON/body/KellyML/KellyMLPipeline.h	42	function	fallbackDynamics
KmiDi_CANON/body/KellyML/KellyMLPipeline.h	43	function	fallbackGroove
KmiDi_CANON/body/KellyML/ExampleUsage.cpp	11	class	AudioEngineExample
KmiDi_CANON/body/KellyML/ExampleUsage.cpp	24	function	processFrame
KmiDi_CANON/body/KellyML/SnapshotWriter.h	15	class	SnapshotWriter
KmiDi_CANON/body/KellyML/SnapshotWriter.h	20	function	setOutputDirectory
KmiDi_CANON/body/KellyML/SnapshotWriter.h	23	function	writeEmotionSnapshot
KmiDi_CANON/body/KellyML/SnapshotWriter.h	28	function	writePipelineSnapshot
KmiDi_CANON/body/KellyML/SnapshotWriter.h	42	function	getEmotionSnapshotPath
KmiDi_CANON/body/KellyML/SnapshotWriter.h	43	function	getPipelineSnapshotPath
KmiDi_CANON/body/KellyML/EmotionState.h	9	class	EmotionState
KmiDi_CANON/body/KellyML/EmotionState.h	16	function	FromEmbedding
KmiDi_CANON/body/KellyML/MLPipelineSnapshot.cpp	84	function	file
KmiDi_CANON/body/KellyML/KellyMLOutput.h	8	class	KellyMLOutput
KmiDi_CANON/body/KellyML/KellyMLModel.h	10	class	Model
KmiDi_CANON/body/KellyML/KellyMLModel.h	17	class	KellyMLModel
KmiDi_CANON/body/KellyML/KellyMLModel.h	27	function	loadFromJson
KmiDi_CANON/body/KellyML/KellyMLModel.h	29	function	isLoaded
KmiDi_CANON/body/KellyML/KellyMLModel.h	36	function	setEnabled
KmiDi_CANON/body/KellyML/KellyMLModel.h	37	function	isEnabled
KmiDi_CANON/body/KellyML/KellyMLModel.h	40	function	process
KmiDi_CANON/body/KellyML/KellyMLModel.h	42	function	inputSize
KmiDi_CANON/body/KellyML/KellyMLModel.h	43	function	outputSize
KmiDi_CANON/body/project/ProjectManager.cpp	189	function	tree
KmiDi_CANON/body/project/ProjectFile.cpp	25	function	file
KmiDi_CANON/body/project/ProjectFile.cpp	32	function	fromJSON
KmiDi_CANON/body/project/ProjectFile.cpp	36	function	file
KmiDi_CANON/body/project/ProjectFile.cpp	99	function	rootVar
KmiDi_CANON/body/project/ProjectManager.h	50	class	ProjectManager
KmiDi_CANON/body/project/ProjectManager.h	55	class	ProjectData
KmiDi_CANON/body/project/ProjectManager.h	85	function	toValueTree
KmiDi_CANON/body/project/ProjectManager.h	90	function	fromValueTree
KmiDi_CANON/body/project/ProjectManager.h	95	function	toJson
KmiDi_CANON/body/project/ProjectManager.h	100	function	fromJson
KmiDi_CANON/body/project/ProjectManager.h	123	function	saveProject
KmiDi_CANON/body/project/ProjectManager.h	144	function	loadProject
KmiDi_CANON/body/project/ProjectManager.h	157	function	getLastError
KmiDi_CANON/body/project/ProjectManager.h	165	function	isValidProjectFile
KmiDi_CANON/body/project/ProjectManager.h	173	function	getProjectMetadata
KmiDi_CANON/body/project/ProjectManager.h	178	function	getProjectFileExtension
KmiDi_CANON/body/project/ProjectManager.h	183	function	getProjectFilePattern
KmiDi_CANON/body/project/ProjectManager.h	191	function	clearError
KmiDi_CANON/body/project/ProjectManager.h	196	function	setError
KmiDi_CANON/body/project/ProjectManager.h	201	function	serializeGeneratedMidi
KmiDi_CANON/body/project/ProjectManager.h	206	function	deserializeGeneratedMidi
KmiDi_CANON/body/project/ProjectManager.h	211	function	serializeMidiNote
KmiDi_CANON/body/project/ProjectManager.h	216	function	deserializeMidiNote
KmiDi_CANON/body/project/ProjectManager.h	221	function	serializeChord
KmiDi_CANON/body/project/ProjectManager.h	226	function	deserializeChord
KmiDi_CANON/body/project/ProjectManager.h	231	function	migrateProjectVersion
KmiDi_CANON/body/common/IntentIRAdapter.cpp	14	function	tempoBiasToBPM
KmiDi_CANON/body/common/IntentIRAdapter.cpp	47	function	modePreferenceToMode
KmiDi_CANON/body/common/IntentIRAdapter.cpp	58	function	densityToSwing
KmiDi_CANON/body/common/IntentIRAdapter.cpp	64	function	grooveStrengthToSyncopation
KmiDi_CANON/body/common/IntentIRAdapter.cpp	69	function	tensionToChromaticism
KmiDi_CANON/body/common/IntentIRAdapter.cpp	74	function	activityToRange
KmiDi_CANON/body/common/IntentIRAdapter.cpp	79	function	varianceToLeapProbability
KmiDi_CANON/body/common/IntentIRAdapter.cpp	84	function	rangeToBaseVelocity
KmiDi_CANON/body/common/IntentIRAdapter.cpp	89	function	rangeToDynamicRange
KmiDi_CANON/body/common/IntentIRAdapter.cpp	93	function	convertIntentIRToIntentResult
KmiDi_CANON/body/common/IntentIRAdapter.cpp	167	function	convertIntentResultToIntentIR
KmiDi_CANON/body/common/IntentIRAdapter.cpp	243	function	isIntentIRVersionSupported
KmiDi_CANON/body/common/IntentIRAdapter.cpp	247	function	prepareIntentFrame
KmiDi_CANON/body/common/IntentIRAdapter.h	22	function	convertIntentIRToIntentResult
KmiDi_CANON/body/common/IntentIRAdapter.h	30	function	convertIntentResultToIntentIR
KmiDi_CANON/body/common/IntentIRAdapter.h	35	function	isIntentIRVersionSupported
KmiDi_CANON/body/common/IntentIRAdapter.h	41	function	prepareIntentFrame
KmiDi_CANON/body/common/EQPresetManager.h	16	class	EQPresetManager
KmiDi_CANON/body/common/EQPresetManager.h	21	class	EQBand
KmiDi_CANON/body/common/EQPresetManager.h	30	class	EQPreset
KmiDi_CANON/body/common/EQPresetManager.h	42	function	loadPresets
KmiDi_CANON/body/common/EQPresetManager.h	47	function	getEmotionPreset
KmiDi_CANON/body/common/EQPresetManager.h	52	function	getGenrePreset
KmiDi_CANON/body/common/EQPresetManager.h	57	function	getPresetByName
KmiDi_CANON/body/common/EQPresetManager.h	62	function	getEmotionPresetNames
KmiDi_CANON/body/common/EQPresetManager.h	67	function	getGenrePresetNames
KmiDi_CANON/body/common/EQPresetManager.h	73	function	getPresetForEmotion
KmiDi_CANON/body/common/EQPresetManager.h	78	function	blendPresets
KmiDi_CANON/body/common/EQPresetManager.h	84	function	parsePreset
KmiDi_CANON/body/common/EQPresetManager.h	85	function	normalizeEmotionName
KmiDi_CANON/body/common/EQPresetManager.h	86	function	normalizeGenreName
KmiDi_CANON/body/common/PathResolver.h	14	class	PathResolver
KmiDi_CANON/body/common/PathResolver.h	19	function	getSearchPaths
KmiDi_CANON/body/common/PathResolver.h	26	function	findDataFile
KmiDi_CANON/body/common/PathResolver.h	32	function	findDataDirectory
KmiDi_CANON/body/common/PathResolver.h	37	function	getUserDataDirectory
KmiDi_CANON/body/common/Result.h	24	class	Result
KmiDi_CANON/body/common/Result.h	56	function	success
KmiDi_CANON/body/common/Result.h	63	function	success
KmiDi_CANON/body/common/Result.h	70	function	error
KmiDi_CANON/body/common/Result.h	77	function	error
KmiDi_CANON/body/common/Result.h	85	function	hasValue
KmiDi_CANON/body/common/Result.h	112	function	bool
KmiDi_CANON/body/common/Result.h	141	function	destroy
KmiDi_CANON/body/common/Result.h	152	class	Result
KmiDi_CANON/body/common/Result.h	181	function	success
KmiDi_CANON/body/common/Result.h	187	function	error
KmiDi_CANON/body/common/Result.h	194	function	error
KmiDi_CANON/body/common/Result.h	201	function	hasValue
KmiDi_CANON/body/common/Result.h	213	function	bool
KmiDi_CANON/body/common/KellyTypes.h	22	class	MidiNote
KmiDi_CANON/body/common/KellyTypes.h	23	class	EmotionNode
KmiDi_CANON/body/common/KellyTypes.h	24	class	Wound
KmiDi_CANON/body/common/KellyTypes.h	25	class	IntentResult
KmiDi_CANON/body/common/KellyTypes.h	26	class	ArrangementOutput
KmiDi_CANON/body/common/KellyTypes.h	68	class	MidiNote
KmiDi_CANON/body/common/KellyTypes.h	76	function	note
KmiDi_CANON/body/common/KellyTypes.h	77	function	time
KmiDi_CANON/body/common/KellyTypes.h	85	class	MidiEvent
KmiDi_CANON/body/common/KellyTypes.h	93	class	Chord
KmiDi_CANON/body/common/KellyTypes.h	108	class	GeneratedMidi
KmiDi_CANON/body/common/KellyTypes.h	140	class	TimeSignature
KmiDi_CANON/body/common/KellyTypes.h	145	class	KeySignature
KmiDi_CANON/body/common/KellyTypes.h	155	class	MusicalAttributes
KmiDi_CANON/body/common/KellyTypes.h	165	class	EmotionNode
KmiDi_CANON/body/common/KellyTypes.h	197	class	EmotionState
KmiDi_CANON/body/common/KellyTypes.h	209	class	Wound
KmiDi_CANON/body/common/KellyTypes.h	223	class	RuleBreak
KmiDi_CANON/body/common/KellyTypes.h	236	class	IntentResult
KmiDi_CANON/body/common/KellyTypes.h	298	class	GrooveTemplate
KmiDi_CANON/body/common/KellyTypes.h	307	class	GroovePattern
KmiDi_CANON/body/common/KellyTypes.h	316	class	DrumHit
KmiDi_CANON/body/common/KellyTypes.h	335	class	SideA
KmiDi_CANON/body/common/KellyTypes.h	341	class	SideB
KmiDi_CANON/body/common/KellyTypes.h	347	class	CassetteState
KmiDi_CANON/body/common/KellyTypes.h	357	class	GenerationConfig
KmiDi_CANON/body/common/KellyTypes.h	375	function	ticksPerBar
KmiDi_CANON/body/common/KellyTypes.h	379	function	msToTicks
KmiDi_CANON/body/common/KellyTypes.h	383	function	ticksToMs
KmiDi_CANON/body/common/KellyTypes.h	387	function	midiToFrequency
KmiDi_CANON/body/common/KellyTypes.h	391	function	midiNoteToName
KmiDi_CANON/body/common/KellyTypes.h	398	function	noteNameToMidi
KmiDi_CANON/body/common/IntentIRExtractor.h	17	class	MelodyParams
KmiDi_CANON/body/common/IntentIRExtractor.h	23	function	fromIntentFrame
KmiDi_CANON/body/common/IntentIRExtractor.h	36	class	RhythmParams
KmiDi_CANON/body/common/IntentIRExtractor.h	41	function	fromIntentFrame
KmiDi_CANON/body/common/IntentIRExtractor.h	53	class	HarmonyParams
KmiDi_CANON/body/common/IntentIRExtractor.h	58	function	fromIntentFrame
KmiDi_CANON/body/common/IntentIRExtractor.h	70	class	DynamicsParams
KmiDi_CANON/body/common/IntentIRExtractor.h	74	function	fromIntentFrame
KmiDi_CANON/body/common/IntentIRExtractor.h	85	class	EmotionParams
KmiDi_CANON/body/common/IntentIRExtractor.h	91	function	fromIntentFrame
KmiDi_CANON/body/common/EQPresetManager.cpp	183	function	getEmotionPreset
KmiDi_CANON/body/common/TypeAdapter.h	33	class	EmotionNode
KmiDi_CANON/body/common/TypeAdapter.h	34	class	EmotionNode
KmiDi_CANON/body/common/TypeAdapter.h	35	class	EmotionNode
KmiDi_CANON/body/common/TypeAdapter.h	38	class	Wound
KmiDi_CANON/body/common/TypeAdapter.h	39	class	Wound
KmiDi_CANON/body/common/TypeAdapter.h	40	class	Wound
KmiDi_CANON/body/common/TypeAdapter.h	43	class	IntentResult
KmiDi_CANON/body/common/TypeAdapter.h	44	class	IntentResult
KmiDi_CANON/body/common/TypeAdapter.h	45	class	IntentResult
KmiDi_CANON/body/common/TypeAdapter.h	48	class	MidiNote
KmiDi_CANON/body/common/TypeAdapter.h	49	class	MidiNote
KmiDi_CANON/body/common/TypeAdapter.h	50	class	MidiNote
KmiDi_CANON/body/common/TypeAdapter.h	53	class	RuleBreak
KmiDi_CANON/body/common/TypeAdapter.h	54	class	RuleBreak
KmiDi_CANON/body/common/TypeAdapter.h	55	class	RuleBreak
KmiDi_CANON/body/audio/SpectralAnalyzer.h	42	class	SpectralAnalyzer
KmiDi_CANON/body/audio/SpectralAnalyzer.h	49	function	SpectralAnalyzer
KmiDi_CANON/body/audio/SpectralAnalyzer.h	63	class	SpectralFeatures
KmiDi_CANON/body/audio/SpectralAnalyzer.h	72	function	analyze
KmiDi_CANON/body/audio/SpectralAnalyzer.h	96	function	extractSpectralEnvelope
KmiDi_CANON/body/audio/SpectralAnalyzer.h	106	function	calculateHNR
KmiDi_CANON/body/audio/SpectralAnalyzer.h	113	function	getFFTSize
KmiDi_CANON/body/audio/SpectralAnalyzer.h	123	function	computeFFT
KmiDi_CANON/body/audio/SpectralAnalyzer.h	131	function	applyWindow
KmiDi_CANON/body/audio/SpectralAnalyzer.h	140	function	calculateCentroid
KmiDi_CANON/body/audio/SpectralAnalyzer.h	150	function	calculateRolloff
KmiDi_CANON/body/audio/SpectralAnalyzer.h	160	function	calculateBandwidth
KmiDi_CANON/body/audio/SpectralAnalyzer.h	168	function	calculateFlatness
KmiDi_CANON/body/audio/F0Extractor.cpp	25	function	extractPitch
KmiDi_CANON/body/audio/F0Extractor.h	34	class	F0Extractor
KmiDi_CANON/body/audio/F0Extractor.h	47	function	extractPitch
KmiDi_CANON/body/audio/F0Extractor.h	57	function	extractPitch
KmiDi_CANON/body/audio/F0Extractor.h	69	function	extractPitchTrajectory
KmiDi_CANON/body/audio/F0Extractor.h	80	function	getConfidence
KmiDi_CANON/body/audio/F0Extractor.h	87	function	setMinFrequency
KmiDi_CANON/body/audio/F0Extractor.h	94	function	setMaxFrequency
KmiDi_CANON/body/audio/F0Extractor.h	102	function	setThreshold
KmiDi_CANON/body/audio/F0Extractor.h	114	function	yinAlgorithm
KmiDi_CANON/body/audio/F0Extractor.h	124	function	calculateDifferenceFunction
KmiDi_CANON/body/audio/F0Extractor.h	133	function	calculateCMNDF
KmiDi_CANON/body/audio/F0Extractor.h	144	function	findMinimum
KmiDi_CANON/body/audio/F0Extractor.h	153	function	parabolicInterpolation
KmiDi_CANON/body/audio/AudioFile.cpp	24	class	WAVHeader
KmiDi_CANON/body/audio/AudioFile.cpp	40	class	AudioFile
KmiDi_CANON/body/audio/AudioFile.cpp	56	function	file
KmiDi_CANON/body/audio/AudioFile.cpp	156	function	intData
KmiDi_CANON/body/audio/AudioFile.cpp	182	function	file
KmiDi_CANON/body/audio/AudioFile.cpp	231	function	intData
KmiDi_CANON/body/audio/AudioFile.cpp	311	function	newData
KmiDi_CANON/body/audio/AudioFile.cpp	376	function	data
KmiDi_CANON/body/audio/SpectralAnalyzer.cpp	8	function	normalizeFftSize
KmiDi_CANON/body/audio/SpectralAnalyzer.cpp	121	function	magnitude
KmiDi_CANON/body/audio/AudioAnalyzer.h	36	class	AudioAnalyzer
KmiDi_CANON/body/audio/AudioAnalyzer.h	48	class	AnalysisResult
KmiDi_CANON/body/audio/AudioAnalyzer.h	57	function	analyze
KmiDi_CANON/body/audio/AudioAnalyzer.h	66	function	extractF0
KmiDi_CANON/body/audio/AudioAnalyzer.h	75	function	extractLoudness
KmiDi_CANON/body/audio/AudioAnalyzer.h	83	function	extractRMS
KmiDi_CANON/body/audio/AudioAnalyzer.h	92	function	extractSpectralFeatures
KmiDi_CANON/body/biometric/BiometricInput.h	20	class	BiometricInput
KmiDi_CANON/body/biometric/BiometricInput.h	28	class	BiometricData
KmiDi_CANON/body/biometric/BiometricInput.h	44	class	EmotionFromBiometrics
KmiDi_CANON/body/biometric/BiometricInput.h	50	function	processBiometricData
KmiDi_CANON/body/biometric/BiometricInput.h	55	function	setEnabled
KmiDi_CANON/body/biometric/BiometricInput.h	56	function	isEnabled
KmiDi_CANON/body/biometric/BiometricInput.h	61	function	onBiometricData
KmiDi_CANON/body/biometric/BiometricInput.h	66	function	simulateInput
KmiDi_CANON/body/biometric/BiometricInput.h	71	function	getSmoothedData
KmiDi_CANON/body/biometric/BiometricInput.h	81	function	initializeHealthKit
KmiDi_CANON/body/biometric/BiometricInput.h	88	function	initializeFitbit
KmiDi_CANON/body/biometric/BiometricInput.h	94	function	startStreaming
KmiDi_CANON/body/biometric/BiometricInput.h	99	function	stopStreaming
KmiDi_CANON/body/biometric/BiometricInput.h	104	function	isStreaming
KmiDi_CANON/body/biometric/BiometricInput.h	109	function	getLastReadingTime
KmiDi_CANON/body/biometric/BiometricInput.h	114	function	setAdaptiveNormalization
KmiDi_CANON/body/biometric/BiometricInput.h	117	function	isAdaptiveNormalizationEnabled
KmiDi_CANON/body/biometric/BiometricInput.h	122	function	setBaseline
KmiDi_CANON/body/biometric/BiometricInput.h	123	function	getBaseline
KmiDi_CANON/body/biometric/BiometricInput.h	143	function	readHealthKitData
KmiDi_CANON/body/biometric/BiometricInput.h	144	function	readFitbitData
KmiDi_CANON/body/biometric/BiometricInput.h	149	class	HealthKitBridge
KmiDi_CANON/body/biometric/BiometricInput.h	150	class	FitbitBridge
KmiDi_CANON/body/biometric/BiometricInput.h	159	function	streamingLoop
KmiDi_CANON/body/biometric/BiometricInput.h	161	function	addToHistory
KmiDi_CANON/body/biometric/BiometricInput.h	164	function	heartRateToArousal
KmiDi_CANON/body/biometric/BiometricInput.h	167	function	conductanceToIntensity
KmiDi_CANON/body/biometric/BiometricInput.h	170	function	movementToArousal
KmiDi_CANON/body/biometric/HealthKitBridge.h	36	class	HealthKitData
KmiDi_CANON/body/biometric/HealthKitBridge.h	43	function	isValid
KmiDi_CANON/body/biometric/HealthKitBridge.h	49	class	HealthKitBridge
KmiDi_CANON/body/biometric/HealthKitBridge.h	58	function	requestAuthorization
KmiDi_CANON/body/biometric/HealthKitBridge.h	63	function	isAvailable
KmiDi_CANON/body/biometric/HealthKitBridge.h	64	function	isAuthorized
KmiDi_CANON/body/biometric/HealthKitBridge.h	69	function	getLatestHeartRate
KmiDi_CANON/body/biometric/HealthKitBridge.h	74	function	getHeartRateVariability
KmiDi_CANON/body/biometric/HealthKitBridge.h	79	function	getRestingHeartRate
KmiDi_CANON/body/biometric/HealthKitBridge.h	85	function	startMonitoring
KmiDi_CANON/body/biometric/HealthKitBridge.h	90	function	stopMonitoring
KmiDi_CANON/body/biometric/HealthKitBridge.h	96	function	getHistoricalBaseline
KmiDi_CANON/body/biometric/HealthKitBridge.h	101	class	NormalizationFactors
KmiDi_CANON/body/biometric/HealthKitBridge.h	108	function	calculateNormalizationFactors
KmiDi_CANON/body/biometric/HealthKitBridge.h	120	function	updateHistoricalData
KmiDi_CANON/body/biometric/FitbitBridge.cpp	46	function	parseHeartRateData
KmiDi_CANON/body/biometric/FitbitBridge.cpp	59	function	parseHeartRateData
KmiDi_CANON/body/biometric/FitbitBridge.h	25	class	FitbitData
KmiDi_CANON/body/biometric/FitbitBridge.h	33	function	isValid
KmiDi_CANON/body/biometric/FitbitBridge.h	41	class	FitbitBridge
KmiDi_CANON/body/biometric/FitbitBridge.h	52	function	authenticate
KmiDi_CANON/body/biometric/FitbitBridge.h	57	function	isAuthenticated
KmiDi_CANON/body/biometric/FitbitBridge.h	62	function	getLatestHeartRate
KmiDi_CANON/body/biometric/FitbitBridge.h	68	function	getHeartRateForDate
KmiDi_CANON/body/biometric/FitbitBridge.h	74	function	getHistoricalBaseline
KmiDi_CANON/body/biometric/FitbitBridge.h	81	function	startPolling
KmiDi_CANON/body/biometric/FitbitBridge.h	86	function	stopPolling
KmiDi_CANON/body/biometric/FitbitBridge.h	91	class	NormalizationFactors
KmiDi_CANON/body/biometric/FitbitBridge.h	98	function	calculateNormalizationFactors
KmiDi_CANON/body/biometric/FitbitBridge.h	116	function	makeAPIRequest
KmiDi_CANON/body/biometric/FitbitBridge.h	121	function	refreshAccessToken
KmiDi_CANON/body/biometric/FitbitBridge.h	126	function	parseHeartRateData
KmiDi_CANON/body/biometric/AdaptiveNormalizer.h	24	class	AdaptiveNormalizer
KmiDi_CANON/body/biometric/AdaptiveNormalizer.h	32	function	addReading
KmiDi_CANON/body/biometric/AdaptiveNormalizer.h	38	class	Baseline
KmiDi_CANON/body/biometric/AdaptiveNormalizer.h	46	function	calculateBaseline
KmiDi_CANON/body/biometric/AdaptiveNormalizer.h	54	class	NormalizedData
KmiDi_CANON/body/biometric/AdaptiveNormalizer.h	61	function	normalize
KmiDi_CANON/body/biometric/AdaptiveNormalizer.h	66	function	getCurrentBaseline
KmiDi_CANON/body/biometric/AdaptiveNormalizer.h	71	function	updateBaseline
KmiDi_CANON/body/biometric/AdaptiveNormalizer.h	76	function	clearHistory
KmiDi_CANON/body/biometric/AdaptiveNormalizer.h	81	function	getHistorySize
KmiDi_CANON/body/biometric/AdaptiveNormalizer.h	84	class	TimestampedData
KmiDi_CANON/body/biometric/AdaptiveNormalizer.h	97	function	getDataInWindow
KmiDi_CANON/body/voice/MultiVoiceHarmony.cpp	86	function	generateSATB
KmiDi_CANON/body/voice/MultiVoiceHarmony.cpp	213	function	getDefaultConfig
KmiDi_CANON/body/voice/MultiVoiceHarmony.cpp	247	function	mixedAudio
KmiDi_CANON/body/voice/MultiVoiceHarmony.h	18	class	MultiVoiceHarmony
KmiDi_CANON/body/voice/MultiVoiceHarmony.h	27	class	VoicePartConfig
KmiDi_CANON/body/voice/MultiVoiceHarmony.h	69	function	setVoicePartConfig
KmiDi_CANON/body/voice/MultiVoiceHarmony.h	74	function	getVoicePartConfig
KmiDi_CANON/body/voice/MultiVoiceHarmony.h	79	function	setHarmonyStyle
KmiDi_CANON/body/voice/MultiVoiceHarmony.h	88	function	synthesizeHarmony
KmiDi_CANON/body/voice/MultiVoiceHarmony.h	105	function	generateParallelHarmony
KmiDi_CANON/body/voice/MultiVoiceHarmony.h	113	function	generateBlockChordHarmony
KmiDi_CANON/body/voice/MultiVoiceHarmony.h	121	function	generateCounterpointHarmony
KmiDi_CANON/body/voice/MultiVoiceHarmony.h	130	function	transposePitch
KmiDi_CANON/body/voice/MultiVoiceHarmony.h	135	function	getDefaultConfig
KmiDi_CANON/body/voice/MultiVoiceHarmony.h	140	function	initializeSynthesizers
KmiDi_CANON/body/voice/CMUDictionary.h	20	class	CMUDictionary
KmiDi_CANON/body/voice/CMUDictionary.h	30	function	loadFromFile
KmiDi_CANON/body/voice/CMUDictionary.h	36	function	loadEmbeddedDictionary
KmiDi_CANON/body/voice/CMUDictionary.h	43	function	lookup
KmiDi_CANON/body/voice/CMUDictionary.h	50	function	arpabetToIPA
KmiDi_CANON/body/voice/CMUDictionary.h	57	function	arpabetToIPA
KmiDi_CANON/body/voice/CMUDictionary.h	64	function	lookupWithoutStress
KmiDi_CANON/body/voice/CMUDictionary.h	78	function	contains
KmiDi_CANON/body/voice/CMUDictionary.h	83	function	size
KmiDi_CANON/body/voice/CMUDictionary.h	88	function	normalizeWord
KmiDi_CANON/body/voice/CMUDictionary.h	95	function	createARPABETToIPAMap
KmiDi_CANON/body/voice/CMUDictionary.h	98	function	extractStress
KmiDi_CANON/body/voice/VoiceCloner.h	19	class	VoiceCloner
KmiDi_CANON/body/voice/VoiceCloner.h	31	class	FormantProfile
KmiDi_CANON/body/voice/VoiceCloner.h	39	function	analyzeVoice
KmiDi_CANON/body/voice/VoiceCloner.h	62	function	saveProfile
KmiDi_CANON/body/voice/VoiceCloner.h	69	function	loadProfile
KmiDi_CANON/body/voice/VoiceCloner.h	78	function	blendProfiles
KmiDi_CANON/body/voice/VoiceCloner.h	91	function	computeLPC
KmiDi_CANON/body/voice/VoiceCloner.h	113	function	estimatePitch
KmiDi_CANON/body/voice/VoiceCloner.h	123	function	preEmphasize
KmiDi_CANON/body/voice/ExpressionEngine.h	17	class	ExpressionEngine
KmiDi_CANON/body/voice/ExpressionEngine.h	28	function	applyEmotionExpression
KmiDi_CANON/body/voice/ExpressionEngine.h	40	function	generateExpressionCurve
KmiDi_CANON/body/voice/ExpressionEngine.h	54	function	generateDynamicsCurve
KmiDi_CANON/body/voice/ExpressionEngine.h	69	function	generateVibratoCurve
KmiDi_CANON/body/voice/ExpressionEngine.h	82	function	getExpressionAtPosition
KmiDi_CANON/body/voice/ExpressionEngine.h	91	function	mapEmotionToExpression
KmiDi_CANON/body/voice/ExpressionEngine.h	96	function	applyDynamicsCurve
KmiDi_CANON/body/voice/PhonemeConverter.cpp	154	function	iss
KmiDi_CANON/body/voice/PhonemeConverter.cpp	195	function	graphemeToPhoneme
KmiDi_CANON/body/voice/PhonemeConverter.cpp	424	function	Phoneme
KmiDi_CANON/body/voice/LyricTypes.h	16	class	Phoneme
KmiDi_CANON/body/voice/LyricTypes.h	35	class	Syllable
KmiDi_CANON/body/voice/LyricTypes.h	47	class	LyricLine
KmiDi_CANON/body/voice/LyricTypes.h	61	class	RhymeScheme
KmiDi_CANON/body/voice/LyricTypes.h	85	class	LyricSection
KmiDi_CANON/body/voice/LyricTypes.h	93	class	LyricStructure
KmiDi_CANON/body/voice/LyricTypes.h	108	class	VocalExpression
KmiDi_CANON/body/voice/LyricTypes.h	140	class	VoiceTypeParams
KmiDi_CANON/body/voice/VoiceSynthesizer.cpp	111	function	rng
KmiDi_CANON/body/voice/VoiceSynthesizer.cpp	112	function	intervalDist
KmiDi_CANON/body/voice/VoiceSynthesizer.cpp	189	function	output
KmiDi_CANON/body/voice/VoiceSynthesizer.cpp	230	function	if
KmiDi_CANON/body/voice/VoiceSynthesizer.cpp	231	function	if
KmiDi_CANON/body/voice/VoiceSynthesizer.cpp	399	function	if
KmiDi_CANON/body/voice/VoiceSynthesizer.cpp	400	function	if
KmiDi_CANON/body/voice/VoiceSynthesizer.cpp	493	function	if
KmiDi_CANON/body/voice/VoiceSynthesizer.cpp	498	function	if
KmiDi_CANON/body/voice/LyriSync.h	19	class	LyriSync
KmiDi_CANON/body/voice/LyriSync.h	24	class	SyncItem
KmiDi_CANON/body/voice/LyriSync.h	36	class	SyncResult
KmiDi_CANON/body/voice/LyriSync.h	51	function	synchronize
KmiDi_CANON/body/voice/LyriSync.h	63	function	getCurrentItem
KmiDi_CANON/body/voice/LyriSync.h	71	function	calculateSyllableDurations
KmiDi_CANON/body/voice/LyriSync.h	82	function	applyStressTiming
KmiDi_CANON/body/voice/LyriSync.h	94	function	applyRubato
KmiDi_CANON/body/voice/LyriSync.h	99	function	setBPM
KmiDi_CANON/body/voice/LyricGenerator.cpp	260	function	iss
KmiDi_CANON/body/voice/LyricGenerator.cpp	436	function	rng
KmiDi_CANON/body/voice/LyricGenerator.cpp	469	function	vocabDist
KmiDi_CANON/body/voice/LyricGenerator.cpp	481	function	vocabDist
KmiDi_CANON/body/voice/LyricGenerator.cpp	609	function	rng
KmiDi_CANON/body/voice/LyricGenerator.cpp	610	function	vocabDist
KmiDi_CANON/body/voice/CMUDictionary.cpp	25	function	file
KmiDi_CANON/body/voice/CMUDictionary.cpp	40	function	iss
KmiDi_CANON/body/voice/RhymeEngine.h	20	class	RhymeEngine
KmiDi_CANON/body/voice/RhymeEngine.h	29	class	RhymeMatch
KmiDi_CANON/body/voice/RhymeEngine.h	47	function	checkRhyme
KmiDi_CANON/body/voice/RhymeEngine.h	56	function	findRhymes
KmiDi_CANON/body/voice/RhymeEngine.h	81	function	extractEndPhonemes
KmiDi_CANON/body/voice/RhymeEngine.h	92	function	comparePhonemeSequences
KmiDi_CANON/body/voice/RhymeEngine.h	102	function	detectInternalRhymes
KmiDi_CANON/body/voice/RhymeEngine.h	108	function	buildRhymeDatabase
KmiDi_CANON/body/voice/RhymeEngine.h	119	function	getPhonemes
KmiDi_CANON/body/voice/RhymeEngine.h	124	function	normalizeForRhyme
KmiDi_CANON/body/voice/RhymeEngine.h	129	function	isVowelPhoneme
KmiDi_CANON/body/voice/RhymeEngine.h	134	function	phonemeSimilarity
KmiDi_CANON/body/voice/PitchPhonemeAligner.h	15	class	GeneratedMidi
KmiDi_CANON/body/voice/PitchPhonemeAligner.h	26	class	PitchPhonemeAligner
KmiDi_CANON/body/voice/PitchPhonemeAligner.h	31	class	AlignedPhoneme
KmiDi_CANON/body/voice/PitchPhonemeAligner.h	51	class	AlignmentResult
KmiDi_CANON/body/voice/PitchPhonemeAligner.h	66	function	alignLyricsToMelody
KmiDi_CANON/body/voice/PitchPhonemeAligner.h	79	function	alignPhonemesToNote
KmiDi_CANON/body/voice/PitchPhonemeAligner.h	91	function	calculatePhonemeDurations
KmiDi_CANON/body/voice/PitchPhonemeAligner.h	99	function	setBPM
KmiDi_CANON/body/voice/PitchPhonemeAligner.h	105	function	setAllowMelisma
KmiDi_CANON/body/voice/PitchPhonemeAligner.h	111	function	setPortamentoTime
KmiDi_CANON/body/voice/PitchPhonemeAligner.h	123	function	lineToPhonemes
KmiDi_CANON/body/voice/PitchPhonemeAligner.h	128	function	calculatePhonemeDuration
KmiDi_CANON/body/voice/LyricGenerator.h	16	class	GeneratedMidi
KmiDi_CANON/body/voice/LyricGenerator.h	27	class	LyricGenerator
KmiDi_CANON/body/voice/LyricGenerator.h	29	class	LyricResult
KmiDi_CANON/body/voice/LyricGenerator.h	46	function	generateLyrics
KmiDi_CANON/body/voice/LyricGenerator.h	55	function	setLyricStyle
KmiDi_CANON/body/voice/LyricGenerator.h	60	function	setStructureType
KmiDi_CANON/body/voice/LyricGenerator.h	65	function	setRhymeScheme
KmiDi_CANON/body/voice/LyricGenerator.h	70	function	setLineLength
KmiDi_CANON/body/voice/LyricGenerator.h	77	function	loadTemplates
KmiDi_CANON/body/voice/LyricGenerator.h	84	function	loadEmotionVocabulary
KmiDi_CANON/body/voice/LyricGenerator.h	105	function	expandEmotionToVocabulary
KmiDi_CANON/body/voice/LyricGenerator.h	112	function	extractWoundKeywords
KmiDi_CANON/body/voice/LyricGenerator.h	121	function	generateWordsFromVAD
KmiDi_CANON/body/voice/LyricGenerator.h	132	function	generateStructure
KmiDi_CANON/body/voice/LyricGenerator.h	142	function	generateLines
KmiDi_CANON/body/voice/LyricGenerator.h	156	function	generateLine
KmiDi_CANON/body/voice/LyricGenerator.h	169	function	selectWords
KmiDi_CANON/body/voice/LyricGenerator.h	180	function	getRhymeScheme
KmiDi_CANON/body/voice/LyricGenerator.h	183	function	getWordsForValence
KmiDi_CANON/body/voice/LyricGenerator.h	186	function	getWordsForArousal
KmiDi_CANON/body/voice/LyricGenerator.h	189	function	getWordsForDominance
KmiDi_CANON/body/voice/ProsodyAnalyzer.cpp	207	function	iss
KmiDi_CANON/body/voice/VoiceCloner.cpp	34	function	window
KmiDi_CANON/body/voice/VoiceCloner.cpp	110	function	root
KmiDi_CANON/body/voice/VoiceCloner.cpp	113	function	file
KmiDi_CANON/body/voice/VoiceCloner.cpp	120	function	file
KmiDi_CANON/body/voice/VoiceCloner.cpp	183	function	autocorr
KmiDi_CANON/body/voice/VoiceCloner.cpp	191	function	a
KmiDi_CANON/body/voice/VoiceCloner.cpp	243	function	sum
KmiDi_CANON/body/voice/VoiceCloner.cpp	338	function	output
KmiDi_CANON/body/voice/VocoderEngine.h	17	class	VocoderEngine
KmiDi_CANON/body/voice/VocoderEngine.h	26	function	prepare
KmiDi_CANON/body/voice/VocoderEngine.h	39	function	processSample
KmiDi_CANON/body/voice/VocoderEngine.h	55	function	setTargetFormants
KmiDi_CANON/body/voice/VocoderEngine.h	70	function	reset
KmiDi_CANON/body/voice/VocoderEngine.h	76	function	setFormantShift
KmiDi_CANON/body/voice/VocoderEngine.h	82	function	setGlottalShape
KmiDi_CANON/body/voice/VocoderEngine.h	99	class	FormantFilter
KmiDi_CANON/body/voice/VocoderEngine.h	111	function	reset
KmiDi_CANON/body/voice/VocoderEngine.h	130	function	generateNoise
KmiDi_CANON/body/voice/VocoderEngine.h	133	function	generateGlottalPulse
KmiDi_CANON/body/voice/VocoderEngine.h	136	function	updateFormantFilter
KmiDi_CANON/body/voice/VocoderEngine.h	144	function	applyFormantFilter
KmiDi_CANON/body/voice/VocoderEngine.h	153	class	VowelFormantDatabase
KmiDi_CANON/body/voice/VocoderEngine.h	173	class	FormantData
KmiDi_CANON/body/voice/VocoderEngine.h	181	function	getFormants
KmiDi_CANON/body/voice/VocoderEngine.h	189	function	interpolate
KmiDi_CANON/body/voice/VocoderEngine.h	194	function	getFormantsForPitch
KmiDi_CANON/body/voice/VocoderEngine.h	203	function	interpolateFormants
KmiDi_CANON/body/voice/VocoderEngine.h	213	class	ADSREnvelope
KmiDi_CANON/body/voice/VocoderEngine.h	217	function	prepare
KmiDi_CANON/body/voice/VocoderEngine.h	222	function	trigger
KmiDi_CANON/body/voice/VocoderEngine.h	227	function	release
KmiDi_CANON/body/voice/VocoderEngine.h	232	function	getValue
KmiDi_CANON/body/voice/VocoderEngine.h	237	function	isFinished
KmiDi_CANON/body/voice/VocoderEngine.h	263	function	calculateRates
KmiDi_CANON/body/voice/VocoderEngine.h	269	class	PortamentoGenerator
KmiDi_CANON/body/voice/VocoderEngine.h	273	function	prepare
KmiDi_CANON/body/voice/VocoderEngine.h	278	function	setTargetPitch
KmiDi_CANON/body/voice/VocoderEngine.h	283	function	getCurrentPitch
KmiDi_CANON/body/voice/VocoderEngine.h	288	function	setPortamentoTime
KmiDi_CANON/body/voice/VocoderEngine.h	293	function	setEnabled
KmiDi_CANON/body/voice/VocoderEngine.h	295	function	reset
KmiDi_CANON/body/voice/VocoderEngine.h	305	function	calculateRate
KmiDi_CANON/body/voice/VocoderEngine.cpp	348	function	getFormants
KmiDi_CANON/body/voice/VocoderEngine.cpp	350	function	getFormants
KmiDi_CANON/body/voice/VocoderEngine.cpp	352	function	getFormants
KmiDi_CANON/body/voice/VocoderEngine.cpp	354	function	getFormants
KmiDi_CANON/body/voice/VoiceSynthesizer.h	16	class	GeneratedMidi
KmiDi_CANON/body/voice/VoiceSynthesizer.h	17	class	EmotionNode
KmiDi_CANON/body/voice/VoiceSynthesizer.h	18	class	Wound
KmiDi_CANON/body/voice/VoiceSynthesizer.h	19	class	PitchPhonemeAligner
KmiDi_CANON/body/voice/VoiceSynthesizer.h	27	class	VoiceSynthesizer
KmiDi_CANON/body/voice/VoiceSynthesizer.h	39	class	VocalNote
KmiDi_CANON/body/voice/VoiceSynthesizer.h	48	function	generateVocalMelody
KmiDi_CANON/body/voice/VoiceSynthesizer.h	60	function	generateLyrics
KmiDi_CANON/body/voice/VoiceSynthesizer.h	72	function	synthesizeAudio
KmiDi_CANON/body/voice/VoiceSynthesizer.h	79	function	setEnabled
KmiDi_CANON/body/voice/VoiceSynthesizer.h	80	function	isEnabled
KmiDi_CANON/body/voice/VoiceSynthesizer.h	86	function	prepare
KmiDi_CANON/body/voice/VoiceSynthesizer.h	91	function	setBPM
KmiDi_CANON/body/voice/VoiceSynthesizer.h	96	function	setVoiceType
KmiDi_CANON/body/voice/VoiceSynthesizer.h	101	function	getVoiceType
KmiDi_CANON/body/voice/VoiceSynthesizer.h	112	function	synthesizeBlock
KmiDi_CANON/body/voice/VoiceSynthesizer.h	124	class	MidiLyricEvent
KmiDi_CANON/body/voice/VoiceSynthesizer.h	139	function	generateMidiLyricEvents
KmiDi_CANON/body/voice/VoiceSynthesizer.h	169	class	ActiveNote
KmiDi_CANON/body/voice/VoiceSynthesizer.h	181	function	generateMelodyContour
KmiDi_CANON/body/voice/VoiceSynthesizer.h	184	class	VocalCharacteristics
KmiDi_CANON/body/voice/VoiceSynthesizer.h	191	function	getVocalCharacteristics
KmiDi_CANON/body/voice/VoiceSynthesizer.h	194	function	midiToFrequency
KmiDi_CANON/body/voice/VoiceSynthesizer.h	197	function	beatsToSamples
KmiDi_CANON/body/voice/VoiceSynthesizer.h	200	function	selectVowel
KmiDi_CANON/body/voice/PhonemeConverter.h	21	class	PhonemeConverter
KmiDi_CANON/body/voice/PhonemeConverter.h	31	function	textToPhonemes
KmiDi_CANON/body/voice/PhonemeConverter.h	38	function	wordToPhonemes
KmiDi_CANON/body/voice/PhonemeConverter.h	45	function	splitIntoSyllables
KmiDi_CANON/body/voice/PhonemeConverter.h	52	function	detectStress
KmiDi_CANON/body/voice/PhonemeConverter.h	59	function	getPhonemeFromIPA
KmiDi_CANON/body/voice/PhonemeConverter.h	86	function	loadPhonemeDatabase
KmiDi_CANON/body/voice/PhonemeConverter.h	92	function	setUseCMUDictionary
KmiDi_CANON/body/voice/PhonemeConverter.h	97	function	isUsingCMUDictionary
KmiDi_CANON/body/voice/PhonemeConverter.h	104	function	countSyllables
KmiDi_CANON/body/voice/PhonemeConverter.h	120	function	initializeDefaultPhonemes
KmiDi_CANON/body/voice/PhonemeConverter.h	125	function	initializeWordDictionary
KmiDi_CANON/body/voice/PhonemeConverter.h	132	function	graphemeToPhoneme
KmiDi_CANON/body/voice/PhonemeConverter.h	139	function	isVowelLetter
KmiDi_CANON/body/voice/PhonemeConverter.h	146	function	isConsonantLetter
KmiDi_CANON/body/voice/PhonemeConverter.h	153	function	normalizeWord
KmiDi_CANON/body/voice/ProsodyAnalyzer.h	18	class	ProsodyAnalyzer
KmiDi_CANON/body/voice/ProsodyAnalyzer.h	29	class	MeterPattern
KmiDi_CANON/body/voice/ProsodyAnalyzer.h	45	function	detectStress
KmiDi_CANON/body/voice/ProsodyAnalyzer.h	52	function	detectStressPattern
KmiDi_CANON/body/voice/ProsodyAnalyzer.h	60	function	matchMeter
KmiDi_CANON/body/voice/ProsodyAnalyzer.h	67	function	detectMeter
KmiDi_CANON/body/voice/ProsodyAnalyzer.h	75	function	getMeterPattern
KmiDi_CANON/body/voice/ProsodyAnalyzer.h	83	function	validateLineLength
KmiDi_CANON/body/voice/ProsodyAnalyzer.h	90	function	countSyllables
KmiDi_CANON/body/voice/ProsodyAnalyzer.h	97	function	countSyllables
KmiDi_CANON/body/voice/ProsodyAnalyzer.h	105	function	selectWordsForMeter
KmiDi_CANON/body/voice/ProsodyAnalyzer.h	115	function	calculateRhythmScore
KmiDi_CANON/body/voice/ProsodyAnalyzer.h	121	function	isVowelLetter
KmiDi_CANON/body/voice/ProsodyAnalyzer.h	126	function	normalizeWord
KmiDi_CANON/body/voice/ProsodyAnalyzer.h	131	function	getWordStressLevel
KmiDi_CANON/body/voice/LyriSync.cpp	57	function	iss
KmiDi_CANON/body/ml/MultiModelProcessor.cpp	29	function	jsonStream
KmiDi_CANON/body/ml/MultiModelProcessor.cpp	182	function	lock
KmiDi_CANON/body/ml/MultiModelProcessor.cpp	207	function	lock
KmiDi_CANON/body/ml/MultiModelProcessor.cpp	216	function	lock
KmiDi_CANON/body/ml/MultiModelProcessor.cpp	221	function	lock
KmiDi_CANON/body/ml/MultiModelProcessor.cpp	273	function	getTotalParams
KmiDi_CANON/body/ml/MultiModelProcessor.cpp	289	class	InferenceThread
KmiDi_CANON/body/ml/MultiModelProcessor.cpp	291	function	InferenceThread
KmiDi_CANON/body/ml/MultiModelProcessor.cpp	294	function	run
KmiDi_CANON/body/ml/LockFreeRingBuffer.h	20	class	LockFreeRingBuffer
KmiDi_CANON/body/ml/LockFreeRingBuffer.h	34	function	push
KmiDi_CANON/body/ml/LockFreeRingBuffer.h	64	function	pop
KmiDi_CANON/body/ml/LockFreeRingBuffer.h	91	function	availableToRead
KmiDi_CANON/body/ml/LockFreeRingBuffer.h	99	function	availableToWrite
KmiDi_CANON/body/ml/LockFreeRingBuffer.h	106	function	isEmpty
KmiDi_CANON/body/ml/LockFreeRingBuffer.h	107	function	availableToRead
KmiDi_CANON/body/ml/LockFreeRingBuffer.h	113	function	isFull
KmiDi_CANON/body/ml/LockFreeRingBuffer.h	114	function	availableToWrite
KmiDi_CANON/body/ml/LockFreeRingBuffer.h	120	function	clear
KmiDi_CANON/body/ml/DDSPProcessor.h	18	class	DDSPProcessor
KmiDi_CANON/body/ml/DDSPProcessor.h	32	function	prepare
KmiDi_CANON/body/ml/DDSPProcessor.h	41	function	processBlock
KmiDi_CANON/body/ml/DDSPProcessor.h	49	function	loadModel
KmiDi_CANON/body/ml/DDSPProcessor.h	54	function	isModelLoaded
KmiDi_CANON/body/ml/DDSPProcessor.h	61	function	setEmotionConditioning
KmiDi_CANON/body/ml/DDSPProcessor.h	89	function	synthesizeHarmonics
KmiDi_CANON/body/ml/DDSPProcessor.h	95	function	synthesizeNoise
KmiDi_CANON/body/ml/DDSPProcessor.h	101	function	extractF0
KmiDi_CANON/body/ml/DDSPProcessor.h	107	function	extractLoudness
KmiDi_CANON/body/ml/MLFeatureExtractor.cpp	13	function	tempBuffer
KmiDi_CANON/body/ml/NodeMLMapper.h	39	class	NodeMLMapper
KmiDi_CANON/body/ml/NodeMLMapper.h	46	function	NodeMLMapper
KmiDi_CANON/body/ml/NodeMLMapper.h	55	function	embeddingToNode
KmiDi_CANON/body/ml/NodeMLMapper.h	65	function	getNodeContext
KmiDi_CANON/body/ml/NodeMLMapper.h	74	function	nodeToMLInput
KmiDi_CANON/body/ml/NodeMLMapper.h	85	function	findNearestNodeByVAD
KmiDi_CANON/body/ml/NodeMLMapper.h	94	function	calculateVADDistance
KmiDi_CANON/body/ml/NodeMLMapper.h	105	function	calculateVADDistance
KmiDi_CANON/body/ml/NodeMLMapper.h	116	function	enhanceNodeWithML
KmiDi_CANON/body/ml/NodeMLMapper.h	132	function	embeddingToVAD
KmiDi_CANON/body/ml/NodeMLMapper.h	144	function	vadToMLInput
KmiDi_CANON/body/ml/ONNXInference.h	54	class	ONNXInference
KmiDi_CANON/body/ml/ONNXInference.h	72	function	loadModel
KmiDi_CANON/body/ml/ONNXInference.h	80	function	loadModel
KmiDi_CANON/body/ml/ONNXInference.h	90	function	infer
KmiDi_CANON/body/ml/ONNXInference.h	100	function	infer
KmiDi_CANON/body/ml/ONNXInference.h	107	function	getInputSize
KmiDi_CANON/body/ml/ONNXInference.h	114	function	getOutputSize
KmiDi_CANON/body/ml/ONNXInference.h	121	function	isLoaded
KmiDi_CANON/body/ml/ONNXInference.h	128	function	getLastError
KmiDi_CANON/body/ml/ONNXInference.h	135	function	getModelPath
KmiDi_CANON/body/ml/ONNXInference.h	138	function	clearError
KmiDi_CANON/body/ml/ONNXInference.h	139	function	setError
KmiDi_CANON/body/ml/ONNXInference.h	142	function	initializeONNX
KmiDi_CANON/body/ml/ONNXInference.h	145	function	validateInputSize
KmiDi_CANON/body/ml/ONNXInference.h	146	function	validateOutputSize
KmiDi_CANON/body/ml/MultiModelProcessor.h	44	class	ModelSpec
KmiDi_CANON/body/ml/MultiModelProcessor.h	62	class	InferenceResult
KmiDi_CANON/body/ml/MultiModelProcessor.h	74	class	ModelWrapper
KmiDi_CANON/body/ml/MultiModelProcessor.h	76	function	ModelWrapper
KmiDi_CANON/body/ml/MultiModelProcessor.h	79	function	loadWeights
KmiDi_CANON/body/ml/MultiModelProcessor.h	80	function	forward
KmiDi_CANON/body/ml/MultiModelProcessor.h	82	function	isLoaded
KmiDi_CANON/body/ml/MultiModelProcessor.h	83	function	setEnabled
KmiDi_CANON/body/ml/MultiModelProcessor.h	84	function	isEnabled
KmiDi_CANON/body/ml/MultiModelProcessor.h	88	function	computeFallback
KmiDi_CANON/body/ml/MultiModelProcessor.h	104	class	MultiModelProcessor
KmiDi_CANON/body/ml/MultiModelProcessor.h	109	function	initialize
KmiDi_CANON/body/ml/MultiModelProcessor.h	111	function	setModelEnabled
KmiDi_CANON/body/ml/MultiModelProcessor.h	112	function	isModelEnabled
KmiDi_CANON/body/ml/MultiModelProcessor.h	115	function	infer
KmiDi_CANON/body/ml/MultiModelProcessor.h	118	function	runFullPipeline
KmiDi_CANON/body/ml/MultiModelProcessor.h	120	function	getTotalParams
KmiDi_CANON/body/ml/MultiModelProcessor.h	121	function	getTotalMemoryKB
KmiDi_CANON/body/ml/MultiModelProcessor.h	123	function	isInitialized
KmiDi_CANON/body/ml/MultiModelProcessor.h	126	function	logStats
KmiDi_CANON/body/ml/MultiModelProcessor.h	136	class	InferenceThread
KmiDi_CANON/body/ml/MultiModelProcessor.h	138	class	AsyncMLPipeline
KmiDi_CANON/body/ml/MultiModelProcessor.h	140	function	AsyncMLPipeline
KmiDi_CANON/body/ml/MultiModelProcessor.h	143	function	start
KmiDi_CANON/body/ml/MultiModelProcessor.h	144	function	stop
KmiDi_CANON/body/ml/MultiModelProcessor.h	148	function	submitFeatures
KmiDi_CANON/body/ml/MultiModelProcessor.h	151	function	hasResult
KmiDi_CANON/body/ml/MultiModelProcessor.h	152	function	hasResult
KmiDi_CANON/body/ml/MultiModelProcessor.h	154	function	getResult
KmiDi_CANON/body/ml/MultiModelProcessor.h	155	function	getResult
KmiDi_CANON/body/ml/MultiModelProcessor.h	159	function	run
KmiDi_CANON/body/ml/NodeMLMapper.cpp	77	function	vadToMLInput
KmiDi_CANON/body/ml/NodeMLMapper.cpp	86	function	calculateVADDistance
KmiDi_CANON/body/ml/MLFeatureExtractor.h	17	class	MLFeatureExtractor
KmiDi_CANON/body/ml/MLFeatureExtractor.h	75	function	tempBuffer
KmiDi_CANON/body/ml/MLFeatureExtractor.h	129	function	computeSpectralCentroid
KmiDi_CANON/body/ml/MLFeatureExtractor.h	144	function	computeSpectralRolloff
KmiDi_CANON/body/ml/MLFeatureExtractor.h	164	function	computeSpectralFlux
KmiDi_CANON/body/ml/MLFeatureExtractor.h	178	function	extractMFCCFeatures
KmiDi_CANON/body/ml/MLFeatureExtractor.h	194	function	extractSpectralFeatures
KmiDi_CANON/body/ml/MLFeatureExtractor.h	205	function	extractTemporalFeatures
KmiDi_CANON/body/ml/MLFeatureExtractor.h	253	function	extractHarmonicFeatures
KmiDi_CANON/body/ml/DDSPProcessor.cpp	60	function	harmonicOutput
KmiDi_CANON/body/ml/DDSPProcessor.cpp	65	function	noiseOutput
KmiDi_CANON/body/ml/DDSPProcessor.cpp	159	function	rng
KmiDi_CANON/body/ml/DDSPProcessor.cpp	160	function	noiseDist
KmiDi_CANON/body/ml/DDSPProcessor.cpp	163	function	whiteNoise
KmiDi_CANON/body/ml/MLBridge.cpp	30	function	convertToUnifiedEmotionNode
KmiDi_CANON/body/ml/MLBridge.cpp	65	function	parseFeatureArray
KmiDi_CANON/body/ml/MLBridge.cpp	332	function	modelsDir
KmiDi_CANON/body/ml/MLBridge.cpp	351	function	buffer
KmiDi_CANON/body/ml/MLBridge.cpp	379	function	buffer
KmiDi_CANON/body/ml/MLBridge.cpp	697	function	lock
KmiDi_CANON/body/ml/MLBridge.cpp	704	function	lock
KmiDi_CANON/body/ml/InferenceRequest.h	12	class	InferenceRequest
KmiDi_CANON/body/ml/InferenceRequest.h	25	class	InferenceResult
KmiDi_CANON/body/ml/ModelConfig.h	20	function	getDefaultModelsDirectory
KmiDi_CANON/body/ml/ModelConfig.h	64	class	InferenceConfig
KmiDi_CANON/body/ml/ModelConfig.h	93	class	ModelFiles
KmiDi_CANON/body/ml/ModelConfig.h	105	function	getModelPath
KmiDi_CANON/body/ml/ModelConfig.h	125	function	validateModelsDirectory
KmiDi_CANON/body/ml/ModelConfig.h	153	class	ModelConfigManager
KmiDi_CANON/body/ml/ModelConfig.h	160	function	setModelsDirectory
KmiDi_CANON/body/ml/ModelConfig.h	164	function	getModelsDirectory
KmiDi_CANON/body/ml/ModelConfig.h	168	function	setConfig
KmiDi_CANON/body/ml/PluginLatencyManager.h	16	class	PluginLatencyManager
KmiDi_CANON/body/ml/PluginLatencyManager.h	29	function	setMLLatency
KmiDi_CANON/body/ml/PluginLatencyManager.h	38	function	setLookaheadLatency
KmiDi_CANON/body/ml/PluginLatencyManager.h	46	function	getTotalLatency
KmiDi_CANON/body/ml/PluginLatencyManager.h	56	function	msToSamples
KmiDi_CANON/body/ml/PluginLatencyManager.h	66	function	samplesToMs
KmiDi_CANON/body/ml/PluginLatencyManager.h	73	function	getMLLatency
KmiDi_CANON/body/ml/PluginLatencyManager.h	80	function	getLookaheadLatency
KmiDi_CANON/body/ml/PluginLatencyManager.h	88	function	updateTotalLatency
KmiDi_CANON/body/ml/ONNXInference.cpp	43	function	lock
KmiDi_CANON/body/ml/ONNXInference.cpp	66	function	loadModel
KmiDi_CANON/body/ml/ONNXInference.cpp	81	function	lock
KmiDi_CANON/body/ml/ONNXInference.cpp	196	function	output
KmiDi_CANON/body/ml/ONNXInference.cpp	214	function	lock
KmiDi_CANON/body/ml/RTNeuralProcessor.h	24	class	RTNeuralProcessor
KmiDi_CANON/body/ml/RTNeuralProcessor.h	34	function	loadModel
KmiDi_CANON/body/ml/RTNeuralProcessor.h	42	function	process
KmiDi_CANON/body/ml/RTNeuralProcessor.h	49	function	inferEmotion
KmiDi_CANON/body/ml/RTNeuralProcessor.h	54	function	isModelLoaded
KmiDi_CANON/body/ml/RTNeuralProcessor.h	65	function	getModelPath
KmiDi_CANON/body/ml/RTNeuralProcessor.h	79	class	PlaceholderModel
KmiDi_CANON/body/ml/MLBridge.h	41	class	EmotionEmbeddingMapper
KmiDi_CANON/body/ml/MLBridge.h	44	function	EmotionEmbeddingMapper
KmiDi_CANON/body/ml/MLBridge.h	47	function	embeddingToEmotion
KmiDi_CANON/body/ml/MLBridge.h	50	function	emotionToEmbedding
KmiDi_CANON/body/ml/MLBridge.h	57	class	EmbeddingInterpretation
KmiDi_CANON/body/ml/MLBridge.h	66	function	interpret
KmiDi_CANON/body/ml/MLBridge.h	73	function	initializeDefaultWeights
KmiDi_CANON/body/ml/MLBridge.h	80	class	MLIntentPipeline
KmiDi_CANON/body/ml/MLBridge.h	86	function	initialize
KmiDi_CANON/body/ml/MLBridge.h	92	function	processAudio
KmiDi_CANON/body/ml/MLBridge.h	95	function	submitAudio
KmiDi_CANON/body/ml/MLBridge.h	96	function	hasResult
KmiDi_CANON/body/ml/MLBridge.h	97	function	getResult
KmiDi_CANON/body/ml/MLBridge.h	102	function	processHybrid
KmiDi_CANON/body/ml/MLBridge.h	106	function	processAsync
KmiDi_CANON/body/ml/MLBridge.h	112	function	generateMelodyFromProbabilities
KmiDi_CANON/body/ml/MLBridge.h	122	function	applyDynamics
KmiDi_CANON/body/ml/MLBridge.h	126	function	applyGroove
KmiDi_CANON/body/ml/MLBridge.h	131	function	generateFromAudio
KmiDi_CANON/body/ml/MLBridge.h	140	function	setMLEnabled
KmiDi_CANON/body/ml/MLBridge.h	141	function	isMLEnabled
KmiDi_CANON/body/ml/MLBridge.h	144	function	setModelEnabled
KmiDi_CANON/body/ml/MLBridge.h	147	function	spawnAsyncTask
KmiDi_CANON/body/ml/MLBridge.h	148	function	joinAsyncTasks
KmiDi_CANON/body/ml/MLBridge.h	173	function	audioToMidi
KmiDi_CANON/body/ml/MLBridge.h	182	function	createMLPipeline
KmiDi_CANON/body/ml/RTNeuralProcessor.cpp	22	function	jsonStream
KmiDi_CANON/body/ml/RTNeuralProcessor.cpp	56	function	stream
KmiDi_CANON/body/ml/InferenceThreadManager.h	15	class	InferenceRequest
KmiDi_CANON/body/ml/InferenceThreadManager.h	27	class	InferenceResult
KmiDi_CANON/body/ml/InferenceThreadManager.h	42	class	InferenceThreadManager
KmiDi_CANON/body/ml/InferenceThreadManager.h	56	function	start
KmiDi_CANON/body/ml/InferenceThreadManager.h	73	function	stop
KmiDi_CANON/body/ml/InferenceThreadManager.h	85	function	submitRequest
KmiDi_CANON/body/ml/InferenceThreadManager.h	94	function	getResult
KmiDi_CANON/body/ml/InferenceThreadManager.h	101	function	isRunning
KmiDi_CANON/body/ml/InferenceThreadManager.h	108	function	getPendingRequests
KmiDi_CANON/body/ml/InferenceThreadManager.h	115	function	getAvailableResults
KmiDi_CANON/body/ml/InferenceThreadManager.h	123	function	inferenceLoop
KmiDi_CANON/body/ml/MIDITokenizer.h	16	class	MIDITokenizer
KmiDi_CANON/body/ml/MIDITokenizer.h	37	function	encode
KmiDi_CANON/body/ml/MIDITokenizer.h	44	function	decode
KmiDi_CANON/body/ml/MIDITokenizer.h	51	function	quantizeDuration
KmiDi_CANON/body/ml/MIDITokenizer.h	58	function	getDurationFromBin
KmiDi_CANON/body/ml/MIDITokenizer.h	63	function	initializeDurationBins
KmiDi_CANON/body/ml/MIDITokenizer.h	71	function	encodeNote
KmiDi_CANON/body/ml/MIDITokenizer.h	76	function	decodeToken
KmiDi_CANON/body/engines/MelodyEngine.cpp	66	function	noteNameToMidi
KmiDi_CANON/body/engines/MelodyEngine.cpp	231	function	pitches
KmiDi_CANON/body/engines/MelodyEngine.cpp	232	function	dist
KmiDi_CANON/body/engines/MelodyEngine.cpp	369	function	generate
KmiDi_CANON/body/engines/MelodyEngine.cpp	377	function	rng
KmiDi_CANON/body/engines/MelodyEngine.cpp	427	function	dist
KmiDi_CANON/body/engines/MelodyEngine.cpp	428	function	velDist
KmiDi_CANON/body/engines/MelodyEngine.cpp	520	function	generate
KmiDi_CANON/body/engines/MelodyEngine.cpp	542	function	generate
KmiDi_CANON/body/engines/MelodyEngine.cpp	605	function	generate
KmiDi_CANON/body/engines/MelodyEngine.cpp	650	function	dist
KmiDi_CANON/body/engines/MelodyEngine.cpp	669	function	snapToScale
KmiDi_CANON/body/engines/TransitionEngine.cpp	64	function	generate
KmiDi_CANON/body/engines/TransitionEngine.cpp	76	function	rng
KmiDi_CANON/body/engines/TransitionEngine.cpp	162	function	generate
KmiDi_CANON/body/engines/TransitionEngine.cpp	166	function	generate
KmiDi_CANON/body/engines/TransitionEngine.cpp	170	function	generate
KmiDi_CANON/body/engines/TransitionEngine.cpp	218	function	curve
KmiDi_CANON/body/engines/PadEngine.cpp	176	function	generate
KmiDi_CANON/body/engines/PadEngine.cpp	191	function	rng
KmiDi_CANON/body/engines/PadEngine.cpp	330	function	velocities
KmiDi_CANON/body/engines/PadEngine.cpp	458	function	generate
KmiDi_CANON/body/engines/GrooveEngine.h	25	class	GrooveHit
KmiDi_CANON/body/engines/GrooveEngine.h	33	class	GrooveConfig
KmiDi_CANON/body/engines/GrooveEngine.h	44	class	GrooveOutput
KmiDi_CANON/body/engines/GrooveEngine.h	53	class	GrooveEmotionProfile
KmiDi_CANON/body/engines/GrooveEngine.h	65	class	GroovePatternEngine
KmiDi_CANON/body/engines/GrooveEngine.h	69	function	generate
KmiDi_CANON/body/engines/GrooveEngine.h	76	function	generate
KmiDi_CANON/body/engines/GrooveEngine.h	78	function	setHumanization
KmiDi_CANON/body/engines/GrooveEngine.h	79	function	setSwing
KmiDi_CANON/body/engines/GrooveEngine.h	88	function	initializeProfiles
KmiDi_CANON/body/engines/GrooveEngine.h	89	function	initializeGenrePatterns
KmiDi_CANON/body/engines/GrooveEngine.h	90	function	applySwing
KmiDi_CANON/body/engines/GrooveEngine.h	91	function	applyHumanization
KmiDi_CANON/body/engines/GrooveEngine.h	92	function	getElementPitch
KmiDi_CANON/body/engines/DynamicsEngine.cpp	274	function	rng
KmiDi_CANON/body/engines/DynamicsEngine.cpp	275	function	dist
KmiDi_CANON/body/engines/DynamicsEngine.cpp	311	function	apply
KmiDi_CANON/body/engines/DynamicsEngine.cpp	318	function	rng
KmiDi_CANON/body/engines/DynamicsEngine.cpp	415	function	apply
KmiDi_CANON/body/engines/FillEngine.cpp	128	function	rng
KmiDi_CANON/body/engines/FillEngine.cpp	129	function	velVar
KmiDi_CANON/body/engines/FillEngine.cpp	161	function	rng
KmiDi_CANON/body/engines/FillEngine.cpp	162	function	velVar
KmiDi_CANON/body/engines/FillEngine.cpp	193	function	rng
KmiDi_CANON/body/engines/FillEngine.cpp	194	function	velVar
KmiDi_CANON/body/engines/FillEngine.cpp	228	function	rng
KmiDi_CANON/body/engines/FillEngine.cpp	267	function	rng
KmiDi_CANON/body/engines/FillEngine.cpp	268	function	velVar
KmiDi_CANON/body/engines/FillEngine.cpp	296	function	rng
KmiDi_CANON/body/engines/FillEngine.cpp	297	function	velVar
KmiDi_CANON/body/engines/FillEngine.cpp	298	function	dist
KmiDi_CANON/body/engines/FillEngine.cpp	332	function	rng
KmiDi_CANON/body/engines/FillEngine.cpp	333	function	velVar
KmiDi_CANON/body/engines/FillEngine.cpp	377	function	generate
KmiDi_CANON/body/engines/FillEngine.cpp	384	function	rng
KmiDi_CANON/body/engines/ArrangementEngine.h	23	class	Section
KmiDi_CANON/body/engines/ArrangementEngine.h	33	class	ArrangementConfig
KmiDi_CANON/body/engines/ArrangementEngine.h	43	class	ArrangementOutput
KmiDi_CANON/body/engines/ArrangementEngine.h	50	class	ArrangementTemplate
KmiDi_CANON/body/engines/ArrangementEngine.h	57	class	ArrangementEngine
KmiDi_CANON/body/engines/ArrangementEngine.h	61	function	generate
KmiDi_CANON/body/engines/ArrangementEngine.h	67	function	generate
KmiDi_CANON/body/engines/ArrangementEngine.h	69	function	createSection
KmiDi_CANON/body/engines/ArrangementEngine.h	70	function	getInstrumentsForSection
KmiDi_CANON/body/engines/ArrangementEngine.h	76	function	initializeTemplates
KmiDi_CANON/body/engines/ArrangementEngine.h	77	function	sectionTypeToString
KmiDi_CANON/body/engines/ArrangementEngine.h	78	function	getDefaultEnergy
KmiDi_CANON/body/engines/MelodyEngine.h	50	class	MelodyNote
KmiDi_CANON/body/engines/MelodyEngine.h	59	class	MelodyConfig
KmiDi_CANON/body/engines/MelodyEngine.h	73	class	MelodyOutput
KmiDi_CANON/body/engines/MelodyEngine.h	86	class	MelodyEmotionProfile
KmiDi_CANON/body/engines/MelodyEngine.h	101	class	MelodyEngine
KmiDi_CANON/body/engines/MelodyEngine.h	105	function	generate
KmiDi_CANON/body/engines/MelodyEngine.h	113	function	generate
KmiDi_CANON/body/engines/MelodyEngine.h	124	function	generateWithChords
KmiDi_CANON/body/engines/MelodyEngine.h	133	function	generateForSection
KmiDi_CANON/body/engines/MelodyEngine.h	145	function	generateFromIntentFrame
KmiDi_CANON/body/engines/MelodyEngine.h	155	function	initializeProfiles
KmiDi_CANON/body/engines/MelodyEngine.h	156	function	getScalePitches
KmiDi_CANON/body/engines/MelodyEngine.h	157	function	generateContour
KmiDi_CANON/body/engines/MelodyEngine.h	158	function	snapToScale
KmiDi_CANON/body/engines/MelodyEngine.h	161	function	getChordAtTick
KmiDi_CANON/body/engines/MelodyEngine.h	162	function	getChordTones
KmiDi_CANON/body/engines/MelodyEngine.h	163	function	snapToChordOrScale
KmiDi_CANON/body/engines/VoiceLeading.h	19	class	VoiceMovement
KmiDi_CANON/body/engines/VoiceLeading.h	26	class	VoiceLeadingResult
KmiDi_CANON/body/engines/VoiceLeading.h	35	class	VoiceLeadingConfig
KmiDi_CANON/body/engines/VoiceLeading.h	43	class	VoiceLeadingEngine
KmiDi_CANON/body/engines/VoiceLeading.h	47	function	voice
KmiDi_CANON/body/engines/VoiceLeading.h	53	function	analyze
KmiDi_CANON/body/engines/VoiceLeading.h	63	function	setConfig
KmiDi_CANON/body/engines/VoiceLeading.h	68	function	findClosestPitch
KmiDi_CANON/body/engines/VoiceLeading.h	69	function	wouldCreateParallel
KmiDi_CANON/body/engines/VoiceLeading.h	70	function	calculateSmoothness
KmiDi_CANON/body/engines/VoiceLeading.h	71	function	invertVoicing
KmiDi_CANON/body/engines/CounterMelodyEngine.cpp	39	function	generate
KmiDi_CANON/body/engines/CounterMelodyEngine.cpp	52	function	rng
KmiDi_CANON/body/engines/DrumGrooveEngine.cpp	124	function	generate
KmiDi_CANON/body/engines/DrumGrooveEngine.cpp	137	function	rng
KmiDi_CANON/body/engines/GrooveEngine.cpp	123	function	generate
KmiDi_CANON/body/engines/GrooveEngine.cpp	136	function	rng
KmiDi_CANON/body/engines/TensionEngine.cpp	72	function	generate
KmiDi_CANON/body/engines/TensionEngine.cpp	83	function	rng
KmiDi_CANON/body/engines/TensionEngine.cpp	198	function	result
KmiDi_CANON/body/engines/VariationEngine.h	50	class	VariationConfig
KmiDi_CANON/body/engines/VariationEngine.h	62	class	VariationOutput
KmiDi_CANON/body/engines/VariationEngine.h	70	class	VariationEmotionProfile
KmiDi_CANON/body/engines/VariationEngine.h	82	class	VariationEngine
KmiDi_CANON/body/engines/VariationEngine.h	86	function	generate
KmiDi_CANON/body/engines/VariationEngine.h	92	function	generate
KmiDi_CANON/body/engines/VariationEngine.h	95	function	ornament
KmiDi_CANON/body/engines/VariationEngine.h	96	function	simplify
KmiDi_CANON/body/engines/VariationEngine.h	97	function	rhythmicVariation
KmiDi_CANON/body/engines/VariationEngine.h	98	function	transpose
KmiDi_CANON/body/engines/VariationEngine.h	99	function	invert
KmiDi_CANON/body/engines/VariationEngine.h	100	function	retrograde
KmiDi_CANON/body/engines/VariationEngine.h	101	function	augment
KmiDi_CANON/body/engines/VariationEngine.h	102	function	diminish
KmiDi_CANON/body/engines/VariationEngine.h	103	function	fragment
KmiDi_CANON/body/engines/VariationEngine.h	104	function	extend
KmiDi_CANON/body/engines/VariationEngine.h	105	function	displace
KmiDi_CANON/body/engines/VariationEngine.h	110	function	initializeProfiles
KmiDi_CANON/body/engines/VariationEngine.h	112	function	getScalePitches
KmiDi_CANON/body/engines/VariationEngine.h	113	function	snapToScale
KmiDi_CANON/body/engines/VariationEngine.h	114	function	calculateSimilarity
KmiDi_CANON/body/engines/TensionEngine.h	31	class	TensionPoint
KmiDi_CANON/body/engines/TensionEngine.h	38	class	TensionConfig
KmiDi_CANON/body/engines/TensionEngine.h	48	class	TensionOutput
KmiDi_CANON/body/engines/TensionEngine.h	56	class	TensionEmotionProfile
KmiDi_CANON/body/engines/TensionEngine.h	63	class	TensionEngine
KmiDi_CANON/body/engines/TensionEngine.h	67	function	generate
KmiDi_CANON/body/engines/TensionEngine.h	74	function	generate
KmiDi_CANON/body/engines/TensionEngine.h	76	function	calculateTension
KmiDi_CANON/body/engines/TensionEngine.h	77	function	addTensionNotes
KmiDi_CANON/body/engines/TensionEngine.h	86	function	initializeProfiles
KmiDi_CANON/body/engines/TensionEngine.h	87	function	generateCurve
KmiDi_CANON/body/engines/RhythmEngine.h	63	class	RhythmConfig
KmiDi_CANON/body/engines/RhythmEngine.h	76	class	RhythmOutput
KmiDi_CANON/body/engines/RhythmEngine.h	85	class	RhythmEmotionProfile
KmiDi_CANON/body/engines/RhythmEngine.h	104	class	RhythmEngine
KmiDi_CANON/body/engines/RhythmEngine.h	108	function	generate
KmiDi_CANON/body/engines/RhythmEngine.h	115	function	generate
KmiDi_CANON/body/engines/RhythmEngine.h	117	function	generateIntro
KmiDi_CANON/body/engines/RhythmEngine.h	118	function	generateBuildup
KmiDi_CANON/body/engines/RhythmEngine.h	124	function	initializeProfiles
KmiDi_CANON/body/engines/RhythmEngine.h	125	function	initializeGenreModifiers
KmiDi_CANON/body/engines/RhythmEngine.h	127	function	applySwing
KmiDi_CANON/body/engines/DynamicsEngine.h	53	class	DynamicPoint
KmiDi_CANON/body/engines/DynamicsEngine.h	60	class	DynamicCurve
KmiDi_CANON/body/engines/DynamicsEngine.h	65	class	DynamicsConfig
KmiDi_CANON/body/engines/DynamicsEngine.h	77	class	DynamicsOutput
KmiDi_CANON/body/engines/DynamicsEngine.h	86	class	DynamicsEmotionProfile
KmiDi_CANON/body/engines/DynamicsEngine.h	99	class	DynamicsEngine
KmiDi_CANON/body/engines/DynamicsEngine.h	103	function	apply
KmiDi_CANON/body/engines/DynamicsEngine.h	109	function	apply
KmiDi_CANON/body/engines/DynamicsEngine.h	112	function	generateCurve
KmiDi_CANON/body/engines/DynamicsEngine.h	120	function	applyCurve
KmiDi_CANON/body/engines/DynamicsEngine.h	126	function	markingToVelocity
KmiDi_CANON/body/engines/DynamicsEngine.h	127	function	velocityToMarking
KmiDi_CANON/body/engines/DynamicsEngine.h	130	function	applyAccents
KmiDi_CANON/body/engines/DynamicsEngine.h	140	function	applyFromIntentFrame
KmiDi_CANON/body/engines/DynamicsEngine.h	150	function	initializeProfiles
KmiDi_CANON/body/engines/DynamicsEngine.h	151	function	initializeSectionPatterns
KmiDi_CANON/body/engines/DynamicsEngine.h	153	function	interpolateVelocity
KmiDi_CANON/body/engines/CounterMelodyEngine.h	29	class	CounterMelodyNote
KmiDi_CANON/body/engines/CounterMelodyEngine.h	36	class	CounterMelodyConfig
KmiDi_CANON/body/engines/CounterMelodyEngine.h	47	class	CounterMelodyOutput
KmiDi_CANON/body/engines/CounterMelodyEngine.h	55	class	CounterMelodyEmotionProfile
KmiDi_CANON/body/engines/CounterMelodyEngine.h	63	class	CounterMelodyEngine
KmiDi_CANON/body/engines/CounterMelodyEngine.h	67	function	generate
KmiDi_CANON/body/engines/CounterMelodyEngine.h	74	function	generate
KmiDi_CANON/body/engines/CounterMelodyEngine.h	79	function	initializeProfiles
KmiDi_CANON/body/engines/CounterMelodyEngine.h	80	function	transposeByInterval
KmiDi_CANON/body/engines/CounterMelodyEngine.h	81	function	getScalePitches
KmiDi_CANON/body/engines/CounterMelodyEngine.h	82	function	snapToScale
KmiDi_CANON/body/engines/VariationEngine.cpp	51	function	noteNameToSemitone
KmiDi_CANON/body/engines/VariationEngine.cpp	202	function	dist
KmiDi_CANON/body/engines/VariationEngine.cpp	337	function	dist
KmiDi_CANON/body/engines/VariationEngine.cpp	374	function	dist
KmiDi_CANON/body/engines/VariationEngine.cpp	375	function	offsetDist
KmiDi_CANON/body/engines/VariationEngine.cpp	466	function	augment
KmiDi_CANON/body/engines/VariationEngine.cpp	539	function	generate
KmiDi_CANON/body/engines/VariationEngine.cpp	547	function	rng
KmiDi_CANON/body/engines/VariationEngine.cpp	548	function	dist
KmiDi_CANON/body/engines/StringEngine.cpp	120	function	generate
KmiDi_CANON/body/engines/StringEngine.cpp	134	function	rng
KmiDi_CANON/body/engines/FillEngine.h	53	class	FillConfig
KmiDi_CANON/body/engines/FillEngine.h	65	class	FillOutput
KmiDi_CANON/body/engines/FillEngine.h	74	class	FillEmotionProfile
KmiDi_CANON/body/engines/FillEngine.h	87	class	FillEngine
KmiDi_CANON/body/engines/FillEngine.h	91	function	generate
KmiDi_CANON/body/engines/FillEngine.h	98	function	generate
KmiDi_CANON/body/engines/FillEngine.h	101	function	generateTomRoll
KmiDi_CANON/body/engines/FillEngine.h	102	function	generateSnareRoll
KmiDi_CANON/body/engines/FillEngine.h	103	function	generateLinear
KmiDi_CANON/body/engines/FillEngine.h	104	function	generateBuildup
KmiDi_CANON/body/engines/FillEngine.h	105	function	generateTriplet
KmiDi_CANON/body/engines/FillEngine.h	106	function	generateSixteenthRush
KmiDi_CANON/body/engines/FillEngine.h	107	function	generateFlam
KmiDi_CANON/body/engines/FillEngine.h	112	function	initializeProfiles
KmiDi_CANON/body/engines/FillEngine.h	114	function	lengthToTicks
KmiDi_CANON/body/engines/FillEngine.h	115	function	intensityToVelocityBoost
KmiDi_CANON/body/engines/PadEngine.h	65	class	PadNote
KmiDi_CANON/body/engines/PadEngine.h	73	class	PadConfig
KmiDi_CANON/body/engines/PadEngine.h	86	class	PadOutput
KmiDi_CANON/body/engines/PadEngine.h	96	class	PadEmotionProfile
KmiDi_CANON/body/engines/PadEngine.h	114	class	PadEngine
KmiDi_CANON/body/engines/PadEngine.h	118	function	generate
KmiDi_CANON/body/engines/PadEngine.h	126	function	generate
KmiDi_CANON/body/engines/PadEngine.h	132	function	generateFromIntentFrame
KmiDi_CANON/body/engines/PadEngine.h	143	function	initializeProfiles
KmiDi_CANON/body/engines/PadEngine.h	144	function	parseChord
KmiDi_CANON/body/engines/PadEngine.h	145	function	applyVoicing
KmiDi_CANON/body/engines/PadEngine.h	146	function	applyVelocityCurve
KmiDi_CANON/body/engines/BassEngine.h	52	class	BassNote
KmiDi_CANON/body/engines/BassEngine.h	61	class	BassConfig
KmiDi_CANON/body/engines/BassEngine.h	73	class	BassOutput
KmiDi_CANON/body/engines/BassEngine.h	82	class	BassEmotionProfile
KmiDi_CANON/body/engines/BassEngine.h	95	class	BassEngine
KmiDi_CANON/body/engines/BassEngine.h	99	function	generate
KmiDi_CANON/body/engines/BassEngine.h	107	function	generate
KmiDi_CANON/body/engines/BassEngine.h	109	function	generateForSection
KmiDi_CANON/body/engines/BassEngine.h	122	function	generateFromIntentFrame
KmiDi_CANON/body/engines/BassEngine.h	133	function	initializeProfiles
KmiDi_CANON/body/engines/BassEngine.h	135	class	ChordTones
KmiDi_CANON/body/engines/BassEngine.h	142	function	parseChord
KmiDi_CANON/body/engines/BassEngine.h	143	function	getRegisterOctave
KmiDi_CANON/body/engines/BassEngine.h	145	function	generateRootOnly
KmiDi_CANON/body/engines/BassEngine.h	146	function	generateRootFifth
KmiDi_CANON/body/engines/BassEngine.h	147	function	generateWalking
KmiDi_CANON/body/engines/BassEngine.h	148	function	generatePedal
KmiDi_CANON/body/engines/BassEngine.h	149	function	generateArpeggiated
KmiDi_CANON/body/engines/BassEngine.h	150	function	generateSyncopated
KmiDi_CANON/body/engines/BassEngine.h	151	function	generateDriving
KmiDi_CANON/body/engines/BassEngine.h	152	function	generatePulsing
KmiDi_CANON/body/engines/BassEngine.h	153	function	generateBreathing
KmiDi_CANON/body/engines/StringEngine.h	39	class	StringNote
KmiDi_CANON/body/engines/StringEngine.h	48	class	StringConfig
KmiDi_CANON/body/engines/StringEngine.h	60	class	StringOutput
KmiDi_CANON/body/engines/StringEngine.h	69	class	StringEmotionProfile
KmiDi_CANON/body/engines/StringEngine.h	80	class	StringEngine
KmiDi_CANON/body/engines/StringEngine.h	84	function	generate
KmiDi_CANON/body/engines/StringEngine.h	92	function	generate
KmiDi_CANON/body/engines/StringEngine.h	97	function	initializeProfiles
KmiDi_CANON/body/engines/StringEngine.h	98	function	assignToSections
KmiDi_CANON/body/engines/StringEngine.h	99	function	getGmInstrument
KmiDi_CANON/body/engines/RhythmEngine.cpp	198	function	rng
KmiDi_CANON/body/engines/RhythmEngine.cpp	199	function	dist
KmiDi_CANON/body/engines/RhythmEngine.cpp	200	function	velDist
KmiDi_CANON/body/engines/RhythmEngine.cpp	231	function	rng
KmiDi_CANON/body/engines/RhythmEngine.cpp	232	function	dist
KmiDi_CANON/body/engines/RhythmEngine.cpp	233	function	velDist
KmiDi_CANON/body/engines/RhythmEngine.cpp	263	function	rng
KmiDi_CANON/body/engines/RhythmEngine.cpp	291	function	generate
KmiDi_CANON/body/engines/RhythmEngine.cpp	299	function	rng
KmiDi_CANON/body/engines/RhythmEngine.cpp	300	function	dist
KmiDi_CANON/body/engines/RhythmEngine.cpp	344	function	velDist
KmiDi_CANON/body/engines/RhythmEngine.cpp	365	function	if
KmiDi_CANON/body/engines/RhythmEngine.cpp	367	function	if
KmiDi_CANON/body/engines/RhythmEngine.cpp	369	function	if
KmiDi_CANON/body/engines/RhythmEngine.cpp	472	function	generate
KmiDi_CANON/body/engines/RhythmEngine.cpp	486	function	generate
KmiDi_CANON/body/engines/ArrangementEngine.cpp	62	function	generate
KmiDi_CANON/body/engines/ArrangementEngine.cpp	68	function	rng
KmiDi_CANON/body/engines/ArrangementEngine.cpp	108	function	if
KmiDi_CANON/body/engines/VoiceLeading.cpp	28	function	used
KmiDi_CANON/body/engines/VoiceLeading.cpp	101	function	if
KmiDi_CANON/body/engines/BassEngine.cpp	43	function	noteNameToMidi
KmiDi_CANON/body/engines/BassEngine.cpp	201	function	velDist
KmiDi_CANON/body/engines/BassEngine.cpp	217	function	velDist
KmiDi_CANON/body/engines/BassEngine.cpp	237	function	velDist
KmiDi_CANON/body/engines/BassEngine.cpp	239	function	stepDist
KmiDi_CANON/body/engines/BassEngine.cpp	271	function	velDist
KmiDi_CANON/body/engines/BassEngine.cpp	288	function	velDist
KmiDi_CANON/body/engines/BassEngine.cpp	313	function	velDist
KmiDi_CANON/body/engines/BassEngine.cpp	343	function	velDist
KmiDi_CANON/body/engines/BassEngine.cpp	365	function	velDist
KmiDi_CANON/body/engines/BassEngine.cpp	385	function	velDist
KmiDi_CANON/body/engines/BassEngine.cpp	417	function	generate
KmiDi_CANON/body/engines/BassEngine.cpp	425	function	rng
KmiDi_CANON/body/engines/BassEngine.cpp	547	function	generate
KmiDi_CANON/body/engines/BassEngine.cpp	593	function	generate
KmiDi_CANON/body/engines/DrumGrooveEngine.h	27	class	GrooveHit
KmiDi_CANON/body/engines/DrumGrooveEngine.h	35	class	GrooveConfig
KmiDi_CANON/body/engines/DrumGrooveEngine.h	46	class	GrooveOutput
KmiDi_CANON/body/engines/DrumGrooveEngine.h	55	class	GrooveEmotionProfile
KmiDi_CANON/body/engines/DrumGrooveEngine.h	68	class	DrumGrooveEngine
KmiDi_CANON/body/engines/DrumGrooveEngine.h	72	function	generate
KmiDi_CANON/body/engines/DrumGrooveEngine.h	79	function	generate
KmiDi_CANON/body/engines/DrumGrooveEngine.h	85	function	generateFromIntentFrame
KmiDi_CANON/body/engines/DrumGrooveEngine.h	92	function	setHumanization
KmiDi_CANON/body/engines/DrumGrooveEngine.h	93	function	setSwing
KmiDi_CANON/body/engines/DrumGrooveEngine.h	102	function	initializeProfiles
KmiDi_CANON/body/engines/DrumGrooveEngine.h	103	function	initializeGenrePatterns
KmiDi_CANON/body/engines/DrumGrooveEngine.h	104	function	applySwing
KmiDi_CANON/body/engines/DrumGrooveEngine.h	105	function	applyHumanization
KmiDi_CANON/body/engines/DrumGrooveEngine.h	106	function	getElementPitch
KmiDi_CANON/body/engines/TransitionEngine.h	23	class	TransitionNote
KmiDi_CANON/body/engines/TransitionEngine.h	31	class	TransitionConfig
KmiDi_CANON/body/engines/TransitionEngine.h	42	class	TransitionOutput
KmiDi_CANON/body/engines/TransitionEngine.h	50	class	TransitionEmotionProfile
KmiDi_CANON/body/engines/TransitionEngine.h	59	class	TransitionEngine
KmiDi_CANON/body/engines/TransitionEngine.h	63	function	generate
KmiDi_CANON/body/engines/TransitionEngine.h	70	function	generate
KmiDi_CANON/body/engines/TransitionEngine.h	72	function	createBuild
KmiDi_CANON/body/engines/TransitionEngine.h	73	function	createBreakdown
KmiDi_CANON/body/engines/TransitionEngine.h	74	function	createDrop
KmiDi_CANON/body/engines/TransitionEngine.h	79	function	initializeProfiles
KmiDi_CANON/body/engines/TransitionEngine.h	80	function	generateRiser
KmiDi_CANON/body/engines/TransitionEngine.h	81	function	generateImpact
KmiDi_CANON/body/engines/TransitionEngine.h	82	function	generateEnergyCurve
KmiDi_CANON/body/gui/main_window.h	8	class	MainWindow
KmiDi_CANON/body/gui/main_window.h	12	function	MainWindow
KmiDi_CANON/body/gui/main_window.h	16	function	setupUi
KmiDi_CANON/body/gui/main_window.h	17	function	createMenus
KmiDi_CANON/body/gui/main_window.h	18	function	createToolbar
KmiDi_CANON/body/gui/main.cpp	4	function	main
KmiDi_CANON/body/gui/main.cpp	5	function	app
KmiDi_CANON/body/diagnostics/DiagnosticsEngine.cpp	22	function	getProcessMemoryUsage
KmiDi_CANON/body/diagnostics/DiagnosticsEngine.cpp	30	class	mach_task_basic_info
KmiDi_CANON/body/diagnostics/DiagnosticsEngine.cpp	54	function	getAvailableMemory
KmiDi_CANON/body/diagnostics/DiagnosticsEngine.cpp	71	class	sysinfo
KmiDi_CANON/body/diagnostics/PerformanceMonitor.cpp	20	function	getHighResTimestamp
KmiDi_CANON/body/diagnostics/PerformanceMonitor.cpp	37	class	timespec
KmiDi_CANON/body/groove/OnsetDetector.cpp	6	function	nextPowerOfTwo
KmiDi_CANON/body/groove/OnsetDetector.cpp	17	function	isPowerOfTwo
KmiDi_CANON/body/groove/GrooveEngine.cpp	221	function	if
KmiDi_CANON/body/export/StemExporter.h	45	class	StemExporter
KmiDi_CANON/body/export/StemExporter.h	59	class	ExportOptions
KmiDi_CANON/body/export/StemExporter.h	82	class	StemResult
KmiDi_CANON/body/export/StemExporter.h	110	function	exportAllStems
KmiDi_CANON/body/export/StemExporter.h	125	function	exportSelectedStems
KmiDi_CANON/body/export/StemExporter.h	141	function	exportTrack
KmiDi_CANON/body/export/StemExporter.h	157	function	exportVocalStem
KmiDi_CANON/body/export/StemExporter.h	167	function	setProgressCallback
KmiDi_CANON/body/export/StemExporter.h	174	function	getLastError
KmiDi_CANON/body/export/StemExporter.h	183	function	clearError
KmiDi_CANON/body/export/StemExporter.h	188	function	setError
KmiDi_CANON/body/export/StemExporter.h	199	function	renderMidiNotes
KmiDi_CANON/body/export/StemExporter.h	215	function	renderChords
KmiDi_CANON/body/export/StemExporter.h	229	function	renderVocals
KmiDi_CANON/body/export/StemExporter.h	240	function	normalizeBuffer
KmiDi_CANON/body/export/StemExporter.h	249	function	getTrackNotes
KmiDi_CANON/body/export/StemExporter.h	257	function	calculateDuration
KmiDi_CANON/body/export/StemExporter.h	268	function	generateStemFilename
KmiDi_CANON/body/export/StemExporter.h	278	function	getFileExtension
KmiDi_CANON/body/export/StemExporter.h	288	function	writeAudioFile
KmiDi_CANON/body/export/StemExporter.cpp	23	function	allIndices
KmiDi_CANON/body/export/StemExporter.cpp	28	function	exportSelectedStems
KmiDi_CANON/body/export/StemExporter.cpp	174	function	audioData
KmiDi_CANON/body/export/StemExporter.cpp	177	class	ActiveNote
KmiDi_CANON/body/engine/QuantumEmotionalField.h	32	class	QuantumEmotionBasisState
KmiDi_CANON/body/engine/QuantumEmotionalField.h	45	class	QuantumEmotionalState
KmiDi_CANON/body/engine/QuantumEmotionalField.h	54	function	normalize
KmiDi_CANON/body/engine/QuantumEmotionalField.h	57	function	toVAD
KmiDi_CANON/body/engine/QuantumEmotionalField.h	63	class	QuantumEmotionalField
KmiDi_CANON/body/engine/QuantumEmotionalField.h	70	function	initializeBasis
KmiDi_CANON/body/engine/QuantumEmotionalField.h	76	function	createSuperposition
KmiDi_CANON/body/engine/QuantumEmotionalField.h	82	function	calculateInterference
KmiDi_CANON/body/engine/QuantumEmotionalField.h	89	class	EntangledState
KmiDi_CANON/body/engine/QuantumEmotionalField.h	95	function	createEntanglement
KmiDi_CANON/body/engine/QuantumEmotionalField.h	102	function	collapse
KmiDi_CANON/body/engine/QuantumEmotionalField.h	119	function	calculateTemperature
KmiDi_CANON/body/engine/QuantumEmotionalField.h	134	function	calculateResonance
KmiDi_CANON/body/engine/QuantumEmotionalField.h	153	function	innerProduct
KmiDi_CANON/body/engine/QuantumEmotionalField.h	164	function	calculateEnergy
KmiDi_CANON/body/engine/QuantumEmotionalField.h	171	function	calculateTension
KmiDi_CANON/body/engine/QuantumEmotionalField.h	178	function	calculateStability
KmiDi_CANON/body/engine/PredictiveTrendAnalyzer.h	16	class	TrendPrediction
KmiDi_CANON/body/engine/PredictiveTrendAnalyzer.h	25	class	TrendMetrics
KmiDi_CANON/body/engine/PredictiveTrendAnalyzer.h	38	class	PredictiveTrendAnalyzer
KmiDi_CANON/body/engine/PredictiveTrendAnalyzer.h	45	function	addVADState
KmiDi_CANON/body/engine/PredictiveTrendAnalyzer.h	52	function	predictNext
KmiDi_CANON/body/engine/PredictiveTrendAnalyzer.h	58	function	calculateTrends
KmiDi_CANON/body/engine/PredictiveTrendAnalyzer.h	65	function	getSmoothedState
KmiDi_CANON/body/engine/PredictiveTrendAnalyzer.h	72	function	detectTrendChange
KmiDi_CANON/body/engine/PredictiveTrendAnalyzer.h	78	function	getRatesOfChange
KmiDi_CANON/body/engine/PredictiveTrendAnalyzer.h	83	function	clear
KmiDi_CANON/body/engine/PredictiveTrendAnalyzer.h	88	function	size
KmiDi_CANON/body/engine/PredictiveTrendAnalyzer.h	95	function	linearRegressionSlope
KmiDi_CANON/body/engine/PredictiveTrendAnalyzer.h	96	function	linearRegressionIntercept
KmiDi_CANON/body/engine/PredictiveTrendAnalyzer.h	99	function	generateTrendDescription
KmiDi_CANON/body/engine/GrooveEngine.h	22	class	GrooveStep
KmiDi_CANON/body/engine/GrooveEngine.h	29	class	GrooveTemplate
KmiDi_CANON/body/engine/GrooveEngine.h	38	function	stepsPerBar
KmiDi_CANON/body/engine/GrooveEngine.h	47	class	HumanizationSettings
KmiDi_CANON/body/engine/GrooveEngine.h	75	class	MidiNoteEvent
KmiDi_CANON/body/engine/GrooveEngine.h	93	class	GrooveTemplateEngine
KmiDi_CANON/body/engine/GrooveEngine.h	118	function	getTemplateNames
KmiDi_CANON/body/engine/GrooveEngine.h	137	function	humanize
KmiDi_CANON/body/engine/GrooveEngine.h	150	function	timingDist
KmiDi_CANON/body/engine/GrooveEngine.h	151	function	velocityDist
KmiDi_CANON/body/engine/GrooveEngine.h	152	function	uniformDist
KmiDi_CANON/body/engine/GrooveEngine.h	216	function	applySwing
KmiDi_CANON/body/engine/GrooveEngine.h	236	function	generatePattern
KmiDi_CANON/body/engine/GrooveEngine.h	262	function	addTemplate
KmiDi_CANON/body/engine/GrooveEngine.h	270	function	initializeTemplates
KmiDi_CANON/body/engine/VADSystem.h	38	class	VADSystem
KmiDi_CANON/body/engine/VADSystem.h	50	class	ProcessingResult
KmiDi_CANON/body/engine/VADSystem.h	59	function	processEmotionId
KmiDi_CANON/body/engine/VADSystem.h	71	function	processBiometrics
KmiDi_CANON/body/engine/VADSystem.h	84	function	processBlended
KmiDi_CANON/body/engine/VADSystem.h	94	function	getCurrentTrends
KmiDi_CANON/body/engine/VADSystem.h	99	function	getResonance
KmiDi_CANON/body/engine/VADSystem.h	104	function	setContextAware
KmiDi_CANON/body/engine/VADSystem.h	105	function	isContextAware
KmiDi_CANON/body/engine/VADSystem.h	110	function	setCurrentTime
KmiDi_CANON/body/engine/VADSystem.h	115	function	getSmoothedVAD
KmiDi_CANON/body/engine/VADSystem.h	120	function	clearHistory
KmiDi_CANON/body/engine/VADSystem.h	140	function	isValidEmotionId
KmiDi_CANON/body/engine/VADSystem.h	145	function	isValidBiometricData
KmiDi_CANON/body/engine/VADSystem.h	150	function	getCurrentEmotionVAD
KmiDi_CANON/body/engine/VADSystem.h	155	function	getCurrentBiometricVAD
KmiDi_CANON/body/engine/VADSystem.h	160	function	processEmotionName
KmiDi_CANON/body/engine/VADSystem.h	172	function	processIntentFrame
KmiDi_CANON/body/engine/VADSystem.h	180	class	VADStatistics
KmiDi_CANON/body/engine/VADSystem.h	188	function	getEmotionVADStatistics
KmiDi_CANON/body/engine/VADSystem.h	189	function	getBiometricVADStatistics
KmiDi_CANON/body/engine/VADSystem.h	194	function	detectAnomalies
KmiDi_CANON/body/engine/VADSystem.h	227	function	updateHistory
KmiDi_CANON/body/engine/QuantumEntropy.h	21	class	QuantumEntropy
KmiDi_CANON/body/engine/QuantumEntropy.h	27	function	calculateEntropy
KmiDi_CANON/body/engine/QuantumEntropy.h	33	function	calculateMutualInformation
KmiDi_CANON/body/engine/QuantumEntropy.h	42	function	calculateDecoherence
KmiDi_CANON/body/engine/QuantumEntropy.h	52	function	calculateVonNeumannEntropy
KmiDi_CANON/body/engine/QuantumEntropy.h	60	function	calculateInformationContent
KmiDi_CANON/body/engine/QuantumEntropy.h	65	function	calculateTotalInformation
KmiDi_CANON/body/engine/QuantumEntropy.h	69	function	calculateJointProbability
KmiDi_CANON/body/engine/EmotionMusicMapper.h	20	class	EmotionMusicMapper
KmiDi_CANON/body/engine/EmotionMusicMapper.h	33	function	calculateTempo
KmiDi_CANON/body/engine/EmotionMusicMapper.h	43	function	calculateVelocity
KmiDi_CANON/body/engine/EmotionMusicMapper.h	52	function	calculateMode
KmiDi_CANON/body/engine/EmotionMusicMapper.h	60	function	calculateDetailedMode
KmiDi_CANON/body/engine/EmotionMusicMapper.h	86	class	TherapeuticFactors
KmiDi_CANON/body/engine/EmotionMusicMapper.h	100	function	calculateReward
KmiDi_CANON/body/engine/EmotionMusicMapper.h	109	class	BiometricState
KmiDi_CANON/body/engine/EmotionMusicMapper.h	123	function	calculateResonance
KmiDi_CANON/body/engine/EmotionMusicMapper.h	142	function	estimateDominance
KmiDi_CANON/body/engine/EmotionMusicMapper.h	180	class	MusicalParameters
KmiDi_CANON/body/engine/OSCOutputGenerator.cpp	15	function	valenceMsg
KmiDi_CANON/body/engine/OSCOutputGenerator.cpp	19	function	arousalMsg
KmiDi_CANON/body/engine/OSCOutputGenerator.cpp	23	function	dominanceMsg
KmiDi_CANON/body/engine/OSCOutputGenerator.cpp	28	function	timestampMsg
KmiDi_CANON/body/engine/OSCOutputGenerator.cpp	41	function	tempoMsg
KmiDi_CANON/body/engine/OSCOutputGenerator.cpp	46	function	tempoMinMsg
KmiDi_CANON/body/engine/OSCOutputGenerator.cpp	50	function	tempoMaxMsg
KmiDi_CANON/body/engine/OSCOutputGenerator.cpp	55	function	keyMsg
KmiDi_CANON/body/engine/OSCOutputGenerator.cpp	59	function	modeMsg
KmiDi_CANON/body/engine/OSCOutputGenerator.cpp	64	function	dissonanceMsg
KmiDi_CANON/body/engine/OSCOutputGenerator.cpp	68	function	densityMsg
KmiDi_CANON/body/engine/OSCOutputGenerator.cpp	72	function	spaceProbMsg
KmiDi_CANON/body/engine/OSCOutputGenerator.cpp	77	function	dynamicsRangeMsg
KmiDi_CANON/body/engine/OSCOutputGenerator.cpp	81	function	velocityMinMsg
KmiDi_CANON/body/engine/OSCOutputGenerator.cpp	85	function	velocityMaxMsg
KmiDi_CANON/body/engine/OSCOutputGenerator.cpp	90	function	reverbMsg
KmiDi_CANON/body/engine/OSCOutputGenerator.cpp	94	function	reverbDecayMsg
KmiDi_CANON/body/engine/OSCOutputGenerator.cpp	98	function	brightnessMsg
KmiDi_CANON/body/engine/OSCOutputGenerator.cpp	102	function	saturationMsg
KmiDi_CANON/body/engine/OSCOutputGenerator.cpp	107	function	timingVarMsg
KmiDi_CANON/body/engine/OSCOutputGenerator.cpp	111	function	velocityVarMsg
KmiDi_CANON/body/engine/OSCOutputGenerator.cpp	125	function	emotionIdMsg
KmiDi_CANON/body/engine/OSCOutputGenerator.cpp	139	function	bundle
KmiDi_CANON/body/engine/NetworkDynamics.cpp	71	function	sum
KmiDi_CANON/body/engine/NetworkDynamics.cpp	138	function	gen
KmiDi_CANON/body/engine/NetworkDynamics.cpp	139	function	dis
KmiDi_CANON/body/engine/VADSystem.cpp	389	function	processEmotionId
KmiDi_CANON/body/engine/GeometricTopology.h	20	class	GeometricTopology
KmiDi_CANON/body/engine/GeometricTopology.h	26	function	calculateCurvature
KmiDi_CANON/body/engine/GeometricTopology.h	36	function	calculateDistance
KmiDi_CANON/body/engine/GeometricTopology.h	42	class	Attractor
KmiDi_CANON/body/engine/GeometricTopology.h	48	function	findAttractors
KmiDi_CANON/body/engine/GeometricTopology.h	56	function	calculateStability
KmiDi_CANON/body/engine/GeometricTopology.h	62	function	calculateVolume
KmiDi_CANON/body/engine/GeometricTopology.h	66	function	crossProduct
KmiDi_CANON/body/engine/GeometricTopology.h	67	function	dotProduct
KmiDi_CANON/body/engine/WoundProcessor.h	24	class	WoundProcessor
KmiDi_CANON/body/engine/WoundProcessor.h	26	function	WoundProcessor
KmiDi_CANON/body/engine/WoundProcessor.h	35	function	processWound
KmiDi_CANON/body/engine/WoundProcessor.h	43	function	findEmotionByKeywords
KmiDi_CANON/body/engine/WoundProcessor.h	52	function	calculateIntensity
KmiDi_CANON/body/engine/WoundProcessor.h	57	class	EmotionClue
KmiDi_CANON/body/engine/WoundProcessor.h	65	class	MatchResult
KmiDi_CANON/body/engine/WoundProcessor.h	75	function	buildEmotionClues
KmiDi_CANON/body/engine/WoundProcessor.h	82	function	findMatches
KmiDi_CANON/body/engine/WoundProcessor.h	90	function	matchesKeyword
KmiDi_CANON/body/engine/WoundProcessor.h	97	function	extractIntensifierModifier
KmiDi_CANON/body/engine/WoundProcessor.h	102	function	normalizeText
KmiDi_CANON/body/engine/AdaptiveGenerator.h	40	class	AdaptiveGenerator
KmiDi_CANON/body/engine/AdaptiveGenerator.h	48	function	generateMidi
KmiDi_CANON/body/engine/AdaptiveGenerator.h	53	function	generateMidiFromWound
KmiDi_CANON/body/engine/AdaptiveGenerator.h	61	function	generateMidiFromIntentFrame
KmiDi_CANON/body/engine/AdaptiveGenerator.h	66	function	setAdaptiveEnabled
KmiDi_CANON/body/engine/AdaptiveGenerator.h	67	function	isAdaptiveEnabled
KmiDi_CANON/body/engine/AdaptiveGenerator.h	77	function	adaptIntent
KmiDi_CANON/body/engine/AdaptiveGenerator.h	82	function	getPreferredAdjustments
KmiDi_CANON/body/engine/ResonanceCalculator.h	24	class	ResonanceMetrics
KmiDi_CANON/body/engine/ResonanceCalculator.h	37	class	ResonanceCalculator
KmiDi_CANON/body/engine/ResonanceCalculator.h	47	function	calculateResonance
KmiDi_CANON/body/engine/ResonanceCalculator.h	58	function	calculateBiometricCoherence
KmiDi_CANON/body/engine/ResonanceCalculator.h	68	function	calculateTemporalStability
KmiDi_CANON/body/engine/ResonanceCalculator.h	79	function	calculateCorrelation
KmiDi_CANON/body/engine/ResonanceCalculator.h	90	function	detectAnomalies
KmiDi_CANON/body/engine/ResonanceCalculator.h	94	function	calculateVariance
KmiDi_CANON/body/engine/ResonanceCalculator.h	95	function	calculateMean
KmiDi_CANON/body/engine/ResonanceCalculator.h	96	function	calculateStandardDeviation
KmiDi_CANON/body/engine/MidiGenerator.h	34	class	Chord
KmiDi_CANON/body/engine/MidiGenerator.h	47	class	MidiNote
KmiDi_CANON/body/engine/MidiGenerator.h	59	class	ScaleDatabase
KmiDi_CANON/body/engine/MidiGenerator.h	85	function	keyToMidi
KmiDi_CANON/body/engine/MidiGenerator.h	111	class	ChordProgressionDatabase
KmiDi_CANON/body/engine/MidiGenerator.h	113	class	ProgressionEntry
KmiDi_CANON/body/engine/MidiGenerator.h	121	function	getProgressionsForValence
KmiDi_CANON/body/engine/MidiGenerator.h	172	class	MidiGenerator
KmiDi_CANON/body/engine/MidiGenerator.h	187	function	generateChordProgression
KmiDi_CANON/body/engine/MidiGenerator.h	203	function	progDist
KmiDi_CANON/body/engine/MidiGenerator.h	264	function	generate
KmiDi_CANON/body/engine/MidiGenerator.h	298	function	velDist
KmiDi_CANON/body/engine/MidiGenerator.h	357	function	generateFromEmotion
KmiDi_CANON/body/engine/MidiGenerator.h	375	function	generate
KmiDi_CANON/body/engine/MidiGenerator.h	379	function	tempo
KmiDi_CANON/body/engine/MidiGenerator.h	380	function	setTempo
KmiDi_CANON/body/engine/MidiGenerator.h	390	function	timingFeelToGroove
KmiDi_CANON/body/engine/MidiGenerator.h	400	function	addMelodicElements
KmiDi_CANON/body/engine/MidiGenerator.h	407	function	prob
KmiDi_CANON/body/engine/MidiGenerator.h	416	function	noteDist
KmiDi_CANON/body/engine/MidiGenerator.h	425	function	velDist
KmiDi_CANON/body/engine/MidiGenerator.h	437	function	addBassLine
KmiDi_CANON/body/engine/MidiGenerator.h	454	function	velDist
KmiDi_CANON/body/engine/OSCOutputGenerator.h	27	class	OSCMessage
KmiDi_CANON/body/engine/OSCOutputGenerator.h	39	class	OSCOutputGenerator
KmiDi_CANON/body/engine/OSCOutputGenerator.h	48	function	generateFromVAD
KmiDi_CANON/body/engine/OSCOutputGenerator.h	55	function	generateFromMusicalParameters
KmiDi_CANON/body/engine/OSCOutputGenerator.h	63	function	generateFromEmotion
KmiDi_CANON/body/engine/OSCOutputGenerator.h	70	function	createBundle
KmiDi_CANON/body/engine/OSCOutputGenerator.h	75	function	messageToString
KmiDi_CANON/body/engine/OSCOutputGenerator.h	80	function	setBaseAddress
KmiDi_CANON/body/engine/OSCOutputGenerator.h	85	function	buildAddress
KmiDi_CANON/body/engine/VADCalculator.cpp	17	function	VADState
KmiDi_CANON/body/engine/VADCalculator.cpp	25	function	VADState
KmiDi_CANON/body/engine/VADCalculator.cpp	28	function	calculateFromEmotion
KmiDi_CANON/body/engine/VADCalculator.cpp	82	function	normalizeVADState
KmiDi_CANON/body/engine/VADCalculator.cpp	87	function	VADState
KmiDi_CANON/body/engine/VADCalculator.cpp	355	function	VADState
KmiDi_CANON/body/engine/VADCalculator.cpp	404	function	VADState
KmiDi_CANON/body/engine/VADCalculator.cpp	496	function	VADState
KmiDi_CANON/body/engine/VADCalculator.cpp	501	function	VADState
KmiDi_CANON/body/engine/VADCalculator.cpp	504	function	calculateFromEmotion
KmiDi_CANON/body/engine/EmotionThesaurusLoader.h	36	class	EmotionThesaurusLoader
KmiDi_CANON/body/engine/EmotionThesaurusLoader.h	45	function	loadWithFallbacks
KmiDi_CANON/body/engine/EmotionThesaurusLoader.h	54	function	loadFromJsonFiles
KmiDi_CANON/body/engine/EmotionThesaurusLoader.h	63	function	loadFromJsonFile
KmiDi_CANON/body/engine/EmotionThesaurusLoader.h	68	function	loadFromJsonFile
KmiDi_CANON/body/engine/EmotionThesaurusLoader.h	73	function	loadFromEmbeddedDefaults
KmiDi_CANON/body/engine/EmotionThesaurusLoader.h	82	function	findJsonFile
KmiDi_CANON/body/engine/EmotionThesaurusLoader.h	87	function	getEmotionFilenames
KmiDi_CANON/body/engine/EmotionThesaurusLoader.h	92	function	getAlternativeFilenames
KmiDi_CANON/body/engine/EmotionThesaurusLoader.h	94	function	categoryFromString
KmiDi_CANON/body/engine/EmotionThesaurusLoader.h	95	function	valenceFromString
KmiDi_CANON/body/engine/EmotionThesaurusLoader.h	96	function	intensityFromTier
KmiDi_CANON/body/engine/EmotionThesaurusLoader.h	97	function	arousalFromIntensity
KmiDi_CANON/body/engine/EmotionThesaurusLoader.h	102	function	extractCategoryName
KmiDi_CANON/body/engine/EmotionThesaurusLoader.h	104	function	processSubEmotion
KmiDi_CANON/body/engine/EmotionThesaurusLoader.h	112	function	processSubSubEmotion
KmiDi_CANON/body/engine/EmotionThesaurusLoader.h	121	function	processIntensityTier
KmiDi_CANON/body/engine/WoundProcessor.cpp	314	function	findEmotionByKeywords
KmiDi_CANON/body/engine/ParameterMorphEngine.cpp	16	function	lock
KmiDi_CANON/body/engine/ParameterMorphEngine.cpp	27	function	lock
KmiDi_CANON/body/engine/ParameterMorphEngine.cpp	40	function	lock
KmiDi_CANON/body/engine/ParameterMorphEngine.cpp	56	function	interpolate
KmiDi_CANON/body/engine/ParameterMorphEngine.cpp	60	function	lock
KmiDi_CANON/body/engine/ParameterMorphEngine.cpp	67	function	lock
KmiDi_CANON/body/engine/ParameterMorphEngine.cpp	76	function	lock
KmiDi_CANON/body/engine/ParameterMorphEngine.cpp	88	function	lock
KmiDi_CANON/body/engine/PhysiologicalResonance.h	19	class	PhysiologicalEnergy
KmiDi_CANON/body/engine/PhysiologicalResonance.h	33	class	PhysiologicalResonance
KmiDi_CANON/body/engine/PhysiologicalResonance.h	45	function	calculateBioEnergy
KmiDi_CANON/body/engine/PhysiologicalResonance.h	53	function	calculateCouplingConstant
KmiDi_CANON/body/engine/PhysiologicalResonance.h	62	function	calculateNeuralSynchrony
KmiDi_CANON/body/engine/PhysiologicalResonance.h	71	function	calculateNeuralCoherence
KmiDi_CANON/body/engine/PhysiologicalResonance.h	79	function	calculateTotalBiofieldEnergy
KmiDi_CANON/body/engine/PhysiologicalResonance.h	90	function	setCouplingCoefficients
KmiDi_CANON/body/engine/TemporalMemory.h	24	class	TemporalMemory
KmiDi_CANON/body/engine/TemporalMemory.h	32	function	calculateHysteresis
KmiDi_CANON/body/engine/TemporalMemory.h	42	function	applyDecay
KmiDi_CANON/body/engine/TemporalMemory.h	52	class	EmotionalMomentum
KmiDi_CANON/body/engine/TemporalMemory.h	61	function	calculateMomentum
KmiDi_CANON/body/engine/TemporalMemory.h	72	function	calculateForceFromMomentum
KmiDi_CANON/body/engine/TemporalMemory.h	82	function	exponentialKernel
KmiDi_CANON/body/engine/TemporalMemory.h	88	function	gaussianKernel
KmiDi_CANON/body/engine/TemporalMemory.h	94	function	powerLawKernel
KmiDi_CANON/body/engine/UnifiedFieldEnergy.h	22	class	UnifiedFieldEnergy
KmiDi_CANON/body/engine/UnifiedFieldEnergy.h	30	function	calculateLagrangian
KmiDi_CANON/body/engine/UnifiedFieldEnergy.h	44	function	calculateTotalEnergy
KmiDi_CANON/body/engine/UnifiedFieldEnergy.h	56	function	calculateGradientTerm
KmiDi_CANON/body/engine/UnifiedFieldEnergy.h	61	function	calculateNetworkCouplingTerm
KmiDi_CANON/body/engine/UnifiedFieldEnergy.h	69	function	calculateResonanceTerm
KmiDi_CANON/body/engine/UnifiedFieldEnergy.h	75	function	calculateSelfOrganizationIndex
KmiDi_CANON/body/engine/UnifiedFieldEnergy.h	80	function	setCouplingConstants
KmiDi_CANON/body/engine/EmotionToMusicMapper.h	23	class	VoiceParameters
KmiDi_CANON/body/engine/EmotionToMusicMapper.h	46	class	MusicalFrequency
KmiDi_CANON/body/engine/EmotionToMusicMapper.h	58	class	EmotionToMusicMapper
KmiDi_CANON/body/engine/EmotionToMusicMapper.h	66	function	emotionToFrequency
KmiDi_CANON/body/engine/EmotionToMusicMapper.h	76	function	vadToFrequency
KmiDi_CANON/body/engine/EmotionToMusicMapper.h	81	function	quantumStateToFrequency
KmiDi_CANON/body/engine/EmotionToMusicMapper.h	89	function	vadToVoice
KmiDi_CANON/body/engine/EmotionToMusicMapper.h	94	function	quantumStateToVoice
KmiDi_CANON/body/engine/EmotionToMusicMapper.h	99	function	emotionToChord
KmiDi_CANON/body/engine/EmotionToMusicMapper.h	104	function	emotionToScale
KmiDi_CANON/body/engine/EmotionToMusicMapper.h	109	function	arousalToTempo
KmiDi_CANON/body/engine/EmotionToMusicMapper.h	114	function	dominanceToVelocity
KmiDi_CANON/body/engine/EmotionToMusicMapper.h	120	class	HarmonicField
KmiDi_CANON/body/engine/EmotionToMusicMapper.h	127	function	generateHarmonicField
KmiDi_CANON/body/engine/EmotionToMusicMapper.h	137	function	calculateFrequencyResonance
KmiDi_CANON/body/engine/EmotionToMusicMapper.h	147	function	calculateResonanceEnergy
KmiDi_CANON/body/engine/EmotionToMusicMapper.h	154	function	joyFrequency
KmiDi_CANON/body/engine/EmotionToMusicMapper.h	155	function	sadnessFrequency
KmiDi_CANON/body/engine/EmotionToMusicMapper.h	156	function	fearFrequency
KmiDi_CANON/body/engine/EmotionToMusicMapper.h	157	function	angerFrequency
KmiDi_CANON/body/engine/EmotionToMusicMapper.h	158	function	trustFrequency
KmiDi_CANON/body/engine/NetworkDynamics.h	22	class	Agent
KmiDi_CANON/body/engine/NetworkDynamics.h	36	class	NetworkDynamics
KmiDi_CANON/body/engine/NetworkDynamics.h	44	function	calculateCoupling
KmiDi_CANON/body/engine/NetworkDynamics.h	54	function	calculateCoherence
KmiDi_CANON/body/engine/NetworkDynamics.h	60	function	calculatePhaseLockingValue
KmiDi_CANON/body/engine/NetworkDynamics.h	69	function	calculateConnectivity
KmiDi_CANON/body/engine/NetworkDynamics.h	79	function	simulateDiffusion
KmiDi_CANON/body/engine/NetworkDynamics.h	91	function	calculatePropagationSpeed
KmiDi_CANON/body/engine/NetworkDynamics.h	100	function	calculateResonanceFrequency
KmiDi_CANON/body/engine/NetworkDynamics.h	109	function	calculateQualityFactor
KmiDi_CANON/body/engine/NetworkDynamics.h	116	function	calculateDistance
KmiDi_CANON/body/engine/NetworkDynamics.h	117	function	calculateAverageVAD
KmiDi_CANON/body/engine/NetworkDynamics.h	118	function	extractPhase
KmiDi_CANON/body/engine/IntentProcessor.h	26	class	Wound
KmiDi_CANON/body/engine/IntentProcessor.h	51	class	RuleBreak
KmiDi_CANON/body/engine/IntentProcessor.h	74	class	EmotionNode
KmiDi_CANON/body/engine/IntentProcessor.h	100	class	IntentResult
KmiDi_CANON/body/engine/IntentProcessor.h	107	function	summary
KmiDi_CANON/body/engine/IntentProcessor.h	124	class	EmotionThesaurus
KmiDi_CANON/body/engine/IntentProcessor.h	167	function	getNearby
KmiDi_CANON/body/engine/IntentProcessor.h	191	function	getByCategory
KmiDi_CANON/body/engine/IntentProcessor.h	201	function	size
KmiDi_CANON/body/engine/IntentProcessor.h	207	function	toLower
KmiDi_CANON/body/engine/IntentProcessor.h	213	function	addNode
KmiDi_CANON/body/engine/IntentProcessor.h	218	function	initializeNodes
KmiDi_CANON/body/engine/IntentProcessor.h	524	class	IntentProcessor
KmiDi_CANON/body/engine/IntentProcessor.h	594	function	emotionToRuleBreaks
KmiDi_CANON/body/engine/IntentProcessor.h	675	function	processIntent
KmiDi_CANON/body/engine/IntentProcessor.h	709	function	clearHistory
KmiDi_CANON/body/engine/IntentProcessor.h	720	function	toLower
KmiDi_CANON/body/engine/IntentProcessor.h	726	function	contains
KmiDi_CANON/body/engine/IntentProcessor.h	730	function	applyRuleBreakToParams
KmiDi_CANON/body/engine/IntentPipeline.cpp	33	function	compileMusicalParams
KmiDi_CANON/body/engine/IntentPipeline.cpp	95	function	compileMusicalParams
KmiDi_CANON/body/engine/IntentPipeline.cpp	201	function	compileToIntentFrame
KmiDi_CANON/body/engine/IntentPipeline.cpp	257	function	compileToIntentFrame
KmiDi_CANON/body/engine/TimeSpacePropagation.h	15	class	FieldSource
KmiDi_CANON/body/engine/TimeSpacePropagation.h	25	class	TimeSpacePropagation
KmiDi_CANON/body/engine/TimeSpacePropagation.h	37	function	evolveField
KmiDi_CANON/body/engine/TimeSpacePropagation.h	48	function	calculateLaplacian
KmiDi_CANON/body/engine/TimeSpacePropagation.h	56	function	calculateSourceTerm
KmiDi_CANON/body/engine/TimeSpacePropagation.h	65	function	setParameters
KmiDi_CANON/body/engine/QuantumVADSystem.h	23	class	QuantumVADSystem
KmiDi_CANON/body/engine/QuantumVADSystem.h	30	class	QuantumProcessingResult
KmiDi_CANON/body/engine/QuantumVADSystem.h	43	function	processEmotionQuantum
KmiDi_CANON/body/engine/QuantumVADSystem.h	52	function	processBiometricsQuantum
KmiDi_CANON/body/engine/QuantumVADSystem.h	60	function	calculateInterference
KmiDi_CANON/body/engine/QuantumVADSystem.h	68	function	createEmotionalEntanglement
KmiDi_CANON/body/engine/QuantumVADSystem.h	76	function	evolveState
KmiDi_CANON/body/engine/QuantumVADSystem.h	84	class	ClassicalMetrics
KmiDi_CANON/body/engine/QuantumVADSystem.h	90	function	calculateClassicalMetrics
KmiDi_CANON/body/engine/QuantumVADSystem.h	112	function	initializeDefaultHamiltonian
KmiDi_CANON/body/engine/EmotionalPotentialEnergy.h	16	class	EmotionalForce
KmiDi_CANON/body/engine/EmotionalPotentialEnergy.h	24	function	magnitude
KmiDi_CANON/body/engine/EmotionalPotentialEnergy.h	34	class	EmotionalPotentialEnergy
KmiDi_CANON/body/engine/EmotionalPotentialEnergy.h	46	function	calculatePotential
KmiDi_CANON/body/engine/EmotionalPotentialEnergy.h	52	function	calculateForce
KmiDi_CANON/body/engine/EmotionalPotentialEnergy.h	57	function	getEquilibrium
KmiDi_CANON/body/engine/EmotionalPotentialEnergy.h	63	function	calculateWork
KmiDi_CANON/body/engine/EmotionalPotentialEnergy.h	68	function	setStiffness
KmiDi_CANON/body/engine/EmotionalPotentialEnergy.h	74	function	getKV
KmiDi_CANON/body/engine/EmotionalPotentialEnergy.h	75	function	getKA
KmiDi_CANON/body/engine/EmotionalPotentialEnergy.h	76	function	getKD
KmiDi_CANON/body/engine/ColorFrequencyMapper.h	19	class	ColorMapping
KmiDi_CANON/body/engine/ColorFrequencyMapper.h	30	class	ColorFrequencyMapper
KmiDi_CANON/body/engine/ColorFrequencyMapper.h	37	function	emotionToColor
KmiDi_CANON/body/engine/ColorFrequencyMapper.h	42	function	emotionNameToColor
KmiDi_CANON/body/engine/ColorFrequencyMapper.h	48	function	valenceToFrequency
KmiDi_CANON/body/engine/ColorFrequencyMapper.h	53	function	wavelengthToRGB
KmiDi_CANON/body/engine/ColorFrequencyMapper.h	58	function	frequencyToWavelength
KmiDi_CANON/body/engine/ColorFrequencyMapper.h	63	function	wavelengthToFrequency
KmiDi_CANON/body/engine/ColorFrequencyMapper.h	68	function	initializeEmotionColors
KmiDi_CANON/body/engine/VADCalculator.h	26	class	VADState
KmiDi_CANON/body/engine/VADCalculator.h	36	function	clamp
KmiDi_CANON/body/engine/VADCalculator.h	43	function	distanceTo
KmiDi_CANON/body/engine/VADCalculator.h	51	function	getIntensity
KmiDi_CANON/body/engine/VADCalculator.h	56	function	toEmotionalState
KmiDi_CANON/body/engine/VADCalculator.h	64	class	VADCalculator
KmiDi_CANON/body/engine/VADCalculator.h	66	function	VADCalculator
KmiDi_CANON/body/engine/VADCalculator.h	74	function	calculateFromEmotionId
KmiDi_CANON/body/engine/VADCalculator.h	79	function	calculateFromEmotion
KmiDi_CANON/body/engine/VADCalculator.h	86	function	calculateFromBiometrics
KmiDi_CANON/body/engine/VADCalculator.h	94	function	blendStates
KmiDi_CANON/body/engine/VADCalculator.h	104	function	applyContextAdjustments
KmiDi_CANON/body/engine/VADCalculator.h	119	function	calculateDominanceFromEmotion
KmiDi_CANON/body/engine/VADCalculator.h	127	function	calculateDominanceFromBiometrics
KmiDi_CANON/body/engine/VADCalculator.h	135	function	smoothMovingAverage
KmiDi_CANON/body/engine/VADCalculator.h	147	function	smoothExponential
KmiDi_CANON/body/engine/VADCalculator.h	159	function	smoothWeighted
KmiDi_CANON/body/engine/VADCalculator.h	172	function	smoothKalman
KmiDi_CANON/body/engine/VADCalculator.h	182	function	isValidEmotionId
KmiDi_CANON/body/engine/VADCalculator.h	187	function	isValidVADState
KmiDi_CANON/body/engine/VADCalculator.h	192	function	normalizeVADState
KmiDi_CANON/body/engine/VADCalculator.h	197	function	calculateFromEmotionName
KmiDi_CANON/body/engine/VADCalculator.h	206	function	interpolate
KmiDi_CANON/body/engine/VADCalculator.h	215	function	calculateRateOfChange
KmiDi_CANON/body/engine/VADCalculator.h	230	function	calculateDominanceFromVA
KmiDi_CANON/body/engine/VADCalculator.h	233	function	getCircadianArousalModifier
KmiDi_CANON/body/engine/VADCalculator.h	234	function	getCircadianValenceModifier
KmiDi_CANON/body/engine/VADCalculator.h	235	function	getCircadianDominanceModifier
KmiDi_CANON/body/engine/VADCalculator.h	236	function	getDayOfWeekModifier
KmiDi_CANON/body/engine/QuantumEmotionalField.cpp	87	function	amplitude
KmiDi_CANON/body/engine/QuantumEmotionalField.cpp	90	function	eState
KmiDi_CANON/body/engine/QuantumEmotionalField.cpp	110	function	crossTerm
KmiDi_CANON/body/engine/QuantumEmotionalField.cpp	176	function	gen
KmiDi_CANON/body/engine/QuantumEmotionalField.cpp	177	function	dis
KmiDi_CANON/body/engine/QuantumEmotionalField.cpp	260	function	sum
KmiDi_CANON/body/engine/QuantumEmotionalField.cpp	283	function	result
KmiDi_CANON/body/engine/TimeSpacePropagation.cpp	128	function	amplitude
KmiDi_CANON/body/engine/TimeSpacePropagation.cpp	129	function	eState
KmiDi_CANON/body/engine/test_kelly.cpp	14	function	printSeparator
KmiDi_CANON/body/engine/test_kelly.cpp	20	function	testEmotionMapper
KmiDi_CANON/body/engine/test_kelly.cpp	51	function	testGrooveEngine
KmiDi_CANON/body/engine/test_kelly.cpp	54	function	engine
KmiDi_CANON/body/engine/test_kelly.cpp	94	function	testIntentProcessor
KmiDi_CANON/body/engine/test_kelly.cpp	134	function	testEmotionThesaurus
KmiDi_CANON/body/engine/test_kelly.cpp	188	function	testMidiGenerator
KmiDi_CANON/body/engine/test_kelly.cpp	191	function	generator
KmiDi_CANON/body/engine/test_kelly.cpp	223	function	testKellyBrain
KmiDi_CANON/body/engine/test_kelly.cpp	226	function	brain
KmiDi_CANON/body/engine/test_kelly.cpp	261	function	testUtilityFunctions
KmiDi_CANON/body/engine/test_kelly.cpp	283	function	main
KmiDi_CANON/body/engine/EmotionMapper.h	36	class	EmotionalState
KmiDi_CANON/body/engine/EmotionMapper.h	43	function	clamp
KmiDi_CANON/body/engine/EmotionMapper.h	50	function	distanceTo
KmiDi_CANON/body/engine/EmotionMapper.h	62	class	MusicalParameters
KmiDi_CANON/body/engine/EmotionMapper.h	101	class	QuadrantMapping
KmiDi_CANON/body/engine/EmotionMapper.h	115	class	EmotionMapper
KmiDi_CANON/body/engine/EmotionMapper.h	125	function	mapToParameters
KmiDi_CANON/body/engine/EmotionMapper.h	251	function	initializeQuadrants
KmiDi_CANON/body/engine/EmotionThesaurus.h	35	class	EmotionThesaurus
KmiDi_CANON/body/engine/EmotionThesaurus.h	44	function	findById
KmiDi_CANON/body/engine/EmotionThesaurus.h	47	function	findByName
KmiDi_CANON/body/engine/EmotionThesaurus.h	50	function	findByCategory
KmiDi_CANON/body/engine/EmotionThesaurus.h	53	function	findNearest
KmiDi_CANON/body/engine/EmotionThesaurus.h	56	function	findNearestVAD
KmiDi_CANON/body/engine/EmotionThesaurus.h	59	function	findRelated
KmiDi_CANON/body/engine/EmotionThesaurus.h	66	function	all
KmiDi_CANON/body/engine/EmotionThesaurus.h	67	function	lock
KmiDi_CANON/body/engine/EmotionThesaurus.h	72	function	size
KmiDi_CANON/body/engine/EmotionThesaurus.h	73	function	lock
KmiDi_CANON/body/engine/EmotionThesaurus.h	82	function	suggestMode
KmiDi_CANON/body/engine/EmotionThesaurus.h	85	function	suggestTempoModifier
KmiDi_CANON/body/engine/EmotionThesaurus.h	88	function	suggestDynamicRange
KmiDi_CANON/body/engine/EmotionThesaurus.h	95	function	addNode
KmiDi_CANON/body/engine/EmotionThesaurus.h	98	function	addSynonym
KmiDi_CANON/body/engine/EmotionThesaurus.h	105	function	initializeThesaurus
KmiDi_CANON/body/engine/EmotionThesaurus.h	108	function	distance
KmiDi_CANON/body/engine/EmotionThesaurus.h	109	function	distanceVAD
KmiDi_CANON/body/engine/Kelly.h	29	class	KellyBrain
KmiDi_CANON/body/engine/Kelly.h	43	function	processWound
KmiDi_CANON/body/engine/Kelly.h	64	function	generateMidi
KmiDi_CANON/body/engine/Kelly.h	95	function	generateFromVAI
KmiDi_CANON/body/engine/Kelly.h	125	function	getEmotionsByCategory
KmiDi_CANON/body/engine/Kelly.h	132	function	getGrooveTemplates
KmiDi_CANON/body/engine/Kelly.h	144	function	tempo
KmiDi_CANON/body/engine/Kelly.h	145	function	setTempo
KmiDi_CANON/body/engine/Kelly.h	147	function	clearHistory
KmiDi_CANON/body/engine/Kelly.h	163	function	processEmotionWithVAD
KmiDi_CANON/body/engine/Kelly.h	177	function	processBiometricsWithVAD
KmiDi_CANON/body/engine/Kelly.h	192	function	processBlendedVAD
KmiDi_CANON/body/engine/Kelly.h	204	function	getVADTrends
KmiDi_CANON/body/engine/Kelly.h	211	function	getResonance
KmiDi_CANON/body/engine/Kelly.h	218	function	setContextAware
KmiDi_CANON/body/engine/Kelly.h	225	function	setCurrentTime
KmiDi_CANON/body/engine/Kelly.h	232	function	getSmoothedVAD
KmiDi_CANON/body/engine/Kelly.h	255	function	midiNoteToName
KmiDi_CANON/body/engine/Kelly.h	265	function	noteNameToMidi
KmiDi_CANON/body/engine/Kelly.h	295	function	ticksToMs
KmiDi_CANON/body/engine/Kelly.h	304	function	msToTicks
KmiDi_CANON/body/engine/Kelly.h	313	function	categoryToString
KmiDi_CANON/body/engine/Kelly.h	331	function	timingFeelToString
KmiDi_CANON/body/engine/Kelly.h	345	function	ruleBreakTypeToString
KmiDi_CANON/body/engine/IntentPipeline.h	40	class	IntentPipeline
KmiDi_CANON/body/engine/IntentPipeline.h	53	function	process
KmiDi_CANON/body/engine/IntentPipeline.h	66	function	processJourney
KmiDi_CANON/body/engine/IntentPipeline.h	78	function	processToIntentFrame
KmiDi_CANON/body/engine/IntentPipeline.h	88	function	processJourneyToIntentFrame
KmiDi_CANON/body/engine/IntentPipeline.h	107	function	compileMusicalParams
KmiDi_CANON/body/engine/IntentPipeline.h	114	function	compileToIntentFrame
KmiDi_CANON/body/engine/PredictiveTrendAnalyzer.cpp	140	function	VADState
KmiDi_CANON/body/engine/PredictiveTrendAnalyzer.cpp	209	function	rates
KmiDi_CANON/body/engine/ParameterMorphEngine.h	35	class	ParameterMorphEngine
KmiDi_CANON/body/engine/ParameterMorphEngine.h	46	function	morphParameter
KmiDi_CANON/body/engine/ParameterMorphEngine.h	53	function	morphParameters
KmiDi_CANON/body/engine/ParameterMorphEngine.h	60	function	getCurrentValue
KmiDi_CANON/body/engine/ParameterMorphEngine.h	65	function	isMorphing
KmiDi_CANON/body/engine/ParameterMorphEngine.h	70	function	stopMorph
KmiDi_CANON/body/engine/ParameterMorphEngine.h	75	function	stopAllMorphs
KmiDi_CANON/body/engine/ParameterMorphEngine.h	87	function	setCurveType
KmiDi_CANON/body/engine/ParameterMorphEngine.h	88	function	getCurveType
KmiDi_CANON/body/engine/ParameterMorphEngine.h	102	function	timerCallback
KmiDi_CANON/body/engine/ParameterMorphEngine.h	105	class	MorphState
KmiDi_CANON/body/engine/ParameterMorphEngine.h	118	function	interpolate
KmiDi_CANON/body/engine/ParameterMorphEngine.h	119	function	applyCurve
KmiDi_CANON/body/engine/EmotionToMusicMapper.cpp	45	function	joyFrequency
KmiDi_CANON/body/engine/EmotionToMusicMapper.cpp	47	function	sadnessFrequency
KmiDi_CANON/body/engine/EmotionToMusicMapper.cpp	49	function	fearFrequency
KmiDi_CANON/body/engine/EmotionToMusicMapper.cpp	51	function	angerFrequency
KmiDi_CANON/body/engine/EmotionToMusicMapper.cpp	53	function	trustFrequency
KmiDi_CANON/body/engine/EmotionToMusicMapper.cpp	57	function	vadToFrequency
KmiDi_CANON/body/engine/EmotionToMusicMapper.cpp	173	function	vadToVoice
KmiDi_CANON/body/engine/EmotionToMusicMapper.cpp	254	function	sum
KmiDi_CANON/body/engine/EmotionToMusicMapper.cpp	256	function	term
KmiDi_CANON/body/engine/EmotionThesaurusLoader.cpp	177	function	loadFromJsonFile
KmiDi_CANON/body/engine/HybridCoupling.h	20	class	HybridCoupling
KmiDi_CANON/body/engine/HybridCoupling.h	28	function	createHybridState
KmiDi_CANON/body/engine/HybridCoupling.h	37	function	calculateCrossInfluence
KmiDi_CANON/body/engine/HybridCoupling.h	45	function	calculateCoherence
KmiDi_CANON/body/engine/HybridCoupling.h	53	function	setParameters
KmiDi_CANON/body/engine/HybridCoupling.h	60	function	getAlpha
KmiDi_CANON/body/engine/HybridCoupling.h	61	function	getBeta
KmiDi_CANON/body/engine/HybridCoupling.h	62	function	getKappa
KmiDi_CANON/body/engine/HybridCoupling.h	67	function	normalizeWeights
KmiDi_CANON/body/engine/UnifiedFieldEnergy.cpp	36	function	neighbors
KmiDi_CANON/body/engine/EmotionThesaurus.cpp	37	function	lock
KmiDi_CANON/body/engine/EmotionThesaurus.cpp	45	function	lock
KmiDi_CANON/body/engine/EmotionThesaurus.cpp	162	function	lock
KmiDi_CANON/body/engine/EmotionThesaurus.cpp	171	function	lock
KmiDi_CANON/body/engine/EmotionThesaurus.cpp	186	function	lock
KmiDi_CANON/body/engine/EmotionThesaurus.cpp	211	function	lock
KmiDi_CANON/body/engine/EmotionThesaurus.cpp	249	function	lock
KmiDi_CANON/body/engine/EmotionThesaurus.cpp	278	function	lock
KmiDi_CANON/body/engine/HybridCoupling.cpp	58	function	eState
KmiDi_CANON/body/engine/HybridCoupling.cpp	67	function	sum
KmiDi_CANON/body/engine/HybridCoupling.cpp	89	function	innerProduct
KmiDi_CANON/body/engine/HybridCoupling.cpp	111	function	overlap
KmiDi_CANON/body/engine/RuleBreakEngine.h	31	class	RuleBreakEngine
KmiDi_CANON/body/engine/RuleBreakEngine.h	44	function	generateRuleBreaks
KmiDi_CANON/body/engine/RuleBreakEngine.h	54	function	generateJourneyRuleBreaks
KmiDi_CANON/body/engine/RuleBreakEngine.h	64	function	calculateSeverity
KmiDi_CANON/body/engine/RuleBreakEngine.h	70	function	addHarmonyRuleBreaks
KmiDi_CANON/body/engine/RuleBreakEngine.h	76	function	addRhythmRuleBreaks
KmiDi_CANON/body/engine/RuleBreakEngine.h	82	function	addDynamicsRuleBreaks
KmiDi_CANON/body/engine/RuleBreakEngine.h	89	function	addVoiceLeadingRuleBreaks
KmiDi_CANON/body/engine/RuleBreakEngine.h	96	function	addTextureRuleBreaks
KmiDi_CANON/body/engine/RuleBreakEngine.h	103	function	addStructureRuleBreaks
KmiDi_CANON/body/engine/RuleBreakEngine.h	110	function	addRangeRuleBreaks
KmiDi_CANON/body/engine/RuleBreakEngine.h	116	function	addCategorySpecificRuleBreaks
KmiDi_CANON/body/dsp/filters.cpp	15	class	OnePoleLP
KmiDi_CANON/body/dsp/filters.cpp	17	function	OnePoleLP
KmiDi_CANON/body/dsp/filters.cpp	21	function	setCutoff
KmiDi_CANON/body/dsp/filters.cpp	26	function	process
KmiDi_CANON/body/dsp/filters.cpp	31	function	reset
KmiDi_CANON/body/dsp/filters.cpp	40	class	Biquad
KmiDi_CANON/body/dsp/filters.cpp	46	function	setCoefficients
KmiDi_CANON/body/dsp/filters.cpp	51	function	setLowPass
KmiDi_CANON/body/dsp/filters.cpp	66	function	process
KmiDi_CANON/body/dsp/filters.cpp	74	function	reset
KmiDi_CANON/body/dsp/simd_ops.cpp	18	function	multiplyAdd
KmiDi_CANON/body/dsp/simd_ops.cpp	45	function	scale
KmiDi_CANON/body/dsp/simd_ops.cpp	67	function	add
KmiDi_CANON/body/dsp/audio_buffer.cpp	13	class	AudioBuffer
KmiDi_CANON/body/dsp/audio_buffer.cpp	31	function	clear
KmiDi_CANON/body/dsp/audio_buffer.cpp	35	function	getNumChannels
KmiDi_CANON/body/dsp/audio_buffer.cpp	36	function	getNumSamples
KmiDi_CANON/body/prrot/InputValidation.h	20	class	ValidationIssue
KmiDi_CANON/body/prrot/InputValidation.h	32	class	InputValidation
KmiDi_CANON/body/prrot/InputValidation.h	36	function	addError
KmiDi_CANON/body/prrot/InputValidation.h	40	function	addWarning
KmiDi_CANON/body/prrot/InputValidation.h	44	function	isValid
KmiDi_CANON/body/prrot/InputValidation.h	53	function	hasErrors
KmiDi_CANON/body/prrot/InputValidation.h	62	function	hasWarnings
KmiDi_CANON/body/prrot/InputValidation.h	75	function	errorMessage
KmiDi_CANON/body/prrot/InputValidation.h	86	function	warningMessage
KmiDi_CANON/body/prrot/InputValidation.h	97	function	fullReport
KmiDi_CANON/body/prrot/InputValidation.h	115	function	validateAudioInput
KmiDi_CANON/body/prrot/InputValidation.h	124	function	validateSampleCount
KmiDi_CANON/body/prrot/InputValidation.h	129	function	validateSampleRate
KmiDi_CANON/body/prrot/InputValidation.h	134	function	validatePointer
KmiDi_CANON/body/prrot/PhonemeControlData.cpp	86	function	midiNoteToFrequency
KmiDi_CANON/body/prrot/PhonemeControlData.cpp	92	function	frequencyToMidiNote
KmiDi_CANON/body/prrot/PhonemeControlData.cpp	110	function	msToSamples
KmiDi_CANON/body/prrot/PhonemeControlData.cpp	114	function	samplesToMs
KmiDi_CANON/body/prrot/PhonemeSegmenter.h	30	class	RTMemoryPool
KmiDi_CANON/body/prrot/PhonemeSegmenter.h	47	class	PhonemeSegmenter
KmiDi_CANON/body/prrot/PhonemeSegmenter.h	54	function	initialize
KmiDi_CANON/body/prrot/PhonemeSegmenter.h	59	class	SegmentResult
KmiDi_CANON/body/prrot/PhonemeSegmenter.h	67	function	segment
KmiDi_CANON/body/prrot/PhonemeSegmenter.h	74	function	classifyPhoneme
KmiDi_CANON/body/prrot/PhonemeSegmenter.h	81	class	OnsetOffset
KmiDi_CANON/body/prrot/PhonemeSegmenter.h	89	function	detectOnsetOffset
KmiDi_CANON/body/prrot/PhonemeSegmenter.h	101	class	FFTImpl
KmiDi_CANON/body/prrot/PhonemeSegmenter.h	114	function	detectEnergyOnset
KmiDi_CANON/body/prrot/PhonemeSegmenter.h	115	function	detectEnergyOffset
KmiDi_CANON/body/prrot/PhonemeSegmenter.h	118	function	computeSpectralCentroid
KmiDi_CANON/body/prrot/PhonemeSegmenter.h	119	function	computeSpectralRolloff
KmiDi_CANON/body/prrot/PhonemeSegmenter.h	120	function	computeZeroCrossingRate
KmiDi_CANON/body/prrot/PhonemeSegmenter.h	123	function	classifyByFeatures
KmiDi_CANON/body/prrot/PhonemeSegmenter.h	131	function	isVowelLike
KmiDi_CANON/body/prrot/PhonemeSegmenter.h	132	function	isConsonantLike
KmiDi_CANON/body/prrot/PhonemeSegmenter.h	135	function	computeFFT
KmiDi_CANON/body/prrot/PhonemeSegmenter.h	136	function	computeMagnitudeSpectrum
KmiDi_CANON/body/prrot/PhonemeSegmenter.h	139	function	computeAdaptiveEnergyThreshold
KmiDi_CANON/body/prrot/PhonemeSegmenter.h	145	function	calculateSegmentationConfidence
KmiDi_CANON/body/prrot/PhonemeSegmenter.h	153	function	validateSegmentation
KmiDi_CANON/body/prrot/SpectralAnalyzer.h	27	class	SpectralAnalyzer
KmiDi_CANON/body/prrot/SpectralAnalyzer.h	33	function	computeMagnitudeSpectrum
KmiDi_CANON/body/prrot/SpectralAnalyzer.h	41	class	FormantFrequencies
KmiDi_CANON/body/prrot/SpectralAnalyzer.h	50	function	extractFormants
KmiDi_CANON/body/prrot/SpectralAnalyzer.h	57	function	computeSpectralCentroid
KmiDi_CANON/body/prrot/SpectralAnalyzer.h	64	function	computeSpectralRolloff
KmiDi_CANON/body/prrot/SpectralAnalyzer.h	71	function	computeSpectralFlux
KmiDi_CANON/body/prrot/SpectralAnalyzer.h	86	class	FFTImpl
KmiDi_CANON/body/prrot/SpectralAnalyzer.h	90	function	computeFFT
KmiDi_CANON/body/prrot/PhonemeControlData.h	29	class	PhonemeTiming
KmiDi_CANON/body/prrot/PhonemeControlData.h	47	class	PitchTarget
KmiDi_CANON/body/prrot/PhonemeControlData.h	58	class	VibratoParameters
KmiDi_CANON/body/prrot/PhonemeControlData.h	71	class	BreathMarker
KmiDi_CANON/body/prrot/PhonemeControlData.h	81	class	MidiNote
KmiDi_CANON/body/prrot/PhonemeControlData.h	97	class	AutomationPoint
KmiDi_CANON/body/prrot/PhonemeControlData.h	117	class	AutomationEnvelope
KmiDi_CANON/body/prrot/PhonemeControlData.h	128	function	getValueAt
KmiDi_CANON/body/prrot/PhonemeControlData.h	129	function	addPoint
KmiDi_CANON/body/prrot/PhonemeControlData.h	130	function	normalize
KmiDi_CANON/body/prrot/PhonemeControlData.h	137	class	ArticulationEnvelope
KmiDi_CANON/body/prrot/PhonemeControlData.h	179	class	PhonemeControlData
KmiDi_CANON/body/prrot/PhonemeControlData.h	209	function	total_duration_ms
KmiDi_CANON/body/prrot/PhonemeControlData.h	218	function	getVibratoAt
KmiDi_CANON/body/prrot/PhonemeControlData.h	234	function	getAutomationValue
KmiDi_CANON/body/prrot/PhonemeControlData.h	244	function	isValid
KmiDi_CANON/body/prrot/PhonemeControlData.h	254	function	midiNoteToFrequency
KmiDi_CANON/body/prrot/PhonemeControlData.h	257	function	frequencyToMidiNote
KmiDi_CANON/body/prrot/PhonemeControlData.h	260	function	msToSamples
KmiDi_CANON/body/prrot/PhonemeControlData.h	263	function	samplesToMs
KmiDi_CANON/body/prrot/PhonemeSegmenter.cpp	14	class	PhonemeSegmenter
KmiDi_CANON/body/prrot/PhonemeSegmenter.cpp	195	function	classifyByFeatures
KmiDi_CANON/body/prrot/PhonemeSegmenter.cpp	567	function	fft_data
KmiDi_CANON/body/prrot/EnvelopeGenerator.h	25	class	EnvelopeGenerator
KmiDi_CANON/body/prrot/EnvelopeGenerator.h	31	function	generateArticulationEnvelope
KmiDi_CANON/body/prrot/EnvelopeGenerator.h	39	function	generateADSR
KmiDi_CANON/body/prrot/EnvelopeGenerator.h	50	function	generateExponential
KmiDi_CANON/body/prrot/EnvelopeGenerator.h	60	function	generateLinear
KmiDi_CANON/body/prrot/EnvelopeGenerator.h	73	function	interpolateValue
KmiDi_CANON/body/prrot/ProcessingError.h	60	class	ErrorInfo
KmiDi_CANON/body/prrot/ProcessingError.h	70	function	toString
KmiDi_CANON/body/prrot/MidiShaper.h	22	class	MidiShaper
KmiDi_CANON/body/prrot/MidiShaper.h	28	function	shapeMidiNotes
KmiDi_CANON/body/prrot/MidiShaper.h	36	function	computeVelocity
KmiDi_CANON/body/prrot/MidiShaper.h	43	class	NoteProbability
KmiDi_CANON/body/prrot/MidiShaper.h	48	function	computeNoteProbabilities
KmiDi_CANON/body/prrot/MidiShaper.h	55	function	getPhonemeDurationMultiplier
KmiDi_CANON/body/prrot/BreathDetector.h	22	class	BreathDetector
KmiDi_CANON/body/prrot/BreathDetector.h	28	class	BreathMarker
KmiDi_CANON/body/prrot/BreathDetector.h	36	function	detectBreath
KmiDi_CANON/body/prrot/BreathDetector.h	43	function	estimateNoiseFloor
KmiDi_CANON/body/prrot/BreathDetector.h	49	function	estimateBreathWeight
KmiDi_CANON/body/prrot/BreathDetector.h	60	function	computeEnergy
KmiDi_CANON/body/prrot/BreathDetector.h	61	function	computeHighFrequencyEnergy
KmiDi_CANON/body/prrot/ArticulationAnalyzer.h	25	class	ArticulationAnalyzer
KmiDi_CANON/body/prrot/ArticulationAnalyzer.h	37	function	classifyArticulation
KmiDi_CANON/body/prrot/ArticulationAnalyzer.h	40	class	OnsetInfo
KmiDi_CANON/body/prrot/ArticulationAnalyzer.h	47	function	detectOnset
KmiDi_CANON/body/prrot/ArticulationAnalyzer.h	54	class	OffsetInfo
KmiDi_CANON/body/prrot/ArticulationAnalyzer.h	61	function	detectOffset
KmiDi_CANON/body/prrot/ArticulationAnalyzer.h	68	class	ArticulationShape
KmiDi_CANON/body/prrot/ArticulationAnalyzer.h	76	function	analyzeArticulationShape
KmiDi_CANON/body/prrot/ArticulationAnalyzer.h	90	function	computeEnergy
KmiDi_CANON/body/prrot/ArticulationAnalyzer.h	91	function	computeDerivative
KmiDi_CANON/body/prrot/ArticulationAnalyzer.h	92	function	findPeak
KmiDi_CANON/body/prrot/VoiceProfile.h	55	class	PhonemeDurationStats
KmiDi_CANON/body/prrot/VoiceProfile.h	67	class	VowelSustainCharacteristics
KmiDi_CANON/body/prrot/VoiceProfile.h	77	class	ConsonantProfile
KmiDi_CANON/body/prrot/VoiceProfile.h	88	class	TransitionStats
KmiDi_CANON/body/prrot/VoiceProfile.h	99	class	VibratoCharacteristics
KmiDi_CANON/body/prrot/VoiceProfile.h	112	class	PitchStabilityProfile
KmiDi_CANON/body/prrot/VoiceProfile.h	122	class	ArticulationVariance
KmiDi_CANON/body/prrot/VoiceProfile.h	133	class	ProminenceCharacteristics
KmiDi_CANON/body/prrot/VoiceProfile.h	143	class	BreathNoiseCharacteristics
KmiDi_CANON/body/prrot/VoiceProfile.h	156	class	PhonemeBiasTable
KmiDi_CANON/body/prrot/VoiceProfile.h	163	function	getBias
KmiDi_CANON/body/prrot/VoiceProfile.h	170	function	setBias
KmiDi_CANON/body/prrot/VoiceProfile.h	190	class	VoiceProfile
KmiDi_CANON/body/prrot/VoiceProfile.h	235	function	isValid
KmiDi_CANON/body/prrot/VoiceProfile.h	240	function	getPhonemeDuration
KmiDi_CANON/body/prrot/VoiceProfile.h	249	function	getConsonantProfile
KmiDi_CANON/body/prrot/VoiceProfile.h	258	function	getTransition
KmiDi_CANON/body/prrot/VoiceProfile.h	276	function	stringToPhonemeType
KmiDi_CANON/body/prrot/VoiceProfile.h	279	function	isVowel
KmiDi_CANON/body/prrot/VoiceProfile.h	282	function	isConsonant
KmiDi_CANON/body/prrot/AudioValidator.cpp	240	function	linearToDb
KmiDi_CANON/body/prrot/SpectralAnalyzer.cpp	14	class	SpectralAnalyzer
KmiDi_CANON/body/prrot/SpectralAnalyzer.cpp	320	function	fft_data
KmiDi_CANON/body/prrot/PitchTracker.h	20	class	PitchTarget
KmiDi_CANON/body/prrot/PitchTracker.h	37	class	PitchTracker
KmiDi_CANON/body/prrot/PitchTracker.h	45	class	PitchResult
KmiDi_CANON/body/prrot/PitchTracker.h	62	function	trackPitch
KmiDi_CANON/body/prrot/PitchTracker.h	78	function	trackPitchSequence
KmiDi_CANON/body/prrot/PitchTracker.h	94	function	autocorrelationPitch
KmiDi_CANON/body/prrot/PitchTracker.h	104	function	fftPitch
KmiDi_CANON/body/prrot/PitchTracker.h	113	function	frequencyToMidi
KmiDi_CANON/body/prrot/PitchTracker.h	118	function	midiToFrequency
KmiDi_CANON/body/prrot/PitchTracker.h	123	function	frequencyToCents
KmiDi_CANON/body/prrot/PitchTracker.h	128	function	calculateConfidence
KmiDi_CANON/body/prrot/PitchTracker.h	138	function	applyWindow
KmiDi_CANON/body/prrot/PitchTracker.h	147	function	normalizeAutocorrelation
KmiDi_CANON/body/prrot/PitchTracker.h	155	function	validatePitchResult
KmiDi_CANON/body/prrot/VoiceProfile.cpp	67	function	stringToPhonemeType
KmiDi_CANON/body/prrot/VoiceProfile.cpp	122	function	isVowel
KmiDi_CANON/body/prrot/VoiceProfile.cpp	126	function	isConsonant
KmiDi_CANON/body/prrot/PRROTEngine.h	41	class	PRROTEngine
KmiDi_CANON/body/prrot/PRROTEngine.h	47	function	initialize
KmiDi_CANON/body/prrot/PRROTEngine.h	50	function	loadVoiceProfile
KmiDi_CANON/body/prrot/PRROTEngine.h	57	function	processAudioSegment
KmiDi_CANON/body/prrot/PRROTEngine.h	66	function	generateControlData
KmiDi_CANON/body/prrot/PRROTEngine.h	74	function	analyzePhonemes
KmiDi_CANON/body/prrot/PRROTEngine.h	82	function	detectBreathMarkers
KmiDi_CANON/body/prrot/PRROTEngine.h	105	function	generateArticulationEnvelopes
KmiDi_CANON/body/prrot/PRROTEngine.h	110	function	generateAutomationEnvelopes
KmiDi_CANON/body/prrot/PRROTEngine.h	118	function	estimatePitchFromPhoneme
KmiDi_CANON/body/prrot/InputValidation.cpp	15	function	validatePointer
KmiDi_CANON/body/prrot/InputValidation.cpp	28	function	validateSampleCount
KmiDi_CANON/body/prrot/InputValidation.cpp	58	function	validateSampleRate
KmiDi_CANON/body/prrot/InputValidation.cpp	88	function	validateAudioInput
KmiDi_CANON/body/prrot/PitchTracker.cpp	261	function	autocorrelationPitch
KmiDi_CANON/body/prrot/VarianceModeler.h	21	class	VarianceModeler
KmiDi_CANON/body/prrot/VarianceModeler.h	27	function	modelVariance
KmiDi_CANON/body/prrot/VarianceModeler.h	33	class	ProminenceCurve
KmiDi_CANON/body/prrot/VarianceModeler.h	38	function	generateProminenceCurve
KmiDi_CANON/body/prrot/VarianceModeler.h	45	function	computeConsistencyScore
KmiDi_CANON/body/prrot/VarianceModeler.h	52	function	getPhonemeVariance
KmiDi_CANON/body/prrot/AudioValidator.h	27	class	AudioValidator
KmiDi_CANON/body/prrot/AudioValidator.h	35	class	ValidationResult
KmiDi_CANON/body/prrot/AudioValidator.h	52	function	quality_score
KmiDi_CANON/body/prrot/AudioValidator.h	102	function	validate
KmiDi_CANON/body/prrot/AudioValidator.h	112	function	detectSilence
KmiDi_CANON/body/prrot/AudioValidator.h	121	function	detectClipping
KmiDi_CANON/body/prrot/AudioValidator.h	130	function	estimateNoiseFloor
KmiDi_CANON/body/prrot/AudioValidator.h	138	function	computeSignalLevel
KmiDi_CANON/body/prrot/AudioValidator.h	146	function	computeSNR
KmiDi_CANON/body/prrot/AudioValidator.h	155	function	linearToDb
KmiDi_CANON/body/prrot/AudioValidator.h	160	function	dbToLinear
KmiDi_CANON/body/prrot/AudioValidator.h	165	function	calculateDCOffset
KmiDi_CANON/body/plugin/vst3/PluginProcessor.cpp	71	function	DAiWPluginEditor
KmiDi_CANON/body/plugin/vst3/PluginProcessor.cpp	86	function	DAiWPluginProcessor
KmiDi_CANON/body/core/intent_ir/IntentFrame.h	22	class	IntentMeta
KmiDi_CANON/body/core/intent_ir/IntentFrame.h	23	class	EmotionState
KmiDi_CANON/body/core/intent_ir/IntentFrame.h	24	class	MusicalIntent
KmiDi_CANON/body/core/intent_ir/IntentFrame.h	25	class	TimeScope
KmiDi_CANON/body/core/intent_ir/IntentFrame.h	26	class	IntentConstraints
KmiDi_CANON/body/core/intent_ir/IntentFrame.h	27	class	IntentProvenance
KmiDi_CANON/body/core/intent_ir/IntentFrame.h	28	class	IntentFrame
KmiDi_CANON/body/core/intent_ir/IntentFrame.h	34	class	IntentMeta
KmiDi_CANON/body/core/intent_ir/IntentFrame.h	44	class	EmotionState
KmiDi_CANON/body/core/intent_ir/IntentFrame.h	57	class	MusicalIntent
KmiDi_CANON/body/core/intent_ir/IntentFrame.h	74	class	TimeScope
KmiDi_CANON/body/core/intent_ir/IntentFrame.h	85	class	IntentConstraints
KmiDi_CANON/body/core/intent_ir/IntentFrame.h	109	class	IntentProvenance
KmiDi_CANON/body/core/intent_ir/IntentFrame.h	118	class	IntentFrame
KmiDi_CANON/body/core/intent_ir/IntentFrame.h	133	class	IntentFrameSnapshot
KmiDi_CANON/body/core/intent_ir/IntentFrame.h	136	function	IntentFrameSnapshot
KmiDi_CANON/body/core/intent_ir/IntentFrame.h	150	function	update
KmiDi_CANON/body/core/intent_ir/IntentFrame.h	153	function	isValid
KmiDi_CANON/body/core/intent_ir/IntentFrame.h	165	function	getVAD
KmiDi_CANON/body/core/intent_ir/IntentFrame.h	172	function	hasDiscreteEmotion
KmiDi_CANON/body/core/intent_ir/IntentFrame.h	177	function	isImmediate
KmiDi_CANON/body/core/intent_ir/IntentFrame.h	182	function	isOpenEnded
KmiDi_CANON/body/core/intent_ir/IntentFrame.h	187	function	isEngineAllowed
KmiDi_CANON/body/core/intent_ir/Assertions.h	34	function	assertIRValid
KmiDi_CANON/body/core/intent_ir/Assertions.h	66	function	assertAudioThreadSafe
KmiDi_CANON/body/core/intent_ir/Assertions.h	79	function	assertNoBlockingOnAudioThread
KmiDi_CANON/body/core/intent_ir/Assertions.h	87	function	assertProvenanceValid
KmiDi_CANON/body/core/intent_ir/EngineContract.h	34	class	EngineContract
KmiDi_CANON/body/core/intent_ir/EngineContract.h	75	function	shouldEngineProcess
KmiDi_CANON/body/core/intent_ir/EngineContract.h	77	function	isEngineAllowed
KmiDi_CANON/body/core/intent_ir/IntentFrameAdapter.h	21	function	emotionToVAD
KmiDi_CANON/body/core/intent_ir/IntentFrameAdapter.h	32	function	emotionToNode
KmiDi_CANON/body/core/intent_ir/IntentFrameAdapter.h	51	function	musicToParams
KmiDi_CANON/body/core/intent_ir/IntentFrameAdapter.h	80	function	frameToIntentResult
KmiDi_CANON/body/ui/theory/VirtualKeyboard.h	32	class	VirtualKeyboard
KmiDi_CANON/body/ui/theory/VirtualKeyboard.h	37	function	paint
KmiDi_CANON/body/ui/theory/VirtualKeyboard.h	38	function	resized
KmiDi_CANON/body/ui/theory/VirtualKeyboard.h	39	function	mouseDown
KmiDi_CANON/body/ui/theory/VirtualKeyboard.h	40	function	mouseUp
KmiDi_CANON/body/ui/theory/VirtualKeyboard.h	45	function	highlightNotes
KmiDi_CANON/body/ui/theory/VirtualKeyboard.h	50	function	clearHighlights
KmiDi_CANON/body/ui/theory/VirtualKeyboard.h	55	function	setRange
KmiDi_CANON/body/ui/theory/VirtualKeyboard.h	67	class	Key
KmiDi_CANON/body/ui/theory/VirtualKeyboard.h	75	function	setupKeys
KmiDi_CANON/body/ui/theory/VirtualKeyboard.h	76	function	getMidiNoteAtPoint
KmiDi_CANON/body/ui/theory/VirtualKeyboard.h	77	function	drawKey
KmiDi_CANON/body/ui/theory/VirtualKeyboard.h	78	function	getKeyBounds
KmiDi_CANON/body/ui/theory/LearningPanel.h	34	class	LearningPanel
KmiDi_CANON/body/ui/theory/LearningPanel.h	36	function	LearningPanel
KmiDi_CANON/body/ui/theory/LearningPanel.h	39	function	paint
KmiDi_CANON/body/ui/theory/LearningPanel.h	40	function	resized
KmiDi_CANON/body/ui/theory/LearningPanel.h	45	function	displayConcept
KmiDi_CANON/body/ui/theory/LearningPanel.h	50	function	displayExplanation
KmiDi_CANON/body/ui/theory/LearningPanel.h	55	function	setMusicTheoryBrain
KmiDi_CANON/body/ui/theory/LearningPanel.h	60	function	setExplanationStyle
KmiDi_CANON/body/ui/theory/LearningPanel.h	85	function	setupComponents
KmiDi_CANON/body/ui/theory/LearningPanel.h	86	function	loadExplanation
KmiDi_CANON/body/ui/theory/LearningPanel.h	87	function	updateExplanationDisplay
KmiDi_CANON/body/ui/theory/LearningPanel.h	88	function	playCurrentConceptExample
KmiDi_CANON/body/ui/theory/LearningPanel.h	89	function	stopExamplePlayback
KmiDi_CANON/body/ui/theory/LearningPanel.h	90	function	loadNextExercise
KmiDi_CANON/body/ui/theory/LearningPanel.h	91	function	displayExercise
KmiDi_CANON/body/ui/theory/LearningPanel.h	92	function	ensureMidiOutputReady
KmiDi_CANON/body/ui/theory/LearningPanel.h	93	function	buildExampleNotes
KmiDi_CANON/body/ui/theory/ConceptBrowser.h	32	class	ConceptBrowser
KmiDi_CANON/body/ui/theory/ConceptBrowser.h	34	function	ConceptBrowser
KmiDi_CANON/body/ui/theory/ConceptBrowser.h	37	function	paint
KmiDi_CANON/body/ui/theory/ConceptBrowser.h	38	function	resized
KmiDi_CANON/body/ui/theory/ConceptBrowser.h	43	function	setMusicTheoryBrain
KmiDi_CANON/body/ui/theory/ConceptBrowser.h	48	function	refreshConcepts
KmiDi_CANON/body/ui/theory/ConceptBrowser.h	53	function	searchConcepts
KmiDi_CANON/body/ui/theory/ConceptBrowser.h	70	class	ConceptItem
KmiDi_CANON/body/ui/theory/ConceptBrowser.h	80	class	ConceptListModel
KmiDi_CANON/body/ui/theory/ConceptBrowser.h	84	function	getNumRows
KmiDi_CANON/body/ui/theory/ConceptBrowser.h	88	function	paintListBoxItem
KmiDi_CANON/body/ui/theory/ConceptBrowser.h	108	function	listBoxItemClicked
KmiDi_CANON/body/ui/theory/ConceptBrowser.h	120	function	setupComponents
KmiDi_CANON/body/ui/theory/ConceptBrowser.h	121	function	loadConceptsFromGraph
KmiDi_CANON/body/ui/theory/ConceptBrowser.h	122	function	selectConcept
KmiDi_CANON/body/ui/theory/ConceptBrowser.h	123	function	updateConceptDetails
KmiDi_CANON/body/ui/theory/MusicTheoryWorkstation.h	38	class	MusicTheoryWorkstation
KmiDi_CANON/body/ui/theory/MusicTheoryWorkstation.h	40	function	MusicTheoryWorkstation
KmiDi_CANON/body/ui/theory/MusicTheoryWorkstation.h	43	function	paint
KmiDi_CANON/body/ui/theory/MusicTheoryWorkstation.h	44	function	resized
KmiDi_CANON/body/ui/theory/MusicTheoryWorkstation.h	49	function	analyzeMIDI
KmiDi_CANON/body/ui/theory/MusicTheoryWorkstation.h	54	function	showConcept
KmiDi_CANON/body/ui/theory/MusicTheoryWorkstation.h	59	function	startPracticeSession
KmiDi_CANON/body/ui/theory/MusicTheoryWorkstation.h	64	function	displayExplanation
KmiDi_CANON/body/ui/theory/MusicTheoryWorkstation.h	76	function	setMusicTheoryBrain
KmiDi_CANON/body/ui/theory/MusicTheoryWorkstation.h	105	function	setupTabs
KmiDi_CANON/body/ui/theory/MusicTheoryWorkstation.h	106	function	setupAnalysisPanel
KmiDi_CANON/body/ui/theory/MusicTheoryWorkstation.h	107	function	setupPracticePanel
KmiDi_CANON/body/ui/theory/ConceptBrowser.cpp	134	function	name
KmiDi_CANON/body/ui/theory/ConceptBrowser.cpp	135	function	category
KmiDi_CANON/body/music_theory/core/CoreTheoryEngine.h	26	class	CoreTheoryEngine
KmiDi_CANON/body/music_theory/core/CoreTheoryEngine.h	47	function	calculateInterval
KmiDi_CANON/body/music_theory/core/CoreTheoryEngine.h	53	function	calculateInterval
KmiDi_CANON/body/music_theory/core/CoreTheoryEngine.h	63	function	getFrequencyRatio
KmiDi_CANON/body/music_theory/core/CoreTheoryEngine.h	73	function	calculateConsonance
KmiDi_CANON/body/music_theory/core/CoreTheoryEngine.h	79	function	getIntervalName
KmiDi_CANON/body/music_theory/core/CoreTheoryEngine.h	84	function	getIntervalQuality
KmiDi_CANON/body/music_theory/core/CoreTheoryEngine.h	95	function	explainInterval
KmiDi_CANON/body/music_theory/core/CoreTheoryEngine.h	113	function	generateScale
KmiDi_CANON/body/music_theory/core/CoreTheoryEngine.h	120	function	generateMajorScale
KmiDi_CANON/body/music_theory/core/CoreTheoryEngine.h	121	function	generateNaturalMinorScale
KmiDi_CANON/body/music_theory/core/CoreTheoryEngine.h	122	function	generateHarmonicMinorScale
KmiDi_CANON/body/music_theory/core/CoreTheoryEngine.h	123	function	generateMelodicMinorScale
KmiDi_CANON/body/music_theory/core/CoreTheoryEngine.h	124	function	generateMode
KmiDi_CANON/body/music_theory/core/CoreTheoryEngine.h	129	function	generatePentatonicScale
KmiDi_CANON/body/music_theory/core/CoreTheoryEngine.h	134	function	generateBluesScale
KmiDi_CANON/body/music_theory/core/CoreTheoryEngine.h	139	function	getScaleNotes
KmiDi_CANON/body/music_theory/core/CoreTheoryEngine.h	144	function	isNoteInScale
KmiDi_CANON/body/music_theory/core/CoreTheoryEngine.h	149	function	getScaleDegree
KmiDi_CANON/body/music_theory/core/CoreTheoryEngine.h	164	class	CircleOfFifths
KmiDi_CANON/body/music_theory/core/CoreTheoryEngine.h	170	function	getPosition
KmiDi_CANON/body/music_theory/core/CoreTheoryEngine.h	173	function	getCircleOfFifths
KmiDi_CANON/body/music_theory/core/CoreTheoryEngine.h	186	function	modulationDistance
KmiDi_CANON/body/music_theory/core/CoreTheoryEngine.h	199	function	suggestModulations
KmiDi_CANON/body/music_theory/core/CoreTheoryEngine.h	205	function	getRelativeMinor
KmiDi_CANON/body/music_theory/core/CoreTheoryEngine.h	206	function	getRelativeMajor
KmiDi_CANON/body/music_theory/core/CoreTheoryEngine.h	211	function	getParallelMinor
KmiDi_CANON/body/music_theory/core/CoreTheoryEngine.h	212	function	getParallelMajor
KmiDi_CANON/body/music_theory/core/CoreTheoryEngine.h	226	function	getFrequency
KmiDi_CANON/body/music_theory/core/CoreTheoryEngine.h	234	class	TuningComparison
KmiDi_CANON/body/music_theory/core/CoreTheoryEngine.h	242	function	compareTuningSystems
KmiDi_CANON/body/music_theory/core/CoreTheoryEngine.h	253	function	explainTuningSystem
KmiDi_CANON/body/music_theory/core/CoreTheoryEngine.h	262	class	MelodicPattern
KmiDi_CANON/body/music_theory/core/CoreTheoryEngine.h	269	function	analyzeMelodicPattern
KmiDi_CANON/body/music_theory/core/CoreTheoryEngine.h	274	class	Sequence
KmiDi_CANON/body/music_theory/core/CoreTheoryEngine.h	281	function	detectSequence
KmiDi_CANON/body/music_theory/core/CoreTheoryEngine.h	294	function	midiToNoteName
KmiDi_CANON/body/music_theory/core/CoreTheoryEngine.h	302	function	noteNameToMidi
KmiDi_CANON/body/music_theory/core/CoreTheoryEngine.h	310	function	getEnharmonic
KmiDi_CANON/body/music_theory/core/CoreTheoryEngine.h	326	class	PatternDatabase
KmiDi_CANON/body/music_theory/core/CoreTheoryEngine.h	337	function	initializeCircleOfFifths
KmiDi_CANON/body/music_theory/core/CoreTheoryEngine.h	338	function	initializePatternDatabase
KmiDi_CANON/body/music_theory/core/CoreTheoryEngine.h	341	function	calculateFrequency12TET
KmiDi_CANON/body/music_theory/core/CoreTheoryEngine.h	342	function	calculateFrequencyJust
KmiDi_CANON/body/music_theory/core/CoreTheoryEngine.h	343	function	calculateFrequencyPythagorean
KmiDi_CANON/body/music_theory/core/CoreTheoryEngine.h	346	function	calculateHarmonicOverlap
KmiDi_CANON/body/music_theory/core/CoreTheoryEngine.h	349	function	generateAcousticExplanation
KmiDi_CANON/body/music_theory/core/CoreTheoryEngine.h	350	function	generatePerceptualEffect
KmiDi_CANON/body/music_theory/core/CoreTheoryEngine.h	351	function	generateHistoricalUsage
KmiDi_CANON/body/music_theory/core/CoreTheoryEngine.h	352	function	calculateHarmonicPosition
KmiDi_CANON/body/music_theory/core/CoreTheoryEngine.h	353	function	identifyScalePattern
KmiDi_CANON/body/music_theory/core/CoreTheoryEngine.h	356	class	ParsedNote
KmiDi_CANON/body/music_theory/core/CoreTheoryEngine.h	361	function	parseNoteName
KmiDi_CANON/body/music_theory/core/CoreTheoryEngine.cpp	96	function	calculateInterval
KmiDi_CANON/body/music_theory/core/CoreTheoryEngine.cpp	242	function	generateScale
KmiDi_CANON/body/music_theory/core/CoreTheoryEngine.cpp	246	function	generateScale
KmiDi_CANON/body/music_theory/core/CoreTheoryEngine.cpp	250	function	generateScale
KmiDi_CANON/body/music_theory/core/CoreTheoryEngine.cpp	255	function	generateScale
KmiDi_CANON/body/music_theory/core/CoreTheoryEngine.cpp	271	function	generateScale
KmiDi_CANON/body/music_theory/core/CoreTheoryEngine.cpp	274	function	generateMajorScale
KmiDi_CANON/body/music_theory/core/CoreTheoryEngine.cpp	279	function	generateScale
KmiDi_CANON/body/music_theory/core/CoreTheoryEngine.cpp	281	function	generateScale
KmiDi_CANON/body/music_theory/core/CoreTheoryEngine.cpp	286	function	generateScale
KmiDi_CANON/body/music_theory/core/CoreTheoryEngine.cpp	408	function	calculateFrequency12TET
KmiDi_CANON/body/music_theory/core/CoreTheoryEngine.cpp	410	function	calculateFrequencyJust
KmiDi_CANON/body/music_theory/core/CoreTheoryEngine.cpp	412	function	calculateFrequencyPythagorean
KmiDi_CANON/body/music_theory/core/CoreTheoryEngine.cpp	414	function	calculateFrequency12TET
KmiDi_CANON/body/music_theory/core/CoreTheoryEngine.cpp	426	function	calculateFrequency12TET
KmiDi_CANON/body/music_theory/core/CoreTheoryEngine.cpp	431	function	calculateFrequency12TET
KmiDi_CANON/body/music_theory/harmony/HarmonyEngine.h	26	class	HarmonyEngine
KmiDi_CANON/body/music_theory/harmony/HarmonyEngine.h	28	function	HarmonyEngine
KmiDi_CANON/body/music_theory/harmony/HarmonyEngine.h	58	function	buildChord
KmiDi_CANON/body/music_theory/harmony/HarmonyEngine.h	72	function	analyzeChord
KmiDi_CANON/body/music_theory/harmony/HarmonyEngine.h	77	function	identifyExtensions
KmiDi_CANON/body/music_theory/harmony/HarmonyEngine.h	83	function	detectInversion
KmiDi_CANON/body/music_theory/harmony/HarmonyEngine.h	88	function	getAllVoicings
KmiDi_CANON/body/music_theory/harmony/HarmonyEngine.h	108	class	ProgressionAnalysis
KmiDi_CANON/body/music_theory/harmony/HarmonyEngine.h	120	function	analyzeProgression
KmiDi_CANON/body/music_theory/harmony/HarmonyEngine.h	126	class	Cadence
KmiDi_CANON/body/music_theory/harmony/HarmonyEngine.h	133	function	detectCadence
KmiDi_CANON/body/music_theory/harmony/HarmonyEngine.h	138	function	getHarmonicFunction
KmiDi_CANON/body/music_theory/harmony/HarmonyEngine.h	143	function	getRomanNumeral
KmiDi_CANON/body/music_theory/harmony/HarmonyEngine.h	149	function	calculateTension
KmiDi_CANON/body/music_theory/harmony/HarmonyEngine.h	169	function	suggestVoiceLeading
KmiDi_CANON/body/music_theory/harmony/HarmonyEngine.h	179	class	VoiceLeadingError
KmiDi_CANON/body/music_theory/harmony/HarmonyEngine.h	187	function	checkVoiceLeading
KmiDi_CANON/body/music_theory/harmony/HarmonyEngine.h	195	function	findCommonTones
KmiDi_CANON/body/music_theory/harmony/HarmonyEngine.h	201	function	calculateSmoothness
KmiDi_CANON/body/music_theory/harmony/HarmonyEngine.h	229	class	Substitution
KmiDi_CANON/body/music_theory/harmony/HarmonyEngine.h	239	function	suggestSubstitutions
KmiDi_CANON/body/music_theory/harmony/HarmonyEngine.h	250	function	generateSecondaryDominant
KmiDi_CANON/body/music_theory/harmony/HarmonyEngine.h	257	function	getBorrowedChords
KmiDi_CANON/body/music_theory/harmony/HarmonyEngine.h	265	function	reharmonizeMelody
KmiDi_CANON/body/music_theory/harmony/HarmonyEngine.h	289	function	generateProgressionForEmotion
KmiDi_CANON/body/music_theory/harmony/HarmonyEngine.h	299	class	EmotionalHarmony
KmiDi_CANON/body/music_theory/harmony/HarmonyEngine.h	308	function	getEmotionalHarmony
KmiDi_CANON/body/music_theory/harmony/HarmonyEngine.h	314	function	analyzeEmotionalContent
KmiDi_CANON/body/music_theory/harmony/HarmonyEngine.h	327	function	getCommonProgression
KmiDi_CANON/body/music_theory/harmony/HarmonyEngine.h	335	function	listCommonProgressions
KmiDi_CANON/body/music_theory/harmony/HarmonyEngine.h	340	function	findSimilarProgressions
KmiDi_CANON/body/music_theory/harmony/HarmonyEngine.h	352	function	transposeProgression
KmiDi_CANON/body/music_theory/harmony/HarmonyEngine.h	360	function	transposeProgression
KmiDi_CANON/body/music_theory/harmony/HarmonyEngine.h	371	function	chordSymbolToMidi
KmiDi_CANON/body/music_theory/harmony/HarmonyEngine.h	377	function	midiToChordSymbol
KmiDi_CANON/body/music_theory/harmony/HarmonyEngine.h	382	function	explainProgression
KmiDi_CANON/body/music_theory/harmony/HarmonyEngine.h	393	class	ProgressionTemplate
KmiDi_CANON/body/music_theory/harmony/HarmonyEngine.h	403	class	EmotionHarmonyMap
KmiDi_CANON/body/music_theory/harmony/HarmonyEngine.h	413	class	VoiceLeadingRule
KmiDi_CANON/body/music_theory/harmony/HarmonyEngine.h	426	function	initializeProgressionDatabase
KmiDi_CANON/body/music_theory/harmony/HarmonyEngine.h	427	function	initializeEmotionMappings
KmiDi_CANON/body/music_theory/harmony/HarmonyEngine.h	428	function	initializeVoiceLeadingRules
KmiDi_CANON/body/music_theory/harmony/HarmonyEngine.h	431	function	identifyRoot
KmiDi_CANON/body/music_theory/harmony/HarmonyEngine.h	432	function	identifyQuality
KmiDi_CANON/body/music_theory/harmony/HarmonyEngine.h	433	function	getIntervalsFromRoot
KmiDi_CANON/body/music_theory/harmony/HarmonyEngine.h	436	function	calculateVoiceDistance
KmiDi_CANON/body/music_theory/harmony/HarmonyEngine.h	437	function	hasParallelMotion
KmiDi_CANON/body/music_theory/harmony/HarmonyEngine.h	443	function	getScaleDegree
KmiDi_CANON/body/music_theory/harmony/HarmonyEngine.h	444	function	getFunctionFromDegree
KmiDi_CANON/body/music_theory/harmony/HarmonyEngine.h	445	function	calculateTensionFromFunction
KmiDi_CANON/body/music_theory/harmony/HarmonyEngine.h	448	function	selectChordQualities
KmiDi_CANON/body/music_theory/harmony/HarmonyEngine.h	449	function	selectProgressionPattern
KmiDi_CANON/body/music_theory/harmony/HarmonyEngine.h	450	function	getEmotionalTensionTarget
KmiDi_CANON/body/music_theory/harmony/HarmonyEngine.h	453	function	tritoneSubstitute
KmiDi_CANON/body/music_theory/harmony/HarmonyEngine.h	454	function	getDiatonicSubstitutes
KmiDi_CANON/body/music_theory/harmony/HarmonyEngine.h	456	function	getModalInterchange
KmiDi_CANON/body/music_theory/harmony/HarmonyEngine.cpp	324	function	if
KmiDi_CANON/body/music_theory/harmony/HarmonyEngine.cpp	325	function	if
KmiDi_CANON/body/music_theory/harmony/HarmonyEngine.cpp	416	function	getFunctionFromDegree
KmiDi_CANON/body/music_theory/harmony/HarmonyEngine.cpp	675	function	buildChord
KmiDi_CANON/body/music_theory/harmony/HarmonyEngine.cpp	911	function	transposeProgression
KmiDi_CANON/body/music_theory/harmony/HarmonyEngine.cpp	1202	function	buildChord
KmiDi_CANON/body/music_theory/knowledge/KnowledgeGraph.h	27	class	KnowledgeGraph
KmiDi_CANON/body/music_theory/knowledge/KnowledgeGraph.h	41	function	addConcept
KmiDi_CANON/body/music_theory/knowledge/KnowledgeGraph.h	49	function	getConcept
KmiDi_CANON/body/music_theory/knowledge/KnowledgeGraph.h	57	function	getConceptsByCategory
KmiDi_CANON/body/music_theory/knowledge/KnowledgeGraph.h	65	function	searchConcepts
KmiDi_CANON/body/music_theory/knowledge/KnowledgeGraph.h	71	class	GraphStatistics
KmiDi_CANON/body/music_theory/knowledge/KnowledgeGraph.h	79	function	getStatistics
KmiDi_CANON/body/music_theory/knowledge/KnowledgeGraph.h	95	function	getPrerequisites
KmiDi_CANON/body/music_theory/knowledge/KnowledgeGraph.h	110	class	ConceptRelationship
KmiDi_CANON/body/music_theory/knowledge/KnowledgeGraph.h	116	function	getRelatedConcepts
KmiDi_CANON/body/music_theory/knowledge/KnowledgeGraph.h	129	function	getApplications
KmiDi_CANON/body/music_theory/knowledge/KnowledgeGraph.h	137	function	findDependencies
KmiDi_CANON/body/music_theory/knowledge/KnowledgeGraph.h	146	function	hasPrerequisites
KmiDi_CANON/body/music_theory/knowledge/KnowledgeGraph.h	158	function	getMissingPrerequisites
KmiDi_CANON/body/music_theory/knowledge/KnowledgeGraph.h	180	class	LearningPathStep
KmiDi_CANON/body/music_theory/knowledge/KnowledgeGraph.h	187	function	getLearningPath
KmiDi_CANON/body/music_theory/knowledge/KnowledgeGraph.h	200	class	Curriculum
KmiDi_CANON/body/music_theory/knowledge/KnowledgeGraph.h	207	function	generateCurriculum
KmiDi_CANON/body/music_theory/knowledge/KnowledgeGraph.h	220	class	ConceptSuggestion
KmiDi_CANON/body/music_theory/knowledge/KnowledgeGraph.h	228	function	suggestNextConcepts
KmiDi_CANON/body/music_theory/knowledge/KnowledgeGraph.h	239	function	getOptimalLearningOrder
KmiDi_CANON/body/music_theory/knowledge/KnowledgeGraph.h	261	function	explainConcept
KmiDi_CANON/body/music_theory/knowledge/KnowledgeGraph.h	270	function	getAvailableExplanationTypes
KmiDi_CANON/body/music_theory/knowledge/KnowledgeGraph.h	281	function	getMusicalExamples
KmiDi_CANON/body/music_theory/knowledge/KnowledgeGraph.h	295	function	explainRelationship
KmiDi_CANON/body/music_theory/knowledge/KnowledgeGraph.h	312	class	ConceptMatch
KmiDi_CANON/body/music_theory/knowledge/KnowledgeGraph.h	318	function	findConceptByDescription
KmiDi_CANON/body/music_theory/knowledge/KnowledgeGraph.h	331	class	IdentifiedConcept
KmiDi_CANON/body/music_theory/knowledge/KnowledgeGraph.h	338	function	identifyConceptsFromMIDI
KmiDi_CANON/body/music_theory/knowledge/KnowledgeGraph.h	352	class	ConceptHierarchy
KmiDi_CANON/body/music_theory/knowledge/KnowledgeGraph.h	358	function	getConceptHierarchy
KmiDi_CANON/body/music_theory/knowledge/KnowledgeGraph.h	371	function	generateExercise
KmiDi_CANON/body/music_theory/knowledge/KnowledgeGraph.h	384	function	validateAnswer
KmiDi_CANON/body/music_theory/knowledge/KnowledgeGraph.h	398	function	updateMastery
KmiDi_CANON/body/music_theory/knowledge/KnowledgeGraph.h	411	function	identifyStrugglingConcepts
KmiDi_CANON/body/music_theory/knowledge/KnowledgeGraph.h	421	function	suggestReview
KmiDi_CANON/body/music_theory/knowledge/KnowledgeGraph.h	435	function	loadFromJSON
KmiDi_CANON/body/music_theory/knowledge/KnowledgeGraph.h	443	function	saveToJSON
KmiDi_CANON/body/music_theory/knowledge/KnowledgeGraph.h	448	function	loadUserProfile
KmiDi_CANON/body/music_theory/knowledge/KnowledgeGraph.h	453	function	saveUserProfile
KmiDi_CANON/body/music_theory/knowledge/KnowledgeGraph.h	461	function	exportProgressReport
KmiDi_CANON/body/music_theory/knowledge/KnowledgeGraph.h	477	function	validateGraph
KmiDi_CANON/body/music_theory/knowledge/KnowledgeGraph.h	482	function	hasCircularDependencies
KmiDi_CANON/body/music_theory/knowledge/KnowledgeGraph.h	487	function	findOrphanedConcepts
KmiDi_CANON/body/music_theory/knowledge/KnowledgeGraph.h	505	class	ConceptMetadata
KmiDi_CANON/body/music_theory/knowledge/KnowledgeGraph.h	517	function	initializeBasicConcepts
KmiDi_CANON/body/music_theory/knowledge/KnowledgeGraph.h	520	function	topologicalSort
KmiDi_CANON/body/music_theory/knowledge/KnowledgeGraph.h	524	function	breadthFirstSearch
KmiDi_CANON/body/music_theory/knowledge/KnowledgeGraph.h	529	function	depthFirstSearch
KmiDi_CANON/body/music_theory/knowledge/KnowledgeGraph.h	534	function	hasPath
KmiDi_CANON/body/music_theory/knowledge/KnowledgeGraph.h	541	function	hasCycleDFS
KmiDi_CANON/body/music_theory/knowledge/KnowledgeGraph.h	548	function	findShortestPath
KmiDi_CANON/body/music_theory/knowledge/KnowledgeGraph.h	554	function	calculateRelationshipStrength
KmiDi_CANON/body/music_theory/knowledge/KnowledgeGraph.h	560	function	calculateConceptSimilarity
KmiDi_CANON/body/music_theory/knowledge/KnowledgeGraph.h	566	function	estimateLearningTime
KmiDi_CANON/body/music_theory/knowledge/KnowledgeGraph.h	568	function	optimizePathOrder
KmiDi_CANON/body/music_theory/knowledge/KnowledgeGraph.h	573	function	calculateMasteryDecay
KmiDi_CANON/body/music_theory/knowledge/KnowledgeGraph.h	578	function	calculateNewMastery
KmiDi_CANON/body/music_theory/knowledge/KnowledgeGraph.h	586	function	generateIntervalExercise
KmiDi_CANON/body/music_theory/knowledge/KnowledgeGraph.h	587	function	generateChordExercise
KmiDi_CANON/body/music_theory/knowledge/KnowledgeGraph.h	588	function	generateProgressionExercise
KmiDi_CANON/body/music_theory/knowledge/KnowledgeGraph.h	589	function	generateRhythmExercise
KmiDi_CANON/body/music_theory/knowledge/KnowledgeGraph.h	592	function	parseConceptJSON
KmiDi_CANON/body/music_theory/knowledge/KnowledgeGraph.h	593	function	parseRelationshipsJSON
KmiDi_CANON/body/music_theory/knowledge/KnowledgeGraph.h	594	function	parseConceptFromJSON
KmiDi_CANON/body/music_theory/knowledge/KnowledgeGraph.h	597	function	tokenize
KmiDi_CANON/body/music_theory/knowledge/KnowledgeGraph.h	598	function	fuzzyMatch
KmiDi_CANON/body/music_theory/knowledge/KnowledgeGraph.cpp	219	function	topologicalSort
KmiDi_CANON/body/music_theory/knowledge/KnowledgeGraph.cpp	404	function	optimizePathOrder
KmiDi_CANON/body/music_theory/knowledge/KnowledgeGraph.cpp	622	function	generateIntervalExercise
KmiDi_CANON/body/music_theory/knowledge/KnowledgeGraph.cpp	624	function	generateChordExercise
KmiDi_CANON/body/music_theory/knowledge/KnowledgeGraph.cpp	626	function	generateProgressionExercise
KmiDi_CANON/body/music_theory/knowledge/KnowledgeGraph.cpp	628	function	generateRhythmExercise
KmiDi_CANON/body/music_theory/knowledge/KnowledgeGraph.cpp	745	function	conceptsFile
KmiDi_CANON/body/music_theory/knowledge/KnowledgeGraph.cpp	919	function	if
KmiDi_CANON/body/music_theory/knowledge/KnowledgeGraph.cpp	920	function	if
KmiDi_CANON/body/music_theory/knowledge/KnowledgeGraph.cpp	1206	function	breadthFirstSearch
KmiDi_CANON/body/music_theory/knowledge/KnowledgeGraph.cpp	1385	function	stream
KmiDi_CANON/body/music_theory/rhythm/RhythmEngine.h	28	class	RhythmEngine
KmiDi_CANON/body/music_theory/rhythm/RhythmEngine.h	30	function	RhythmEngine
KmiDi_CANON/body/music_theory/rhythm/RhythmEngine.h	49	function	analyzeTimeSignature
KmiDi_CANON/body/music_theory/rhythm/RhythmEngine.h	55	function	detectMeterFeel
KmiDi_CANON/body/music_theory/rhythm/RhythmEngine.h	66	function	getBodyResponse
KmiDi_CANON/body/music_theory/rhythm/RhythmEngine.h	71	function	explainTimeSignature
KmiDi_CANON/body/music_theory/rhythm/RhythmEngine.h	80	class	TimeSignatureSuggestion
KmiDi_CANON/body/music_theory/rhythm/RhythmEngine.h	87	function	suggestTimeSignatureForEmotion
KmiDi_CANON/body/music_theory/rhythm/RhythmEngine.h	107	function	analyzeGroove
KmiDi_CANON/body/music_theory/rhythm/RhythmEngine.h	121	function	quantizeWithGroove
KmiDi_CANON/body/music_theory/rhythm/RhythmEngine.h	138	function	calculateSwingRatio
KmiDi_CANON/body/music_theory/rhythm/RhythmEngine.h	147	function	detectGrooveType
KmiDi_CANON/body/music_theory/rhythm/RhythmEngine.h	158	function	analyzeMicroTiming
KmiDi_CANON/body/music_theory/rhythm/RhythmEngine.h	169	function	describePocket
KmiDi_CANON/body/music_theory/rhythm/RhythmEngine.h	178	function	calculatePocketWidth
KmiDi_CANON/body/music_theory/rhythm/RhythmEngine.h	194	class	PolyrhythmAnalysis
KmiDi_CANON/body/music_theory/rhythm/RhythmEngine.h	203	function	detectPolyrhythm
KmiDi_CANON/body/music_theory/rhythm/RhythmEngine.h	212	class	PolymeterAnalysis
KmiDi_CANON/body/music_theory/rhythm/RhythmEngine.h	219	function	detectPolymeter
KmiDi_CANON/body/music_theory/rhythm/RhythmEngine.h	228	function	calculateRhythmicTension
KmiDi_CANON/body/music_theory/rhythm/RhythmEngine.h	235	function	findMeetingPoints
KmiDi_CANON/body/music_theory/rhythm/RhythmEngine.h	257	function	generatePatternForEmotion
KmiDi_CANON/body/music_theory/rhythm/RhythmEngine.h	269	function	generatePatternFromDescription
KmiDi_CANON/body/music_theory/rhythm/RhythmEngine.h	282	function	addSyncopation
KmiDi_CANON/body/music_theory/rhythm/RhythmEngine.h	294	function	applySwing
KmiDi_CANON/body/music_theory/rhythm/RhythmEngine.h	307	function	humanizePattern
KmiDi_CANON/body/music_theory/rhythm/RhythmEngine.h	328	function	calculateComplexity
KmiDi_CANON/body/music_theory/rhythm/RhythmEngine.h	335	function	detectSyncopation
KmiDi_CANON/body/music_theory/rhythm/RhythmEngine.h	343	function	calculateDensity
KmiDi_CANON/body/music_theory/rhythm/RhythmEngine.h	349	class	RhythmicMotif
KmiDi_CANON/body/music_theory/rhythm/RhythmEngine.h	356	function	detectMotifs
KmiDi_CANON/body/music_theory/rhythm/RhythmEngine.h	366	function	detectClavePattern
KmiDi_CANON/body/music_theory/rhythm/RhythmEngine.h	386	function	analyzeBeatStrength
KmiDi_CANON/body/music_theory/rhythm/RhythmEngine.h	400	function	calculateStability
KmiDi_CANON/body/music_theory/rhythm/RhythmEngine.h	405	class	TempoChange
KmiDi_CANON/body/music_theory/rhythm/RhythmEngine.h	414	function	detectTempoChanges
KmiDi_CANON/body/music_theory/rhythm/RhythmEngine.h	421	function	explainRhythmicFeel
KmiDi_CANON/body/music_theory/rhythm/RhythmEngine.h	436	function	getCommonPattern
KmiDi_CANON/body/music_theory/rhythm/RhythmEngine.h	444	function	listCommonPatterns
KmiDi_CANON/body/music_theory/rhythm/RhythmEngine.h	449	function	findSimilarPatterns
KmiDi_CANON/body/music_theory/rhythm/RhythmEngine.h	461	function	onsetsToIOI
KmiDi_CANON/body/music_theory/rhythm/RhythmEngine.h	466	function	ioiToOnsets
KmiDi_CANON/body/music_theory/rhythm/RhythmEngine.h	475	function	quantizeToGrid
KmiDi_CANON/body/music_theory/rhythm/RhythmEngine.h	484	function	calculateTempo
KmiDi_CANON/body/music_theory/rhythm/RhythmEngine.h	502	class	PatternTemplate
KmiDi_CANON/body/music_theory/rhythm/RhythmEngine.h	512	class	EmotionRhythmMap
KmiDi_CANON/body/music_theory/rhythm/RhythmEngine.h	528	function	initializePatternDatabase
KmiDi_CANON/body/music_theory/rhythm/RhythmEngine.h	529	function	initializeEmotionRhythmMappings
KmiDi_CANON/body/music_theory/rhythm/RhythmEngine.h	530	function	initializeClavePatterns
KmiDi_CANON/body/music_theory/rhythm/RhythmEngine.h	533	function	snapToGrid
KmiDi_CANON/body/music_theory/rhythm/RhythmEngine.h	534	function	createGrid
KmiDi_CANON/body/music_theory/rhythm/RhythmEngine.h	537	function	calculateMean
KmiDi_CANON/body/music_theory/rhythm/RhythmEngine.h	538	function	calculateStdDev
KmiDi_CANON/body/music_theory/rhythm/RhythmEngine.h	539	function	calculateVariance
KmiDi_CANON/body/music_theory/rhythm/RhythmEngine.h	542	function	calculatePatternSimilarity
KmiDi_CANON/body/music_theory/rhythm/RhythmEngine.h	548	function	findSwingPairs
KmiDi_CANON/body/music_theory/rhythm/RhythmEngine.h	554	function	detectBeats
KmiDi_CANON/body/music_theory/rhythm/RhythmEngine.h	560	function	calculateGCD
KmiDi_CANON/body/music_theory/rhythm/RhythmEngine.h	561	function	calculateLCM
KmiDi_CANON/body/music_theory/rhythm/RhythmEngine.h	564	function	isOnStrongBeat
KmiDi_CANON/body/music_theory/rhythm/RhythmEngine.h	565	function	isOnWeakBeat
KmiDi_CANON/body/music_theory/rhythm/RhythmEngine.h	568	function	calculateAverageShift
KmiDi_CANON/body/music_theory/rhythm/RhythmEngine.h	569	function	classifyPocketStyle
KmiDi_CANON/body/music_theory/rhythm/RhythmEngine.cpp	354	function	classifyPocketStyle
KmiDi_CANON/body/music_theory/rhythm/RhythmEngine.cpp	363	function	calculateStdDev
KmiDi_CANON/body/music_theory/rhythm/RhythmEngine.cpp	502	function	getCommonPattern
KmiDi_CANON/body/music_theory/rhythm/RhythmEngine.cpp	563	function	generatePatternForEmotion
KmiDi_CANON/body/music_theory/rhythm/RhythmEngine.cpp	576	function	gen
KmiDi_CANON/body/music_theory/rhythm/RhythmEngine.cpp	577	function	dis
KmiDi_CANON/body/music_theory/rhythm/RhythmEngine.cpp	624	function	gen
KmiDi_CANON/body/music_theory/rhythm/RhythmEngine.cpp	627	function	timingDis
KmiDi_CANON/body/music_theory/rhythm/RhythmEngine.cpp	660	function	uniqueIOI
KmiDi_CANON/body/music_theory/rhythm/RhythmEngine.cpp	718	function	pattern
KmiDi_CANON/body/music_theory/rhythm/RhythmEngine.cpp	726	function	candidate
KmiDi_CANON/body/music_theory/rhythm/RhythmEngine.cpp	789	function	beatStrengths
KmiDi_CANON/body/music_theory/rhythm/RhythmEngine.cpp	836	function	window
KmiDi_CANON/body/music_theory/rhythm/RhythmEngine.cpp	1287	function	calculateMean
KmiDi_CANON/training/utils/audio.py	24	def	load_audio
KmiDi_CANON/training/utils/audio.py	101	def	normalize_audio
KmiDi_CANON/training/utils/audio.py	123	def	extract_mel_spectrogram
KmiDi_CANON/training/utils/audio.py	172	def	extract_mfcc
KmiDi_CANON/training/utils/audio.py	206	def	pad_or_trim
KmiDi_CANON/training/models/audio_classifier.py	9	class	ConvBlock
KmiDi_CANON/training/models/audio_classifier.py	12	def	__init__
KmiDi_CANON/training/models/audio_classifier.py	28	def	forward
KmiDi_CANON/training/models/audio_classifier.py	36	class	AudioClassifier
KmiDi_CANON/training/models/audio_classifier.py	46	def	__init__
KmiDi_CANON/training/models/audio_classifier.py	87	def	forward
KmiDi_CANON/training/models/audio_classifier.py	106	def	predict
KmiDi_CANON/training/models/audio_classifier.py	111	def	predict_proba
KmiDi_CANON/training/models/audio_classifier.py	117	class	AudioClassifierResNet
KmiDi_CANON/training/models/audio_classifier.py	123	def	__init__
KmiDi_CANON/training/models/audio_classifier.py	151	def	_make_layer
KmiDi_CANON/training/models/audio_classifier.py	166	def	forward
KmiDi_CANON/training/models/audio_classifier.py	180	class	ResidualBlock
KmiDi_CANON/training/models/audio_classifier.py	183	def	__init__
KmiDi_CANON/training/models/audio_classifier.py	203	def	forward
KmiDi_CANON/ui/bridge/kelly_ffi.rs	14	enum	KellyErrorCode
KmiDi_CANON/ui/bridge/kelly_ffi.rs	30	struct	IntentResult
KmiDi_CANON/ui/bridge/kelly_ffi.rs	45	struct	MidiEvent
KmiDi_CANON/ui/bridge/kelly_ffi.rs	54	struct	MidiTrack
KmiDi_CANON/ui/bridge/kelly_ffi.rs	61	struct	GeneratedMidi
KmiDi_CANON/ui/bridge/kelly_ffi.rs	70	struct	EmotionState
KmiDi_CANON/ui/bridge/kelly_ffi.rs	84	fn	kelly_get_error_message
KmiDi_CANON/ui/bridge/kelly_ffi.rs	85	fn	kelly_get_last_error
KmiDi_CANON/ui/bridge/kelly_ffi.rs	88	fn	kelly_free_string
KmiDi_CANON/ui/bridge/kelly_ffi.rs	91	fn	kelly_brain_create
KmiDi_CANON/ui/bridge/kelly_ffi.rs	92	fn	kelly_brain_initialize
KmiDi_CANON/ui/bridge/kelly_ffi.rs	93	fn	kelly_brain_is_initialized
KmiDi_CANON/ui/bridge/kelly_ffi.rs	94	fn	kelly_brain_destroy
KmiDi_CANON/ui/bridge/kelly_ffi.rs	97	fn	kelly_brain_from_text
KmiDi_CANON/ui/bridge/kelly_ffi.rs	98	fn	kelly_brain_from_emotion
KmiDi_CANON/ui/bridge/kelly_ffi.rs	99	fn	kelly_brain_from_journey
KmiDi_CANON/ui/bridge/kelly_ffi.rs	100	fn	kelly_brain_from_wound
KmiDi_CANON/ui/bridge/kelly_ffi.rs	103	fn	kelly_brain_generate_midi
KmiDi_CANON/ui/bridge/kelly_ffi.rs	104	fn	kelly_brain_generate_midi_with_params
KmiDi_CANON/ui/bridge/kelly_ffi.rs	108	fn	kelly_brain_get_emotion_state
KmiDi_CANON/ui/bridge/kelly_ffi.rs	109	fn	kelly_brain_get_parameters
KmiDi_CANON/ui/bridge/kelly_ffi.rs	110	fn	kelly_brain_get_available_emotions
KmiDi_CANON/ui/bridge/kelly_ffi.rs	113	fn	kelly_brain_set_emotion_parameters
KmiDi_CANON/ui/bridge/kelly_ffi.rs	114	fn	kelly_brain_update_parameters
KmiDi_CANON/ui/bridge/kelly_ffi.rs	117	fn	kelly_get_version
KmiDi_CANON/ui/bridge/kelly_ffi.rs	118	fn	kelly_check_data_files
KmiDi_CANON/ui/bridge/kelly_ffi.rs	123	struct	KellyBrainHandle
KmiDi_CANON/ui/bridge/kelly_ffi.rs	132	struct	KellyError
KmiDi_CANON/ui/bridge/kelly_ffi.rs	137	impl	std
KmiDi_CANON/ui/bridge/kelly_ffi.rs	138	fn	fmt
KmiDi_CANON/ui/bridge/kelly_ffi.rs	143	impl	std
KmiDi_CANON/ui/bridge/kelly_ffi.rs	147	impl	From
KmiDi_CANON/ui/bridge/kelly_ffi.rs	148	fn	from
KmiDi_CANON/ui/bridge/kelly_ffi.rs	166	struct	KellyBrain
KmiDi_CANON/ui/bridge/kelly_ffi.rs	173	impl	KellyBrain
KmiDi_CANON/ui/bridge/kelly_ffi.rs	175	fn	new
KmiDi_CANON/ui/bridge/kelly_ffi.rs	188	fn	initialize
KmiDi_CANON/ui/bridge/kelly_ffi.rs	203	fn	is_initialized
KmiDi_CANON/ui/bridge/kelly_ffi.rs	208	fn	from_text
KmiDi_CANON/ui/bridge/kelly_ffi.rs	235	fn	from_emotion
KmiDi_CANON/ui/bridge/kelly_ffi.rs	271	fn	generate_midi
KmiDi_CANON/ui/bridge/kelly_ffi.rs	313	fn	generate_midi_with_params
KmiDi_CANON/ui/bridge/kelly_ffi.rs	380	fn	get_emotion_state
KmiDi_CANON/ui/bridge/kelly_ffi.rs	401	fn	set_emotion_parameters
KmiDi_CANON/ui/bridge/kelly_ffi.rs	432	fn	get_available_emotions
KmiDi_CANON/ui/bridge/kelly_ffi.rs	453	fn	get_version
KmiDi_CANON/ui/bridge/kelly_ffi.rs	465	fn	check_data_files
KmiDi_CANON/ui/bridge/kelly_ffi.rs	475	fn	get_last_error
KmiDi_CANON/ui/bridge/kelly_ffi.rs	492	impl	Drop
KmiDi_CANON/ui/bridge/kelly_ffi.rs	493	fn	drop
KmiDi_CANON/ui/bridge/kelly_ffi.rs	505	struct	KellyBrainManager
KmiDi_CANON/ui/bridge/kelly_ffi.rs	509	impl	KellyBrainManager
KmiDi_CANON/ui/bridge/kelly_ffi.rs	510	fn	new
KmiDi_CANON/ui/bridge/kelly_ffi.rs	517	fn	initialize
KmiDi_CANON/ui/bridge/kelly_ffi.rs	528	fn	with_brain
KmiDi_CANON/ui/bridge/kelly_ffi.rs	543	fn	is_initialized
KmiDi_CANON/ui/bridge/kelly_ffi.rs	552	fn	get_kelly_brain_manager
KmiDi_CANON/ui/bridge/kelly_ffi.rs	565	fn	test_kelly_brain_creation
KmiDi_CANON/ui/bridge/kelly_ffi.rs	571	fn	test_version
KmiDi_CANON/ui/bridge/kelly_ffi.rs	578	fn	test_error_conversion
KmiDi_CANON/ui/models/registry.rs	9	enum	ModelRole
KmiDi_CANON/ui/models/registry.rs	20	struct	ModelMetadata
KmiDi_CANON/ui/models/registry.rs	31	enum	ModelLoadState
KmiDi_CANON/ui/models/registry.rs	39	struct	ModelEntry
KmiDi_CANON/ui/models/registry.rs	46	struct	ModelRegistry
KmiDi_CANON/ui/models/registry.rs	52	impl	ModelRegistry
KmiDi_CANON/ui/models/registry.rs	53	fn	new
KmiDi_CANON/ui/models/registry.rs	62	fn	register
KmiDi_CANON/ui/models/registry.rs	72	fn	get_metadata
KmiDi_CANON/ui/models/registry.rs	78	fn	can_load
KmiDi_CANON/ui/models/registry.rs	95	fn	mark_loading
KmiDi_CANON/ui/models/registry.rs	103	fn	mark_loaded
KmiDi_CANON/ui/models/registry.rs	115	fn	mark_unloaded
KmiDi_CANON/ui/models/registry.rs	128	fn	get_total_memory_used
KmiDi_CANON/ui/models/registry.rs	133	fn	get_memory_budget
KmiDi_CANON/ui/models/registry.rs	138	fn	get_resident_models
KmiDi_CANON/ui/models/registry.rs	147	fn	get_loaded_models
KmiDi_CANON/ui/models/registry.rs	162	fn	get_registry
KmiDi_CANON/ui/models/registry.rs	170	fn	initialize
KmiDi_CANON/ui/models/lifecycle.rs	8	struct	ModelLifecycleManager
KmiDi_CANON/ui/models/lifecycle.rs	12	impl	ModelLifecycleManager
KmiDi_CANON/ui/models/lifecycle.rs	13	fn	new
KmiDi_CANON/ui/models/lifecycle.rs	18	async_fn	load_model_async
KmiDi_CANON/ui/models/lifecycle.rs	49	fn	unload_model
KmiDi_CANON/ui/models/lifecycle.rs	63	async_fn	hot_swap
KmiDi_CANON/ui/models/lifecycle.rs	77	async_fn	ensure_resident_models
KmiDi_CANON/ui/models/lifecycle.rs	98	fn	get_lifecycle_manager
KmiDi_CANON/ui/intent_ir/serde.rs	7	fn	to_json
KmiDi_CANON/ui/intent_ir/serde.rs	12	fn	to_json_pretty
KmiDi_CANON/ui/intent_ir/serde.rs	17	fn	from_json
KmiDi_CANON/ui/intent_ir/serde.rs	22	fn	to_json_bytes
KmiDi_CANON/ui/intent_ir/serde.rs	27	fn	from_json_bytes
KmiDi_CANON/ui/intent_ir/serde.rs	36	fn	test_json_roundtrip
KmiDi_CANON/ui/intent_ir/serde.rs	45	fn	test_json_pretty
KmiDi_CANON/ui/intent_ir/validator.rs	8	enum	ValidationError
KmiDi_CANON/ui/intent_ir/validator.rs	21	impl	fmt
KmiDi_CANON/ui/intent_ir/validator.rs	22	fn	fmt
KmiDi_CANON/ui/intent_ir/validator.rs	43	impl	std
KmiDi_CANON/ui/intent_ir/validator.rs	50	fn	clamp
KmiDi_CANON/ui/intent_ir/validator.rs	56	fn	clamp_or_error
KmiDi_CANON/ui/intent_ir/validator.rs	70	fn	validate_and_clamp
KmiDi_CANON/ui/intent_ir/validator.rs	148	fn	clamp_frame
KmiDi_CANON/ui/intent_ir/validator.rs	194	fn	supports_version
KmiDi_CANON/ui/intent_ir/validator.rs	205	fn	test_validate_valid_frame
KmiDi_CANON/ui/intent_ir/validator.rs	211	fn	test_validate_invalid_version
KmiDi_CANON/ui/intent_ir/validator.rs	218	fn	test_validate_out_of_range
KmiDi_CANON/ui/intent_ir/validator.rs	225	fn	test_clamp_frame
KmiDi_CANON/ui/intent_ir/ffi_exports.rs	14	enum	IntentIRErrorCode
KmiDi_CANON/ui/intent_ir/ffi_exports.rs	26	impl	From
KmiDi_CANON/ui/intent_ir/ffi_exports.rs	27	fn	from
KmiDi_CANON/ui/intent_ir/ffi_exports.rs	43	fn	set_last_error
KmiDi_CANON/ui/intent_ir/ffi_exports.rs	49	fn	get_last_error
KmiDi_CANON/ui/intent_ir/manager.rs	17	struct	IntentIRManager
KmiDi_CANON/ui/intent_ir/manager.rs	26	impl	IntentIRManager
KmiDi_CANON/ui/intent_ir/manager.rs	28	fn	new
KmiDi_CANON/ui/intent_ir/manager.rs	40	fn	validate_and_store
KmiDi_CANON/ui/intent_ir/manager.rs	54	fn	clamp_and_store
KmiDi_CANON/ui/intent_ir/manager.rs	64	fn	get_snapshot
KmiDi_CANON/ui/intent_ir/manager.rs	72	fn	get_c_snapshot
KmiDi_CANON/ui/intent_ir/manager.rs	78	fn	new_session_id
KmiDi_CANON/ui/intent_ir/manager.rs	83	fn	new_intent_id
KmiDi_CANON/ui/intent_ir/manager.rs	88	fn	is_valid
KmiDi_CANON/ui/intent_ir/manager.rs	94	fn	get_current_intent_id
KmiDi_CANON/ui/intent_ir/manager.rs	100	fn	get_current_session_id
KmiDi_CANON/ui/intent_ir/manager.rs	106	fn	update_emotion
KmiDi_CANON/ui/intent_ir/manager.rs	130	fn	update_music
KmiDi_CANON/ui/intent_ir/manager.rs	162	fn	update_time
KmiDi_CANON/ui/intent_ir/manager.rs	182	fn	update_provenance
KmiDi_CANON/ui/intent_ir/manager.rs	198	impl	Default
KmiDi_CANON/ui/intent_ir/manager.rs	199	fn	default
KmiDi_CANON/ui/intent_ir/manager.rs	210	fn	get_intent_ir_manager
KmiDi_CANON/ui/intent_ir/manager.rs	215	fn	initialize
KmiDi_CANON/ui/intent_ir/manager.rs	240	fn	test_manager_creation
KmiDi_CANON/ui/intent_ir/manager.rs	246	fn	test_validate_and_store
KmiDi_CANON/ui/intent_ir/manager.rs	255	fn	test_get_snapshot
KmiDi_CANON/ui/intent_ir/manager.rs	265	fn	test_update_emotion
KmiDi_CANON/ui/intent_ir/ffi.rs	8	struct	CIntentMeta
KmiDi_CANON/ui/intent_ir/ffi.rs	16	struct	CEmotionState
KmiDi_CANON/ui/intent_ir/ffi.rs	27	struct	CMusicalIntent
KmiDi_CANON/ui/intent_ir/ffi.rs	42	struct	CTimeScope
KmiDi_CANON/ui/intent_ir/ffi.rs	51	struct	CIntentConstraints
KmiDi_CANON/ui/intent_ir/ffi.rs	60	enum	CIntentSource
KmiDi_CANON/ui/intent_ir/ffi.rs	71	struct	CIntentProvenance
KmiDi_CANON/ui/intent_ir/ffi.rs	78	struct	CIntentFrame
KmiDi_CANON/ui/intent_ir/ffi.rs	88	fn	to_c_frame
KmiDi_CANON/ui/intent_ir/ffi.rs	142	fn	from_c_frame
KmiDi_CANON/ui/intent_ir/ffi.rs	200	fn	test_c_frame_roundtrip
KmiDi_CANON/ui/intent_ir/mod.rs	22	struct	IntentMeta
KmiDi_CANON/ui/intent_ir/mod.rs	31	impl	Default
KmiDi_CANON/ui/intent_ir/mod.rs	32	fn	default
KmiDi_CANON/ui/intent_ir/mod.rs	44	struct	EmotionState
KmiDi_CANON/ui/intent_ir/mod.rs	62	impl	Default
KmiDi_CANON/ui/intent_ir/mod.rs	63	fn	default
KmiDi_CANON/ui/intent_ir/mod.rs	78	struct	MusicalIntent
KmiDi_CANON/ui/intent_ir/mod.rs	104	impl	Default
KmiDi_CANON/ui/intent_ir/mod.rs	105	fn	default
KmiDi_CANON/ui/intent_ir/mod.rs	124	struct	TimeScope
KmiDi_CANON/ui/intent_ir/mod.rs	135	impl	Default
KmiDi_CANON/ui/intent_ir/mod.rs	136	fn	default
KmiDi_CANON/ui/intent_ir/mod.rs	149	struct	IntentConstraints
KmiDi_CANON/ui/intent_ir/mod.rs	160	impl	Default
KmiDi_CANON/ui/intent_ir/mod.rs	161	fn	default
KmiDi_CANON/ui/intent_ir/mod.rs	174	enum	IntentSource
KmiDi_CANON/ui/intent_ir/mod.rs	192	struct	IntentProvenance
KmiDi_CANON/ui/intent_ir/mod.rs	199	impl	Default
KmiDi_CANON/ui/intent_ir/mod.rs	200	fn	default
KmiDi_CANON/ui/intent_ir/mod.rs	211	struct	IntentFrame
KmiDi_CANON/ui/intent_ir/mod.rs	220	impl	Default
KmiDi_CANON/ui/intent_ir/mod.rs	221	fn	default
KmiDi_CANON/ui/intent_ir/mod.rs	233	impl	IntentFrame
KmiDi_CANON/ui/intent_ir/mod.rs	235	fn	new
KmiDi_CANON/ui/intent_ir/mod.rs	240	fn	with_ids
KmiDi_CANON/ui/intent_ir/mod.rs	257	fn	test_intent_frame_default
KmiDi_CANON/ui/intent_ir/mod.rs	265	fn	test_intent_frame_with_ids
