status,recovered_abs_path,top_candidate,top_score,second_candidate,second_score,reason
new_file,/System/Volumes/Data/Users/seanburdges/RECOVERY_STAGED_2026-02-18/zip_extract/My Mac/Desktop/KmiDi-remote/macOS/iDAW.entitlements.xml,,0.0000,,0.0000,no_candidate
candidate_match,/System/Volumes/Data/Users/seanburdges/RECOVERY_STAGED_2026-02-18/zip_extract/My Mac/Desktop/KmiDi-remote/models/emotionrecognizer.json,models/emotionrecognizer.json,0.9500,models/instrumentrecognizer.json,0.8670,high_confidence_heuristic
candidate_match,/System/Volumes/Data/Users/seanburdges/RECOVERY_STAGED_2026-02-18/zip_extract/My Mac/Desktop/KmiDi-remote/models/registry.json,models/registry.json,0.9974,models/registry.schema.json,0.9175,high_confidence_heuristic
conflict,/System/Volumes/Data/Users/seanburdges/RECOVERY_STAGED_2026-02-18/zip_extract/My Mac/Desktop/KmiDi-remote/scripts/stash_personal_code.py,scripts/server_penta-core.py,0.8647,scripts/demo_penta-core.py,0.8488,ambiguous_or_medium_confidence_heuristic
new_file,/Volumes/KmiDi-external/COLD_STORAGEEXTERNAL/audio/kelly-audio-data/README.md,ML Kelly Training/backup/configs/README.md,0.6768,docs/penta_core/README.md,0.6642,no_valid_candidate_above_threshold
new_file,/Volumes/KmiDi-external/COLD_STORAGEEXTERNAL/kmidi_datasets/INCORPORATE_RECOVERED_DATA.md,datasets/README.md,0.6618,,0.0000,no_valid_candidate_above_threshold
new_file,/Volumes/KmiDi-external/COLD_STORAGEEXTERNAL/kmidi_datasets/KmiDi/.cursor/plans/build_plan.md,,0.0000,,0.0000,no_candidate
new_file,/Volumes/KmiDi-external/COLD_STORAGEEXTERNAL/kmidi_datasets/KmiDi/.cursor/worktree_preservation_summary.md,,0.0000,,0.0000,no_candidate
new_file,/Volumes/KmiDi-external/COLD_STORAGEEXTERNAL/kmidi_datasets/KmiDi/.tools/apache-maven-3.9.9/README.txt,external/JUCE/extras/NetworkGraphicsDemo/README.txt,0.6567,external/JUCE/examples/Assets/Signing/README.txt,0.6239,no_valid_candidate_above_threshold
new_file,/Volumes/KmiDi-external/COLD_STORAGEEXTERNAL/kmidi_datasets/KmiDi/.tools/zulu17.46.19-ca-jdk17.0.9-linux_musl_x64/readme.txt,external/JUCE/examples/Assets/Signing/README.txt,0.6086,external/JUCE/modules/juce_box2d/box2d/README.txt,0.6028,no_valid_candidate_above_threshold
new_file,/Volumes/KmiDi-external/COLD_STORAGEEXTERNAL/kmidi_datasets/KmiDi/CMakeLists.txt,cpp_music_brain/tests/CMakeLists.txt,0.6545,build_fileio/CMakeLists.txt,0.6515,no_valid_candidate_above_threshold
new_file,/Volumes/KmiDi-external/COLD_STORAGEEXTERNAL/kmidi_datasets/KmiDi/CONTRIBUTING.md,docs/CONTRIBUTING.md,0.6101,,0.0000,no_valid_candidate_above_threshold
conflict,/Volumes/KmiDi-external/COLD_STORAGEEXTERNAL/kmidi_datasets/KmiDi/KmiDi/external/JUCE/BREAKING_CHANGES.md,external/JUCE/BREAKING_CHANGES.md,0.7569,external/JUCE/CHANGE_LIST.md,0.6133,ambiguous_or_medium_confidence_heuristic
conflict,/Volumes/KmiDi-external/COLD_STORAGEEXTERNAL/kmidi_datasets/KmiDi/KmiDi/external/JUCE/CHANGE_LIST.md,external/JUCE/CHANGE_LIST.md,0.7648,external/JUCE/BREAKING_CHANGES.md,0.6193,ambiguous_or_medium_confidence_heuristic
conflict,/Volumes/KmiDi-external/COLD_STORAGEEXTERNAL/kmidi_datasets/KmiDi/KmiDi/external/JUCE/CMakeLists.txt,external/JUCE/CMakeLists.txt,0.7668,external/JUCE/extras/Projucer/CMakeLists.txt,0.7180,ambiguous_or_medium_confidence_heuristic
conflict,/Volumes/KmiDi-external/COLD_STORAGEEXTERNAL/kmidi_datasets/KmiDi/KmiDi/external/JUCE/CODE_OF_CONDUCT.md,external/JUCE/CODE_OF_CONDUCT.md,0.7707,,0.0000,ambiguous_or_medium_confidence_heuristic
new_file,/Volumes/KmiDi-external/COLD_STORAGEEXTERNAL/kmidi_datasets/KmiDi/KmiDi/external/JUCE/LICENSE.md,external/JUCE/LICENSE.md,0.7404,external/JUCE/README.md,0.6156,no_valid_candidate_above_threshold
conflict,/Volumes/KmiDi-external/COLD_STORAGEEXTERNAL/kmidi_datasets/KmiDi/KmiDi/external/JUCE/README.md,external/JUCE/README.md,0.7599,external/JUCE/docs/README.md,0.7114,ambiguous_or_medium_confidence_heuristic
new_file,/Volumes/KmiDi-external/COLD_STORAGEEXTERNAL/kmidi_datasets/KmiDi/KmiDi_FINAL/CMakeLists.txt,iDAW-Android/app/src/main/cpp/CMakeLists.txt,0.6406,cpp_music_brain/CMakeLists.txt,0.6374,no_valid_candidate_above_threshold
new_file,/Volumes/KmiDi-external/COLD_STORAGEEXTERNAL/kmidi_datasets/KmiDi/KmiDi_FINAL/CONSOLIDATION_NOTES.md,,0.0000,,0.0000,no_candidate
new_file,/Volumes/KmiDi-external/COLD_STORAGEEXTERNAL/kmidi_datasets/KmiDi/KmiDi_FINAL/INTENT_IR_V1_BUILD_COMPLETE.md,,0.0000,,0.0000,no_candidate
new_file,/Volumes/KmiDi-external/COLD_STORAGEEXTERNAL/kmidi_datasets/KmiDi/KmiDi_FINAL/INTENT_IR_V1_BUILD_READY.md,,0.0000,,0.0000,no_candidate
new_file,/Volumes/KmiDi-external/COLD_STORAGEEXTERNAL/kmidi_datasets/KmiDi/KmiDi_FINAL/INTENT_IR_V1_COMPLETE.md,,0.0000,,0.0000,no_candidate
new_file,/Volumes/KmiDi-external/COLD_STORAGEEXTERNAL/kmidi_datasets/KmiDi/KmiDi_FINAL/INTENT_IR_V1_FINAL_STATUS.md,,0.0000,,0.0000,no_candidate
new_file,/Volumes/KmiDi-external/COLD_STORAGEEXTERNAL/kmidi_datasets/KmiDi/KmiDi_FINAL/INTENT_IR_V1_FULLY_INTEGRATED.md,,0.0000,,0.0000,no_candidate
new_file,/Volumes/KmiDi-external/COLD_STORAGEEXTERNAL/kmidi_datasets/KmiDi/KmiDi_FINAL/INTENT_IR_V1_SUMMARY.md,,0.0000,,0.0000,no_candidate
new_file,/Volumes/KmiDi-external/COLD_STORAGEEXTERNAL/kmidi_datasets/KmiDi/KmiDi_FINAL/PRROT_16GB_SAFE.md,,0.0000,,0.0000,no_candidate
new_file,/Volumes/KmiDi-external/COLD_STORAGEEXTERNAL/kmidi_datasets/KmiDi/KmiDi_FINAL/PRROT_BUILD_READY.md,,0.0000,,0.0000,no_candidate
new_file,/Volumes/KmiDi-external/COLD_STORAGEEXTERNAL/kmidi_datasets/KmiDi/KmiDi_FINAL/PRROT_COMPLETE_SUMMARY.md,,0.0000,,0.0000,no_candidate
new_file,/Volumes/KmiDi-external/COLD_STORAGEEXTERNAL/kmidi_datasets/KmiDi/KmiDi_FINAL/PRROT_FINAL_STATUS.md,,0.0000,,0.0000,no_candidate
new_file,/Volumes/KmiDi-external/COLD_STORAGEEXTERNAL/kmidi_datasets/KmiDi/KmiDi_FINAL/PRROT_IMPLEMENTATION_COMPLETE.md,,0.0000,,0.0000,no_candidate
new_file,/Volumes/KmiDi-external/COLD_STORAGEEXTERNAL/kmidi_datasets/KmiDi/KmiDi_FINAL/PRROT_READY.md,,0.0000,,0.0000,no_candidate
new_file,/Volumes/KmiDi-external/COLD_STORAGEEXTERNAL/kmidi_datasets/KmiDi/KmiDi_FINAL/PRROT_VERIFICATION_CHECKLIST.md,,0.0000,,0.0000,no_candidate
new_file,/Volumes/KmiDi-external/COLD_STORAGEEXTERNAL/kmidi_datasets/KmiDi/KmiDi_FINAL/RECOVERY_OPS/README.md,tools/kb_analyzer/README.md,0.6680,external/JUCE/docs/README.md,0.6654,no_valid_candidate_above_threshold
new_file,/Volumes/KmiDi-external/COLD_STORAGEEXTERNAL/kmidi_datasets/KmiDi/KmiDi_FINAL/RECOVERY_OPS/docs/ARCHIVE_LOCATIONS.md,,0.0000,,0.0000,no_candidate
new_file,/Volumes/KmiDi-external/COLD_STORAGEEXTERNAL/kmidi_datasets/KmiDi/KmiDi_FINAL/RECOVERY_OPS/inventories/archive_manifest_20260117.txt,,0.0000,,0.0000,no_candidate
new_file,/Volumes/KmiDi-external/COLD_STORAGEEXTERNAL/kmidi_datasets/KmiDi/KmiDi_FINAL/RECOVERY_OPS/inventories/graveyard_contents_20260117.txt,,0.0000,,0.0000,no_candidate
new_file,/Volumes/KmiDi-external/COLD_STORAGEEXTERNAL/kmidi_datasets/KmiDi/KmiDi_FINAL/RECOVERY_OPS/inventories/graveyard_size_20260117.txt,,0.0000,,0.0000,no_candidate
new_file,/Volumes/KmiDi-external/COLD_STORAGEEXTERNAL/kmidi_datasets/KmiDi/KmiDi_FINAL/RECOVERY_OPS/inventories/quarantine_manifest_20260117_premove.txt,,0.0000,,0.0000,no_candidate
new_file,/Volumes/KmiDi-external/COLD_STORAGEEXTERNAL/kmidi_datasets/KmiDi/KmiDi_FINAL/apps/macOS/ROADMAP.md,tests/music_brain/ROADMAP.md,0.6609,tests/penta_core/ROADMAP.md,0.6329,no_valid_candidate_above_threshold
new_file,/Volumes/KmiDi-external/COLD_STORAGEEXTERNAL/kmidi_datasets/KmiDi/KmiDi_FINAL/apps/macOS/TODO.md,tests/music_brain/TODO.md,0.6532,tests/penta_core/TODO.md,0.6252,no_valid_candidate_above_threshold
new_file,/Volumes/KmiDi-external/COLD_STORAGEEXTERNAL/kmidi_datasets/KmiDi/KmiDi_FINAL/assets/audio/README.md,tools/kb_analyzer/README.md,0.6679,external/JUCE/modules/juce_audio_devices/native/oboe/src/common/README.md,0.6612,no_valid_candidate_above_threshold
new_file,/Volumes/KmiDi-external/COLD_STORAGEEXTERNAL/kmidi_datasets/KmiDi/KmiDi_FINAL/docs/BUILD_ANALYSIS_AND_IMPROVEMENTS.md,,0.0000,,0.0000,no_candidate
new_file,/Volumes/KmiDi-external/COLD_STORAGEEXTERNAL/kmidi_datasets/KmiDi/KmiDi_FINAL/docs/BUILD_IMPROVEMENTS_SUMMARY.md,,0.0000,,0.0000,no_candidate
new_file,/Volumes/KmiDi-external/COLD_STORAGEEXTERNAL/kmidi_datasets/KmiDi/KmiDi_FINAL/docs/BUILD_RESULTS.md,,0.0000,,0.0000,no_candidate
new_file,/Volumes/KmiDi-external/COLD_STORAGEEXTERNAL/kmidi_datasets/KmiDi/KmiDi_FINAL/docs/BUILD_VERIFICATION_STATUS.md,,0.0000,,0.0000,no_candidate
new_file,/Volumes/KmiDi-external/COLD_STORAGEEXTERNAL/kmidi_datasets/KmiDi/KmiDi_FINAL/docs/COMPARISON_GUIDE.md,,0.0000,,0.0000,no_candidate
new_file,/Volumes/KmiDi-external/COLD_STORAGEEXTERNAL/kmidi_datasets/KmiDi/KmiDi_FINAL/docs/COMPREHENSIVE_ROBUSTNESS_IMPROVEMENT_PLAN.md,,0.0000,,0.0000,no_candidate
new_file,/Volumes/KmiDi-external/COLD_STORAGEEXTERNAL/kmidi_datasets/KmiDi/KmiDi_FINAL/docs/DETAILED_ROBUSTNESS_IMPROVEMENTS.md,,0.0000,,0.0000,no_candidate
new_file,/Volumes/KmiDi-external/COLD_STORAGEEXTERNAL/kmidi_datasets/KmiDi/KmiDi_FINAL/docs/DOCUMENTATION_INDEX.md,,0.0000,,0.0000,no_candidate
new_file,/Volumes/KmiDi-external/COLD_STORAGEEXTERNAL/kmidi_datasets/KmiDi/KmiDi_FINAL/docs/Emotion_Instrument_Library.md,,0.0000,,0.0000,no_candidate
new_file,/Volumes/KmiDi-external/COLD_STORAGEEXTERNAL/kmidi_datasets/KmiDi/KmiDi_FINAL/docs/FULL_PIPELINE_DOCUMENTATION.md,,0.0000,,0.0000,no_candidate
new_file,/Volumes/KmiDi-external/COLD_STORAGEEXTERNAL/kmidi_datasets/KmiDi/KmiDi_FINAL/docs/GOOGLE_DRIVE_INTEGRATION.md,,0.0000,,0.0000,no_candidate
new_file,/Volumes/KmiDi-external/COLD_STORAGEEXTERNAL/kmidi_datasets/KmiDi/KmiDi_FINAL/docs/IMPROVEMENTS_IMPLEMENTED.md,,0.0000,,0.0000,no_candidate
new_file,/Volumes/KmiDi-external/COLD_STORAGEEXTERNAL/kmidi_datasets/KmiDi/KmiDi_FINAL/docs/INTEGRATION_GUIDE.md,docs/music_brain/INTEGRATION_GUIDE.md,0.6176,,0.0000,no_valid_candidate_above_threshold
new_file,/Volumes/KmiDi-external/COLD_STORAGEEXTERNAL/kmidi_datasets/KmiDi/KmiDi_FINAL/docs/INTENT_IR_V1_BUILD_GUIDE.md,,0.0000,,0.0000,no_candidate
new_file,/Volumes/KmiDi-external/COLD_STORAGEEXTERNAL/kmidi_datasets/KmiDi/KmiDi_FINAL/docs/INTENT_IR_V1_BUILD_STATUS.md,,0.0000,,0.0000,no_candidate
new_file,/Volumes/KmiDi-external/COLD_STORAGEEXTERNAL/kmidi_datasets/KmiDi/KmiDi_FINAL/docs/INTENT_IR_V1_BUILD_VERIFICATION.md,,0.0000,,0.0000,no_candidate
new_file,/Volumes/KmiDi-external/COLD_STORAGEEXTERNAL/kmidi_datasets/KmiDi/KmiDi_FINAL/docs/INTENT_IR_V1_CALLER_UPDATE_EXAMPLES.md,,0.0000,,0.0000,no_candidate
new_file,/Volumes/KmiDi-external/COLD_STORAGEEXTERNAL/kmidi_datasets/KmiDi/KmiDi_FINAL/docs/INTENT_IR_V1_IMPLEMENTATION_COMPLETE.md,,0.0000,,0.0000,no_candidate
new_file,/Volumes/KmiDi-external/COLD_STORAGEEXTERNAL/kmidi_datasets/KmiDi/KmiDi_FINAL/docs/INTENT_IR_V1_IMPLEMENTATION_STATUS.md,,0.0000,,0.0000,no_candidate
new_file,/Volumes/KmiDi-external/COLD_STORAGEEXTERNAL/kmidi_datasets/KmiDi/KmiDi_FINAL/docs/INTENT_IR_V1_INTEGRATION_STATUS.md,,0.0000,,0.0000,no_candidate
new_file,/Volumes/KmiDi-external/COLD_STORAGEEXTERNAL/kmidi_datasets/KmiDi/KmiDi_FINAL/docs/INTENT_IR_V1_MIGRATION_COMPLETE.md,,0.0000,,0.0000,no_candidate
new_file,/Volumes/KmiDi-external/COLD_STORAGEEXTERNAL/kmidi_datasets/KmiDi/KmiDi_FINAL/docs/INTENT_IR_V1_MIGRATION_EXAMPLE.md,,0.0000,,0.0000,no_candidate
new_file,/Volumes/KmiDi-external/COLD_STORAGEEXTERNAL/kmidi_datasets/KmiDi/KmiDi_FINAL/docs/INTENT_IR_V1_NEXT_STEPS.md,,0.0000,,0.0000,no_candidate
new_file,/Volumes/KmiDi-external/COLD_STORAGEEXTERNAL/kmidi_datasets/KmiDi/KmiDi_FINAL/docs/INTENT_IR_V1_PERFORMANCE.md,,0.0000,,0.0000,no_candidate
new_file,/Volumes/KmiDi-external/COLD_STORAGEEXTERNAL/kmidi_datasets/KmiDi/KmiDi_FINAL/docs/INTENT_IR_V1_PLUGIN_PROCESSOR_UPDATE.md,,0.0000,,0.0000,no_candidate
new_file,/Volumes/KmiDi-external/COLD_STORAGEEXTERNAL/kmidi_datasets/KmiDi/KmiDi_FINAL/docs/INTENT_IR_V1_QUICK_START.md,,0.0000,,0.0000,no_candidate
new_file,/Volumes/KmiDi-external/COLD_STORAGEEXTERNAL/kmidi_datasets/KmiDi/KmiDi_FINAL/docs/INTENT_IR_V1_READY_FOR_TESTING.md,,0.0000,,0.0000,no_candidate
new_file,/Volumes/KmiDi-external/COLD_STORAGEEXTERNAL/kmidi_datasets/KmiDi/KmiDi_FINAL/docs/INTENT_IR_V1_TESTING_GUIDE.md,,0.0000,,0.0000,no_candidate
new_file,/Volumes/KmiDi-external/COLD_STORAGEEXTERNAL/kmidi_datasets/KmiDi/KmiDi_FINAL/docs/INTENT_IR_V1_USAGE.md,,0.0000,,0.0000,no_candidate
new_file,/Volumes/KmiDi-external/COLD_STORAGEEXTERNAL/kmidi_datasets/KmiDi/KmiDi_FINAL/docs/LINKER_FIX_APPLIED.md,,0.0000,,0.0000,no_candidate
new_file,/Volumes/KmiDi-external/COLD_STORAGEEXTERNAL/kmidi_datasets/KmiDi/KmiDi_FINAL/docs/Logic_Pro_Plugin_Compatibility_Report.md,,0.0000,,0.0000,no_candidate
new_file,/Volumes/KmiDi-external/COLD_STORAGEEXTERNAL/kmidi_datasets/KmiDi/KmiDi_FINAL/docs/MODELS_README.md,datasets/README.md,0.6238,,0.0000,no_valid_candidate_above_threshold
new_file,/Volumes/KmiDi-external/COLD_STORAGEEXTERNAL/kmidi_datasets/KmiDi/KmiDi_FINAL/docs/MODEL_COMPLETION_CHECKLIST.md,,0.0000,,0.0000,no_candidate
new_file,/Volumes/KmiDi-external/COLD_STORAGEEXTERNAL/kmidi_datasets/KmiDi/KmiDi_FINAL/docs/MODEL_IMPLEMENTATION_SUMMARY.md,,0.0000,,0.0000,no_candidate
new_file,/Volumes/KmiDi-external/COLD_STORAGEEXTERNAL/kmidi_datasets/KmiDi/KmiDi_FINAL/docs/MODEL_INVENTORY.md,,0.0000,,0.0000,no_candidate
new_file,/Volumes/KmiDi-external/COLD_STORAGEEXTERNAL/kmidi_datasets/KmiDi/KmiDi_FINAL/docs/MODEL_QUICK_REFERENCE.md,,0.0000,,0.0000,no_candidate
new_file,/Volumes/KmiDi-external/COLD_STORAGEEXTERNAL/kmidi_datasets/KmiDi/KmiDi_FINAL/docs/MODEL_SETUP_GUIDE.md,,0.0000,,0.0000,no_candidate
new_file,/Volumes/KmiDi-external/COLD_STORAGEEXTERNAL/kmidi_datasets/KmiDi/KmiDi_FINAL/docs/MODEL_WORKFLOW.md,,0.0000,,0.0000,no_candidate
new_file,/Volumes/KmiDi-external/COLD_STORAGEEXTERNAL/kmidi_datasets/KmiDi/KmiDi_FINAL/docs/MULTI_LANGUAGE_ARCHITECTURE.md,,0.0000,,0.0000,no_candidate
new_file,/Volumes/KmiDi-external/COLD_STORAGEEXTERNAL/kmidi_datasets/KmiDi/KmiDi_FINAL/docs/MVP_COMPLETE.md,docs/summaries/MVP_COMPLETE.md,0.6206,,0.0000,no_valid_candidate_above_threshold
new_file,/Volumes/KmiDi-external/COLD_STORAGEEXTERNAL/kmidi_datasets/KmiDi/KmiDi_FINAL/docs/PERFORMANCE_SHEET_WITH_VOWELS.md,,0.0000,,0.0000,no_candidate
new_file,/Volumes/KmiDi-external/COLD_STORAGEEXTERNAL/kmidi_datasets/KmiDi/KmiDi_FINAL/docs/PHONEME_ALIGNER_INTEGRATION.md,,0.0000,,0.0000,no_candidate
new_file,/Volumes/KmiDi-external/COLD_STORAGEEXTERNAL/kmidi_datasets/KmiDi/KmiDi_FINAL/docs/PIPELINE_VISUAL_SUMMARY.md,,0.0000,,0.0000,no_candidate
new_file,/Volumes/KmiDi-external/COLD_STORAGEEXTERNAL/kmidi_datasets/KmiDi/KmiDi_FINAL/docs/PRROT_16GB_SAFETY.md,,0.0000,,0.0000,no_candidate
new_file,/Volumes/KmiDi-external/COLD_STORAGEEXTERNAL/kmidi_datasets/KmiDi/KmiDi_FINAL/docs/PRROT_16GB_VERIFICATION.md,,0.0000,,0.0000,no_candidate
new_file,/Volumes/KmiDi-external/COLD_STORAGEEXTERNAL/kmidi_datasets/KmiDi/KmiDi_FINAL/docs/PRROT_API_REFERENCE.md,,0.0000,,0.0000,no_candidate
new_file,/Volumes/KmiDi-external/COLD_STORAGEEXTERNAL/kmidi_datasets/KmiDi/KmiDi_FINAL/docs/PRROT_ARCHITECTURE.md,,0.0000,,0.0000,no_candidate
new_file,/Volumes/KmiDi-external/COLD_STORAGEEXTERNAL/kmidi_datasets/KmiDi/KmiDi_FINAL/docs/PRROT_CROSS_PLATFORM.md,,0.0000,,0.0000,no_candidate
new_file,/Volumes/KmiDi-external/COLD_STORAGEEXTERNAL/kmidi_datasets/KmiDi/KmiDi_FINAL/docs/PRROT_IMPLEMENTATION_SUMMARY.md,,0.0000,,0.0000,no_candidate
new_file,/Volumes/KmiDi-external/COLD_STORAGEEXTERNAL/kmidi_datasets/KmiDi/KmiDi_FINAL/docs/PRROT_MEMORY_SAFETY_VERIFIED.md,,0.0000,,0.0000,no_candidate
new_file,/Volumes/KmiDi-external/COLD_STORAGEEXTERNAL/kmidi_datasets/KmiDi/KmiDi_FINAL/docs/PRROT_QUICK_START.md,,0.0000,,0.0000,no_candidate
new_file,/Volumes/KmiDi-external/COLD_STORAGEEXTERNAL/kmidi_datasets/KmiDi/KmiDi_FINAL/docs/QUICK_BUILD_CHECKLIST.md,,0.0000,,0.0000,no_candidate
new_file,/Volumes/KmiDi-external/COLD_STORAGEEXTERNAL/kmidi_datasets/KmiDi/KmiDi_FINAL/docs/ROBUSTNESS_COMPLETE_STATUS.md,,0.0000,,0.0000,no_candidate
new_file,/Volumes/KmiDi-external/COLD_STORAGEEXTERNAL/kmidi_datasets/KmiDi/KmiDi_FINAL/docs/ROBUSTNESS_EXTENDED_IMPLEMENTATION.md,,0.0000,,0.0000,no_candidate
new_file,/Volumes/KmiDi-external/COLD_STORAGEEXTERNAL/kmidi_datasets/KmiDi/KmiDi_FINAL/docs/ROBUSTNESS_FINAL_SUMMARY.md,,0.0000,,0.0000,no_candidate
new_file,/Volumes/KmiDi-external/COLD_STORAGEEXTERNAL/kmidi_datasets/KmiDi/KmiDi_FINAL/docs/ROBUSTNESS_IMPLEMENTATION_COMPLETE.md,,0.0000,,0.0000,no_candidate
new_file,/Volumes/KmiDi-external/COLD_STORAGEEXTERNAL/kmidi_datasets/KmiDi/KmiDi_FINAL/docs/ROBUSTNESS_IMPROVEMENTS_IMPLEMENTED.md,,0.0000,,0.0000,no_candidate
new_file,/Volumes/KmiDi-external/COLD_STORAGEEXTERNAL/kmidi_datasets/KmiDi/KmiDi_FINAL/docs/ROBUSTNESS_QUICK_REFERENCE.md,,0.0000,,0.0000,no_candidate
new_file,/Volumes/KmiDi-external/COLD_STORAGEEXTERNAL/kmidi_datasets/KmiDi/KmiDi_FINAL/docs/React_Component_Integration.md,,0.0000,,0.0000,no_candidate
new_file,/Volumes/KmiDi-external/COLD_STORAGEEXTERNAL/kmidi_datasets/KmiDi/KmiDi_FINAL/docs/SAMPLE_LIBRARY_COMPLETE.md,docs/summaries/SAMPLE_LIBRARY_COMPLETE.md,0.6206,,0.0000,no_valid_candidate_above_threshold
new_file,/Volumes/KmiDi-external/COLD_STORAGEEXTERNAL/kmidi_datasets/KmiDi/KmiDi_FINAL/docs/SCHEMA_COMPARISON.md,,0.0000,,0.0000,no_candidate
new_file,/Volumes/KmiDi-external/COLD_STORAGEEXTERNAL/kmidi_datasets/KmiDi/KmiDi_FINAL/docs/SESSION_SUMMARY.md,,0.0000,,0.0000,no_candidate
new_file,/Volumes/KmiDi-external/COLD_STORAGEEXTERNAL/kmidi_datasets/KmiDi/KmiDi_FINAL/docs/STANDALONE_GENERATION_ARCHITECTURE.md,,0.0000,,0.0000,no_candidate
new_file,/Volumes/KmiDi-external/COLD_STORAGEEXTERNAL/kmidi_datasets/KmiDi/KmiDi_FINAL/docs/STANDALONE_GENERATION_OPTIMIZATION.md,,0.0000,,0.0000,no_candidate
new_file,/Volumes/KmiDi-external/COLD_STORAGEEXTERNAL/kmidi_datasets/KmiDi/KmiDi_FINAL/docs/STANDALONE_GENERATION_SUMMARY.md,,0.0000,,0.0000,no_candidate
new_file,/Volumes/KmiDi-external/COLD_STORAGEEXTERNAL/kmidi_datasets/KmiDi/KmiDi_FINAL/docs/TEST_INTEGRATION_COMPLETE.md,,0.0000,,0.0000,no_candidate
new_file,/Volumes/KmiDi-external/COLD_STORAGEEXTERNAL/kmidi_datasets/KmiDi/KmiDi_FINAL/docs/TIMBRE_EXTRACTOR_INTEGRATION.md,,0.0000,,0.0000,no_candidate
new_file,/Volumes/KmiDi-external/COLD_STORAGEEXTERNAL/kmidi_datasets/KmiDi/KmiDi_FINAL/docs/VOCAL_GENERATION_ROBUSTNESS_PLAN.md,,0.0000,,0.0000,no_candidate
new_file,/Volumes/KmiDi-external/COLD_STORAGEEXTERNAL/kmidi_datasets/KmiDi/KmiDi_FINAL/docs/VOCAL_ROBUSTNESS_IMPLEMENTED.md,,0.0000,,0.0000,no_candidate
new_file,/Volumes/KmiDi-external/COLD_STORAGEEXTERNAL/kmidi_datasets/KmiDi/KmiDi_FINAL/docs/VOCAL_ROBUSTNESS_SUMMARY.md,,0.0000,,0.0000,no_candidate
new_file,/Volumes/KmiDi-external/COLD_STORAGEEXTERNAL/kmidi_datasets/KmiDi/KmiDi_FINAL/docs/audit/build_verification_report.md,,0.0000,,0.0000,no_candidate
new_file,/Volumes/KmiDi-external/COLD_STORAGEEXTERNAL/kmidi_datasets/KmiDi/KmiDi_FINAL/docs/audit/plugin_compliance_audit.md,,0.0000,,0.0000,no_candidate
new_file,/Volumes/KmiDi-external/COLD_STORAGEEXTERNAL/kmidi_datasets/KmiDi/KmiDi_FINAL/docs/audit/standalone_compliance_audit.md,,0.0000,,0.0000,no_candidate
new_file,/Volumes/KmiDi-external/COLD_STORAGEEXTERNAL/kmidi_datasets/KmiDi/KmiDi_FINAL/docs/cpp/PLUGIN_PATTERNS.md,,0.0000,,0.0000,no_candidate
new_file,/Volumes/KmiDi-external/COLD_STORAGEEXTERNAL/kmidi_datasets/KmiDi/KmiDi_FINAL/docs/ml/TRAINING_INSIGHTS.md,,0.0000,,0.0000,no_candidate
new_file,/Volumes/KmiDi-external/COLD_STORAGEEXTERNAL/kmidi_datasets/KmiDi/KmiDi_FINAL/docs/specs/01_FOUNDATION_SYSTEM_UI.md,,0.0000,,0.0000,no_candidate
new_file,/Volumes/KmiDi-external/COLD_STORAGEEXTERNAL/kmidi_datasets/KmiDi/KmiDi_FINAL/docs/specs/02_LAYOUT_NAVIGATION.md,,0.0000,,0.0000,no_candidate
new_file,/Volumes/KmiDi-external/COLD_STORAGEEXTERNAL/kmidi_datasets/KmiDi/KmiDi_FINAL/docs/specs/03_VISUAL_SYSTEM.md,,0.0000,,0.0000,no_candidate
new_file,/Volumes/KmiDi-external/COLD_STORAGEEXTERNAL/kmidi_datasets/KmiDi/KmiDi_FINAL/docs/specs/04_CORE_MUSICAL_UI.md,,0.0000,,0.0000,no_candidate
new_file,/Volumes/KmiDi-external/COLD_STORAGEEXTERNAL/kmidi_datasets/KmiDi/KmiDi_FINAL/docs/specs/05_AI_ML_VISIBILITY.md,,0.0000,,0.0000,no_candidate
new_file,/Volumes/KmiDi-external/COLD_STORAGEEXTERNAL/kmidi_datasets/KmiDi/KmiDi_FINAL/docs/specs/06_CONTROL_TRUST.md,,0.0000,,0.0000,no_candidate
new_file,/Volumes/KmiDi-external/COLD_STORAGEEXTERNAL/kmidi_datasets/KmiDi/KmiDi_FINAL/docs/specs/07_PLUGIN_SPECIFIC.md,,0.0000,,0.0000,no_candidate
new_file,/Volumes/KmiDi-external/COLD_STORAGEEXTERNAL/kmidi_datasets/KmiDi/KmiDi_FINAL/docs/specs/08_OUTPUT_VERIFICATION.md,,0.0000,,0.0000,no_candidate
new_file,/Volumes/KmiDi-external/COLD_STORAGEEXTERNAL/kmidi_datasets/KmiDi/KmiDi_FINAL/docs/specs/09_DOCUMENTATION_REPO.md,,0.0000,,0.0000,no_candidate
new_file,/Volumes/KmiDi-external/COLD_STORAGEEXTERNAL/kmidi_datasets/KmiDi/KmiDi_FINAL/engine/cpp_music_brain/CMakeLists.txt,cpp_music_brain/CMakeLists.txt,0.7415,cpp_music_brain/tests/CMakeLists.txt,0.6792,no_valid_candidate_above_threshold
new_file,/Volumes/KmiDi-external/COLD_STORAGEEXTERNAL/kmidi_datasets/KmiDi/KmiDi_FINAL/engine/intent_ir/CMakeLists.txt,external/JUCE/extras/UnitTestRunner/CMakeLists.txt,0.6767,external/JUCE/extras/AudioPerformanceTest/CMakeLists.txt,0.6702,no_valid_candidate_above_threshold
new_file,/Volumes/KmiDi-external/COLD_STORAGEEXTERNAL/kmidi_datasets/KmiDi/KmiDi_FINAL/engine/src/ARCHIVED_REFERENCE.md,,0.0000,,0.0000,no_candidate
new_file,/Volumes/KmiDi-external/COLD_STORAGEEXTERNAL/kmidi_datasets/KmiDi/KmiDi_FINAL/engine/src/CMakeLists.txt,build_fileio/CMakeLists.txt,0.6761,iDAW-Android/app/src/main/cpp/CMakeLists.txt,0.6725,no_valid_candidate_above_threshold
new_file,/Volumes/KmiDi-external/COLD_STORAGEEXTERNAL/kmidi_datasets/KmiDi/KmiDi_FINAL/engine/src_penta-core/CMakeLists.txt,src_penta-core/CMakeLists.txt,0.7337,tests/penta_core/CMakeLists.txt,0.6881,no_valid_candidate_above_threshold
new_file,/Volumes/KmiDi-external/COLD_STORAGEEXTERNAL/kmidi_datasets/KmiDi/KmiDi_FINAL/ml/models/README.md,datasets/README.md,0.6667,tools/kb_analyzer/README.md,0.6651,no_valid_candidate_above_threshold
new_file,/Volumes/KmiDi-external/COLD_STORAGEEXTERNAL/kmidi_datasets/KmiDi/KmiDi_FINAL/python/kmidi_gui/QUICKSTART.md,,0.0000,,0.0000,no_candidate
new_file,/Volumes/KmiDi-external/COLD_STORAGEEXTERNAL/kmidi_datasets/KmiDi/KmiDi_FINAL/python/kmidi_gui/README.md,tools/kb_analyzer/README.md,0.6710,models/onnx/README.md,0.6515,no_valid_candidate_above_threshold
new_file,/Volumes/KmiDi-external/COLD_STORAGEEXTERNAL/kmidi_datasets/KmiDi/KmiDi_FINAL/python/kmidi_gui/requirements.txt,mcp_penta_swarm/requirements.txt,0.6267,,0.0000,no_valid_candidate_above_threshold
new_file,/Volumes/KmiDi-external/COLD_STORAGEEXTERNAL/kmidi_datasets/KmiDi/KmiDi_FINAL/python/mcp_penta_swarm/README.md,examples/music_brain/intents/README.md,0.6853,python/penta_core/teachers/README.md,0.6808,no_valid_candidate_above_threshold
new_file,/Volumes/KmiDi-external/COLD_STORAGEEXTERNAL/kmidi_datasets/KmiDi/KmiDi_FINAL/python/prrot/README.md,datasets/README.md,0.6743,tools/kb_analyzer/README.md,0.6616,no_valid_candidate_above_threshold
new_file,/Volumes/KmiDi-external/COLD_STORAGEEXTERNAL/kmidi_datasets/KmiDi/KmiDi_FINAL/requirements_models.txt,,0.0000,,0.0000,no_candidate
new_file,/Volumes/KmiDi-external/COLD_STORAGEEXTERNAL/kmidi_datasets/KmiDi/KmiDi_FINAL/scripts/README.md,tools/scripts/README.md,0.7154,datasets/README.md,0.6925,no_valid_candidate_above_threshold
new_file,/Volumes/KmiDi-external/COLD_STORAGEEXTERNAL/kmidi_datasets/KmiDi/KmiDi_PROJECT/scripts/UI_TEST_CHECKLIST.md,,0.0000,,0.0000,no_candidate
conflict,/Volumes/KmiDi-external/COLD_STORAGEEXTERNAL/kmidi_datasets/KmiDi/README.md,datasets/README.md,0.7864,models/onnx/README.md,0.6692,ambiguous_or_medium_confidence_heuristic
new_file,/Volumes/KmiDi-external/COLD_STORAGEEXTERNAL/kmidi_datasets/KmiDi/SOURCE_OF_TRUTH.md,,0.0000,,0.0000,no_candidate
new_file,/Volumes/KmiDi-external/COLD_STORAGEEXTERNAL/kmidi_datasets/KmiDi/WORKSPACE_SETUP.md,datasets/README.md,0.6273,,0.0000,no_valid_candidate_above_threshold
new_file,/Volumes/KmiDi-external/COLD_STORAGEEXTERNAL/kmidi_datasets/KmiDi/_SORTED_ANALYSIS.md,datasets/README.md,0.6007,,0.0000,no_valid_candidate_above_threshold
new_file,/Volumes/KmiDi-external/COLD_STORAGEEXTERNAL/kmidi_datasets/KmiDi/bindings/CMakeLists.txt,bindings/CMakeLists.txt,0.7430,tests/penta_core/CMakeLists.txt,0.6625,no_valid_candidate_above_threshold
new_file,/Volumes/KmiDi-external/COLD_STORAGEEXTERNAL/kmidi_datasets/KmiDi/docs/AI_CONTROL_LAYER.md,,0.0000,,0.0000,no_candidate
new_file,/Volumes/KmiDi-external/COLD_STORAGEEXTERNAL/kmidi_datasets/KmiDi/docs/API.md,,0.0000,,0.0000,no_candidate
new_file,/Volumes/KmiDi-external/COLD_STORAGEEXTERNAL/kmidi_datasets/KmiDi/docs/ARCHITECTURE.md,docs/ARCHITECTURE.md,0.6301,,0.0000,no_valid_candidate_above_threshold
new_file,/Volumes/KmiDi-external/COLD_STORAGEEXTERNAL/kmidi_datasets/KmiDi/docs/CLOUD_TRAINING_GUIDE.md,,0.0000,,0.0000,no_candidate
new_file,/Volumes/KmiDi-external/COLD_STORAGEEXTERNAL/kmidi_datasets/KmiDi/docs/DEBUGGING_GUIDE.md,,0.0000,,0.0000,no_candidate
new_file,/Volumes/KmiDi-external/COLD_STORAGEEXTERNAL/kmidi_datasets/KmiDi/docs/DEVELOPMENT.md,,0.0000,,0.0000,no_candidate
new_file,/Volumes/KmiDi-external/COLD_STORAGEEXTERNAL/kmidi_datasets/KmiDi/docs/DSP_CORE_API.md,datasets/README.md,0.6107,,0.0000,no_valid_candidate_above_threshold
new_file,/Volumes/KmiDi-external/COLD_STORAGEEXTERNAL/kmidi_datasets/KmiDi/docs/DUPLICATE_CODE_ANALYSIS.md,,0.0000,,0.0000,no_candidate
new_file,/Volumes/KmiDi-external/COLD_STORAGEEXTERNAL/kmidi_datasets/KmiDi/docs/ENVIRONMENT.md,datasets/README.md,0.6075,,0.0000,no_valid_candidate_above_threshold
new_file,/Volumes/KmiDi-external/COLD_STORAGEEXTERNAL/kmidi_datasets/KmiDi/docs/HOST_GLUE_ARCHITECTURE.md,,0.0000,,0.0000,no_candidate
new_file,/Volumes/KmiDi-external/COLD_STORAGEEXTERNAL/kmidi_datasets/KmiDi/docs/INTENT_IR_SPEC.md,,0.0000,,0.0000,no_candidate
new_file,/Volumes/KmiDi-external/COLD_STORAGEEXTERNAL/kmidi_datasets/KmiDi/docs/MERGE_LOG.md,,0.0000,,0.0000,no_candidate
new_file,/Volumes/KmiDi-external/COLD_STORAGEEXTERNAL/kmidi_datasets/KmiDi/docs/ML_TRAINING_STATUS.md,,0.0000,,0.0000,no_candidate
new_file,/Volumes/KmiDi-external/COLD_STORAGEEXTERNAL/kmidi_datasets/KmiDi/docs/NAMING_CONVENTIONS.md,,0.0000,,0.0000,no_candidate
new_file,/Volumes/KmiDi-external/COLD_STORAGEEXTERNAL/kmidi_datasets/KmiDi/docs/STASH_INTEGRATION_LOG.md,,0.0000,,0.0000,no_candidate
new_file,/Volumes/KmiDi-external/COLD_STORAGEEXTERNAL/kmidi_datasets/KmiDi/docs/STASH_INVENTORY.md,,0.0000,,0.0000,no_candidate
new_file,/Volumes/KmiDi-external/COLD_STORAGEEXTERNAL/kmidi_datasets/KmiDi/docs/STRUCTURE_CROSS_EXAMINATION/00_CROSS_EXAMINATION_INDEX.md,,0.0000,,0.0000,no_candidate
new_file,/Volumes/KmiDi-external/COLD_STORAGEEXTERNAL/kmidi_datasets/KmiDi/docs/STRUCTURE_CROSS_EXAMINATION/01_DOCUMENTATION_STRUCTURE_MAP.md,,0.0000,,0.0000,no_candidate
new_file,/Volumes/KmiDi-external/COLD_STORAGEEXTERNAL/kmidi_datasets/KmiDi/docs/STRUCTURE_CROSS_EXAMINATION/02_SPEC_COVERAGE_ANALYSIS.md,,0.0000,,0.0000,no_candidate
new_file,/Volumes/KmiDi-external/COLD_STORAGEEXTERNAL/kmidi_datasets/KmiDi/docs/STRUCTURE_CROSS_EXAMINATION/03_CODE_ARCHITECTURE_REPORT.md,,0.0000,,0.0000,no_candidate
new_file,/Volumes/KmiDi-external/COLD_STORAGEEXTERNAL/kmidi_datasets/KmiDi/docs/STRUCTURE_CROSS_EXAMINATION/04_UI_UX_COMPLIANCE_REPORT.md,,0.0000,,0.0000,no_candidate
new_file,/Volumes/KmiDi-external/COLD_STORAGEEXTERNAL/kmidi_datasets/KmiDi/docs/STRUCTURE_CROSS_EXAMINATION/05_SELECTED_FILES_DEEP_DIVE.md,,0.0000,,0.0000,no_candidate
new_file,/Volumes/KmiDi-external/COLD_STORAGEEXTERNAL/kmidi_datasets/KmiDi/docs/STRUCTURE_CROSS_EXAMINATION/06_GAP_ANALYSIS_AND_RECOMMENDATIONS.md,,0.0000,,0.0000,no_candidate
new_file,/Volumes/KmiDi-external/COLD_STORAGEEXTERNAL/kmidi_datasets/KmiDi/docs/STRUCTURE_CROSS_EXAMINATION/07_SPEC_TO_IMPLEMENTATION_MATRIX.md,,0.0000,,0.0000,no_candidate
new_file,/Volumes/KmiDi-external/COLD_STORAGEEXTERNAL/kmidi_datasets/KmiDi/docs/STRUCTURE_CROSS_EXAMINATION/08_MODERN_STANDARDS_COMPLIANCE.md,,0.0000,,0.0000,no_candidate
new_file,/Volumes/KmiDi-external/COLD_STORAGEEXTERNAL/kmidi_datasets/KmiDi/docs/UI_BOUNDARY_RULES.md,,0.0000,,0.0000,no_candidate
new_file,/Volumes/KmiDi-external/COLD_STORAGEEXTERNAL/kmidi_datasets/KmiDi/docs/audit/build_verification_report.md,,0.0000,,0.0000,no_candidate
new_file,/Volumes/KmiDi-external/COLD_STORAGEEXTERNAL/kmidi_datasets/KmiDi/docs/audit/plugin_compliance_audit.md,,0.0000,,0.0000,no_candidate
new_file,/Volumes/KmiDi-external/COLD_STORAGEEXTERNAL/kmidi_datasets/KmiDi/docs/audit/standalone_compliance_audit.md,,0.0000,,0.0000,no_candidate
new_file,/Volumes/KmiDi-external/COLD_STORAGEEXTERNAL/kmidi_datasets/KmiDi/docs/control_trust.md,,0.0000,,0.0000,no_candidate
new_file,/Volumes/KmiDi-external/COLD_STORAGEEXTERNAL/kmidi_datasets/KmiDi/docs/output_verification.md,,0.0000,,0.0000,no_candidate
new_file,/Volumes/KmiDi-external/COLD_STORAGEEXTERNAL/kmidi_datasets/KmiDi/docs/previews/README.md,datasets/README.md,0.6732,external/JUCE/modules/juce_audio_processors/format_types/VST3_SDK/pluginterfaces/README.md,0.6521,no_valid_candidate_above_threshold
new_file,/Volumes/KmiDi-external/COLD_STORAGEEXTERNAL/kmidi_datasets/KmiDi/docs/screenshots/README.md,tools/scripts/README.md,0.6662,datasets/README.md,0.6654,no_valid_candidate_above_threshold
new_file,/Volumes/KmiDi-external/COLD_STORAGEEXTERNAL/kmidi_datasets/KmiDi/docs/specs/01_FOUNDATION_SYSTEM_UI.md,,0.0000,,0.0000,no_candidate
new_file,/Volumes/KmiDi-external/COLD_STORAGEEXTERNAL/kmidi_datasets/KmiDi/docs/specs/02_LAYOUT_NAVIGATION.md,,0.0000,,0.0000,no_candidate
new_file,/Volumes/KmiDi-external/COLD_STORAGEEXTERNAL/kmidi_datasets/KmiDi/docs/specs/03_VISUAL_SYSTEM.md,,0.0000,,0.0000,no_candidate
new_file,/Volumes/KmiDi-external/COLD_STORAGEEXTERNAL/kmidi_datasets/KmiDi/docs/specs/04_CORE_MUSICAL_UI.md,,0.0000,,0.0000,no_candidate
new_file,/Volumes/KmiDi-external/COLD_STORAGEEXTERNAL/kmidi_datasets/KmiDi/docs/specs/05_AI_ML_VISIBILITY.md,,0.0000,,0.0000,no_candidate
new_file,/Volumes/KmiDi-external/COLD_STORAGEEXTERNAL/kmidi_datasets/KmiDi/docs/specs/06_CONTROL_TRUST.md,,0.0000,,0.0000,no_candidate
new_file,/Volumes/KmiDi-external/COLD_STORAGEEXTERNAL/kmidi_datasets/KmiDi/docs/specs/07_PLUGIN_SPECIFIC.md,,0.0000,,0.0000,no_candidate
new_file,/Volumes/KmiDi-external/COLD_STORAGEEXTERNAL/kmidi_datasets/KmiDi/docs/specs/08_OUTPUT_VERIFICATION.md,,0.0000,,0.0000,no_candidate
new_file,/Volumes/KmiDi-external/COLD_STORAGEEXTERNAL/kmidi_datasets/KmiDi/docs/specs/09_DOCUMENTATION_REPO.md,,0.0000,,0.0000,no_candidate
new_file,/Volumes/KmiDi-external/COLD_STORAGEEXTERNAL/kmidi_datasets/KmiDi/experiments/EXPERIMENTAL_FILES_ANALYSIS.md,,0.0000,,0.0000,no_candidate
new_file,/Volumes/KmiDi-external/COLD_STORAGEEXTERNAL/kmidi_datasets/KmiDi/penta_build/CMakeLists.txt,tests/penta_core/CMakeLists.txt,0.7160,external/JUCE/extras/BinaryBuilder/CMakeLists.txt,0.6977,no_valid_candidate_above_threshold
new_file,/Volumes/KmiDi-external/COLD_STORAGEEXTERNAL/kmidi_datasets/KmiDi/scripts/mcp/mcp_penta_swarm/README.md,external/JUCE/modules/juce_audio_devices/native/oboe/src/flowgraph/resampler/README.md,0.6835,tools/scripts/README.md,0.6754,no_valid_candidate_above_threshold
new_file,/Volumes/KmiDi-external/COLD_STORAGEEXTERNAL/kmidi_datasets/KmiDi/scripts/training/README.md,tools/scripts/README.md,0.7132,examples/music_brain/intents/README.md,0.6884,no_valid_candidate_above_threshold
new_file,/Volumes/KmiDi-external/COLD_STORAGEEXTERNAL/kmidi_datasets/KmiDi/scripts/training/V2_RUNBOOK.md,,0.0000,,0.0000,no_candidate
new_file,/Volumes/KmiDi-external/COLD_STORAGEEXTERNAL/kmidi_datasets/KmiDi/scripts/training/cuda_session/requirements.txt,mcp_penta_swarm/requirements.txt,0.6162,,0.0000,no_valid_candidate_above_threshold
new_file,/Volumes/KmiDi-external/COLD_STORAGEEXTERNAL/kmidi_datasets/KmiDi/scripts/training/metal_m4_session/requirements.txt,mcp_penta_swarm/requirements.txt,0.6239,,0.0000,no_valid_candidate_above_threshold
new_file,/Volumes/KmiDi-external/COLD_STORAGEEXTERNAL/kmidi_datasets/KmiDi/scripts/training/mlx_session/README.md,examples/music_brain/intents/README.md,0.7033,ML Kelly Training/backup/configs/README.md,0.6713,no_valid_candidate_above_threshold
new_file,/Volumes/KmiDi-external/COLD_STORAGEEXTERNAL/kmidi_datasets/KmiDi/src/ACTIVE_DEVELOPMENT.md,,0.0000,,0.0000,no_candidate
new_file,/Volumes/KmiDi-external/COLD_STORAGEEXTERNAL/kmidi_datasets/KmiDi/src/INDEX.md,datasets/README.md,0.6174,,0.0000,no_valid_candidate_above_threshold
new_file,/Volumes/KmiDi-external/COLD_STORAGEEXTERNAL/kmidi_datasets/KmiDi/src/audio/ACTIVE_DEVELOPMENT.md,,0.0000,,0.0000,no_candidate
new_file,/Volumes/KmiDi-external/COLD_STORAGEEXTERNAL/kmidi_datasets/KmiDi/src/biometric/ACTIVE_DEVELOPMENT.md,,0.0000,,0.0000,no_candidate
new_file,/Volumes/KmiDi-external/COLD_STORAGEEXTERNAL/kmidi_datasets/KmiDi/src/bridge/ACTIVE_DEVELOPMENT.md,,0.0000,,0.0000,no_candidate
new_file,/Volumes/KmiDi-external/COLD_STORAGEEXTERNAL/kmidi_datasets/KmiDi/src/common/ACTIVE_DEVELOPMENT.md,,0.0000,,0.0000,no_candidate
new_file,/Volumes/KmiDi-external/COLD_STORAGEEXTERNAL/kmidi_datasets/KmiDi/src/diagnostics/ACTIVE_DEVELOPMENT.md,,0.0000,,0.0000,no_candidate
new_file,/Volumes/KmiDi-external/COLD_STORAGEEXTERNAL/kmidi_datasets/KmiDi/src/engine/ACTIVE_DEVELOPMENT.md,,0.0000,,0.0000,no_candidate
new_file,/Volumes/KmiDi-external/COLD_STORAGEEXTERNAL/kmidi_datasets/KmiDi/src/engines/ACTIVE_DEVELOPMENT.md,,0.0000,,0.0000,no_candidate
new_file,/Volumes/KmiDi-external/COLD_STORAGEEXTERNAL/kmidi_datasets/KmiDi/src/export/ACTIVE_DEVELOPMENT.md,,0.0000,,0.0000,no_candidate
new_file,/Volumes/KmiDi-external/COLD_STORAGEEXTERNAL/kmidi_datasets/KmiDi/src/groove/ACTIVE_DEVELOPMENT.md,,0.0000,,0.0000,no_candidate
new_file,/Volumes/KmiDi-external/COLD_STORAGEEXTERNAL/kmidi_datasets/KmiDi/src/gui/ACTIVE_DEVELOPMENT.md,,0.0000,,0.0000,no_candidate
new_file,/Volumes/KmiDi-external/COLD_STORAGEEXTERNAL/kmidi_datasets/KmiDi/src/harmony/ACTIVE_DEVELOPMENT.md,,0.0000,,0.0000,no_candidate
new_file,/Volumes/KmiDi-external/COLD_STORAGEEXTERNAL/kmidi_datasets/KmiDi/src/learning/ACTIVE_DEVELOPMENT.md,,0.0000,,0.0000,no_candidate
new_file,/Volumes/KmiDi-external/COLD_STORAGEEXTERNAL/kmidi_datasets/KmiDi/src/midi/ACTIVE_DEVELOPMENT.md,,0.0000,,0.0000,no_candidate
new_file,/Volumes/KmiDi-external/COLD_STORAGEEXTERNAL/kmidi_datasets/KmiDi/src/ml/ACTIVE_DEVELOPMENT.md,,0.0000,,0.0000,no_candidate
new_file,/Volumes/KmiDi-external/COLD_STORAGEEXTERNAL/kmidi_datasets/KmiDi/src/music_theory/ACTIVE_DEVELOPMENT.md,,0.0000,,0.0000,no_candidate
new_file,/Volumes/KmiDi-external/COLD_STORAGEEXTERNAL/kmidi_datasets/KmiDi/src/music_theory/core/ACTIVE_DEVELOPMENT.md,,0.0000,,0.0000,no_candidate
new_file,/Volumes/KmiDi-external/COLD_STORAGEEXTERNAL/kmidi_datasets/KmiDi/src/music_theory/harmony/ACTIVE_DEVELOPMENT.md,,0.0000,,0.0000,no_candidate
new_file,/Volumes/KmiDi-external/COLD_STORAGEEXTERNAL/kmidi_datasets/KmiDi/src/music_theory/knowledge/ACTIVE_DEVELOPMENT.md,,0.0000,,0.0000,no_candidate
new_file,/Volumes/KmiDi-external/COLD_STORAGEEXTERNAL/kmidi_datasets/KmiDi/src/music_theory/rhythm/ACTIVE_DEVELOPMENT.md,,0.0000,,0.0000,no_candidate
new_file,/Volumes/KmiDi-external/COLD_STORAGEEXTERNAL/kmidi_datasets/KmiDi/src/osc/ACTIVE_DEVELOPMENT.md,,0.0000,,0.0000,no_candidate
new_file,/Volumes/KmiDi-external/COLD_STORAGEEXTERNAL/kmidi_datasets/KmiDi/src/plugin/ACTIVE_DEVELOPMENT.md,,0.0000,,0.0000,no_candidate
new_file,/Volumes/KmiDi-external/COLD_STORAGEEXTERNAL/kmidi_datasets/KmiDi/src/project/ACTIVE_DEVELOPMENT.md,,0.0000,,0.0000,no_candidate
new_file,/Volumes/KmiDi-external/COLD_STORAGEEXTERNAL/kmidi_datasets/KmiDi/src/prrot/ACTIVE_DEVELOPMENT.md,,0.0000,,0.0000,no_candidate
new_file,/Volumes/KmiDi-external/COLD_STORAGEEXTERNAL/kmidi_datasets/KmiDi/src/python/ACTIVE_DEVELOPMENT.md,,0.0000,,0.0000,no_candidate
new_file,/Volumes/KmiDi-external/COLD_STORAGEEXTERNAL/kmidi_datasets/KmiDi/src/ui/ACTIVE_DEVELOPMENT.md,,0.0000,,0.0000,no_candidate
new_file,/Volumes/KmiDi-external/COLD_STORAGEEXTERNAL/kmidi_datasets/KmiDi/src/ui/theory/ACTIVE_DEVELOPMENT.md,,0.0000,,0.0000,no_candidate
new_file,/Volumes/KmiDi-external/COLD_STORAGEEXTERNAL/kmidi_datasets/KmiDi/src/voice/ACTIVE_DEVELOPMENT.md,,0.0000,,0.0000,no_candidate
conflict,/Volumes/KmiDi-external/COLD_STORAGEEXTERNAL/kmidi_datasets/KmiDi/src_penta-core/CMakeLists.txt,src_penta-core/CMakeLists.txt,0.8017,tests/penta_core/CMakeLists.txt,0.7545,ambiguous_or_medium_confidence_heuristic
new_file,/Volumes/KmiDi-external/COLD_STORAGEEXTERNAL/kmidi_datasets/m4singer/DOWNLOAD_INSTRUCTIONS.md,,0.0000,,0.0000,no_candidate
new_file,/Volumes/KmiDi-external/COLD_STORAGEEXTERNAL/kmidi_datasets/requirements.txt,mcp_penta_swarm/requirements.txt,0.6680,,0.0000,no_valid_candidate_above_threshold
new_file,/Volumes/KmiDi-external/COLD_STORAGEEXTERNAL/kmidi_datasets/wasabi/WasabiDataset/README.md,datasets/README.md,0.6997,external/JUCE/modules/juce_audio_processors/format_types/VST3_SDK/README.md,0.6542,no_valid_candidate_above_threshold
new_file,/Volumes/KmiDi-external/COLD_STORAGEEXTERNAL/kmidi_datasets/wasabi/WasabiDataset/ontology/README.md,datasets/README.md,0.6703,external/JUCE/modules/juce_audio_formats/codecs/oggvorbis/libvorbis-1.3.7/README.md,0.6586,no_valid_candidate_above_threshold
new_file,/Volumes/KmiDi-external/COLD_STORAGEEXTERNAL/kmidi_datasets/wasabi/WasabiDataset/src/mongo/README.md,external/JUCE/modules/juce_audio_devices/native/oboe/src/common/README.md,0.6660,datasets/README.md,0.6375,no_valid_candidate_above_threshold
new_file,/Volumes/KmiDi-external/COLD_STORAGEEXTERNAL/kmidi_datasets/wasabi/WasabiDataset/src/virtuoso/README.md,external/JUCE/modules/juce_audio_devices/native/oboe/src/common/README.md,0.6612,external/JUCE/modules/juce_audio_processors/format_types/VST3_SDK/public.sdk/README.md,0.6455,no_valid_candidate_above_threshold
new_file,/Volumes/KmiDi-external/COLD_STORAGEEXTERNAL/kmidi_datasets/wasabi/WasabiDataset/src/xr2rml/README.md,external/JUCE/modules/juce_audio_devices/native/oboe/src/flowgraph/resampler/README.md,0.6503,external/JUCE/modules/juce_audio_devices/native/oboe/src/common/README.md,0.6489,no_valid_candidate_above_threshold
new_file,/Volumes/KmiDi-external/COLD_STORAGEEXTERNAL/ml-training-suite/requirements.txt,bindings/CMakeLists.txt,0.6246,mcp_penta_swarm/requirements.txt,0.6221,no_valid_candidate_above_threshold
new_file,/Volumes/KmiDi-external/COLD_STORAGEEXTERNAL/recovered_intelligence/Documents/Dev_Notes/idaw-agent-prompts.md,,0.0000,,0.0000,no_candidate
new_file,/Volumes/KmiDi-external/COLD_STORAGEEXTERNAL/recovered_intelligence/Documents/Dev_Notes/kelly_system_analysis.md,,0.0000,,0.0000,no_candidate
new_file,/Volumes/KmiDi-external/COLD_STORAGEEXTERNAL/recovered_intelligence/Documents/Dev_Notes/kelly_week1_build.md,,0.0000,,0.0000,no_candidate
new_file,/Volumes/KmiDi-external/COLD_STORAGEEXTERNAL/recovered_intelligence/Documents/Kelly_Business/Kelly_Marketing_Strategy_Funding_Proposal.md,,0.0000,,0.0000,no_candidate
new_file,/Volumes/KmiDi-external/COLD_STORAGEEXTERNAL/recovered_intelligence/Documents/Kelly_Business/kelly_6month_roadmap.md,,0.0000,,0.0000,no_candidate
new_file,/Volumes/KmiDi-external/COLD_STORAGEEXTERNAL/recovered_intelligence/Documents/Kelly_Business/kelly_action_plan.md,,0.0000,,0.0000,no_candidate
new_file,/Volumes/KmiDi-external/COLD_STORAGEEXTERNAL/recovered_intelligence/Documents/Kelly_Business/kelly_executive_summary.md,,0.0000,,0.0000,no_candidate
new_file,/Volumes/KmiDi-external/COLD_STORAGEEXTERNAL/recovered_intelligence/Documents/Kelly_Business/kelly_final_pricing.md,,0.0000,,0.0000,no_candidate
new_file,/Volumes/KmiDi-external/COLD_STORAGEEXTERNAL/recovered_intelligence/Documents/Kelly_Business/kelly_pricing_legal.md,,0.0000,,0.0000,no_candidate
new_file,/Volumes/KmiDi-external/COLD_STORAGEEXTERNAL/recovered_intelligence/Documents/Kelly_Business/kelly_pricing_legal_1.md,,0.0000,,0.0000,no_candidate
new_file,/Volumes/KmiDi-external/COLD_STORAGEEXTERNAL/recovered_intelligence/Documents/Kelly_Business/kelly_vs_suno.md,,0.0000,,0.0000,no_candidate
new_file,/Volumes/KmiDi-external/COLD_STORAGEEXTERNAL/recovered_intelligence/Documents/cursor_bug_and_build_issues.md,,0.0000,,0.0000,no_candidate
new_file,/Volumes/KmiDi-external/COLD_STORAGEEXTERNAL/recovered_intelligence/Documents/cursor_cursor_multi_ai_prompt_file.md,,0.0000,,0.0000,no_candidate
new_file,/Volumes/KmiDi-external/COLD_STORAGEEXTERNAL/recovered_intelligence/Documents/cursor_development_environment_and_proj.md,,0.0000,,0.0000,no_candidate
new_file,/Volumes/KmiDi-external/COLD_STORAGEEXTERNAL/recovered_intelligence/Documents/cursor_dind_docker_for_music_engine_lea.md,,0.0000,,0.0000,no_candidate
new_file,/Volumes/KmiDi-external/COLD_STORAGEEXTERNAL/recovered_intelligence/Documents/cursor_docker_compose_container_creatio.md,,0.0000,,0.0000,no_candidate
new_file,/Volumes/KmiDi-external/COLD_STORAGEEXTERNAL/recovered_intelligence/Documents/cursor_generic_multi_ai_cursor_prompt.md,,0.0000,,0.0000,no_candidate
new_file,/Volumes/KmiDi-external/COLD_STORAGEEXTERNAL/recovered_intelligence/Documents/cursor_multi_agent_cursor_prompt.md,,0.0000,,0.0000,no_candidate
new_file,/Volumes/KmiDi-external/COLD_STORAGEEXTERNAL/recovered_intelligence/Documents/cursor_unspecified_query.md,,0.0000,,0.0000,no_candidate
new_file,/Volumes/KmiDi-external/COLD_STORAGEEXTERNAL/recovered_intelligence/My_Mac_KmiDi_Companion/CANONICAL_REBUILD/ACTION_PLAN.md,,0.0000,,0.0000,no_candidate
new_file,/Volumes/KmiDi-external/COLD_STORAGEEXTERNAL/recovered_intelligence/My_Mac_KmiDi_Companion/CANONICAL_REBUILD/INVENTORY_PHASE.md,,0.0000,,0.0000,no_candidate
new_file,/Volumes/KmiDi-external/COLD_STORAGEEXTERNAL/recovered_intelligence/My_Mac_KmiDi_Companion/CANONICAL_REBUILD/KmiDi/.devcontainer/README.md,ML Kelly Training/backup/configs/README.md,0.6684,external/JUCE/modules/juce_audio_devices/native/oboe/src/flowgraph/resampler/README.md,0.6660,no_valid_candidate_above_threshold
new_file,/Volumes/KmiDi-external/COLD_STORAGEEXTERNAL/recovered_intelligence/My_Mac_KmiDi_Companion/CANONICAL_REBUILD/KmiDi/.github/ISSUE_BNNS_STRUCTURES_PARSING.md,,0.0000,,0.0000,no_candidate
new_file,/Volumes/KmiDi-external/COLD_STORAGEEXTERNAL/recovered_intelligence/My_Mac_KmiDi_Companion/CANONICAL_REBUILD/KmiDi/.github/ISSUE_KELLY_CORE_IMPLEMENTATION.md,,0.0000,,0.0000,no_candidate
new_file,/Volumes/KmiDi-external/COLD_STORAGEEXTERNAL/recovered_intelligence/My_Mac_KmiDi_Companion/CANONICAL_REBUILD/KmiDi/.github/ISSUE_MACOS_SDK_COMPATIBILITY.md,,0.0000,,0.0000,no_candidate
new_file,/Volumes/KmiDi-external/COLD_STORAGEEXTERNAL/recovered_intelligence/My_Mac_KmiDi_Companion/CANONICAL_REBUILD/KmiDi/.github/ISSUE_PYTHON_BINDINGS_UNISTD.md,,0.0000,,0.0000,no_candidate
new_file,/Volumes/KmiDi-external/COLD_STORAGEEXTERNAL/recovered_intelligence/My_Mac_KmiDi_Companion/CANONICAL_REBUILD/KmiDi/.github/ISSUE_SECURE_TRANSPORT_SYNTAX.md,,0.0000,,0.0000,no_candidate
new_file,/Volumes/KmiDi-external/COLD_STORAGEEXTERNAL/recovered_intelligence/My_Mac_KmiDi_Companion/CANONICAL_REBUILD/KmiDi/.github/ISSUE_SEC_KEYCHAIN_ENUMS.md,,0.0000,,0.0000,no_candidate
new_file,/Volumes/KmiDi-external/COLD_STORAGEEXTERNAL/recovered_intelligence/My_Mac_KmiDi_Companion/CANONICAL_REBUILD/KmiDi/.github/ISSUE_SYSTEM_HEADERS_SYNTAX.md,,0.0000,,0.0000,no_candidate
new_file,/Volumes/KmiDi-external/COLD_STORAGEEXTERNAL/recovered_intelligence/My_Mac_KmiDi_Companion/CANONICAL_REBUILD/KmiDi/.tools/apache-maven-3.9.9/README.txt,external/JUCE/modules/juce_core/native/java/README.txt,0.6537,external/JUCE/examples/Assets/Signing/README.txt,0.6382,no_valid_candidate_above_threshold
new_file,/Volumes/KmiDi-external/COLD_STORAGEEXTERNAL/recovered_intelligence/My_Mac_KmiDi_Companion/CANONICAL_REBUILD/KmiDi/.tools/zulu17.46.19-ca-jdk17.0.9-linux_musl_x64/readme.txt,external/JUCE/modules/juce_core/native/java/README.txt,0.6214,external/JUCE/extras/NetworkGraphicsDemo/README.txt,0.6127,no_valid_candidate_above_threshold
new_file,/Volumes/KmiDi-external/COLD_STORAGEEXTERNAL/recovered_intelligence/My_Mac_KmiDi_Companion/CANONICAL_REBUILD/KmiDi/.vscode/CMAKE_GENERATOR_FIX.md,,0.0000,,0.0000,no_candidate
new_file,/Volumes/KmiDi-external/COLD_STORAGEEXTERNAL/recovered_intelligence/My_Mac_KmiDi_Companion/CANONICAL_REBUILD/KmiDi/ADDITIONAL_ITEMS_SEARCH_REPORT.md,,0.0000,,0.0000,no_candidate
new_file,/Volumes/KmiDi-external/COLD_STORAGEEXTERNAL/recovered_intelligence/My_Mac_KmiDi_Companion/CANONICAL_REBUILD/KmiDi/ADDITIONAL_SYSTEMS_MIGRATION_COMPLETE.md,,0.0000,,0.0000,no_candidate
new_file,/Volumes/KmiDi-external/COLD_STORAGEEXTERNAL/recovered_intelligence/My_Mac_KmiDi_Companion/CANONICAL_REBUILD/KmiDi/ADDITIONAL_VALUABLE_ITEMS_REPORT.md,,0.0000,,0.0000,no_candidate
new_file,/Volumes/KmiDi-external/COLD_STORAGEEXTERNAL/recovered_intelligence/My_Mac_KmiDi_Companion/CANONICAL_REBUILD/KmiDi/AGENT_COORDINATION.md,,0.0000,,0.0000,no_candidate
new_file,/Volumes/KmiDi-external/COLD_STORAGEEXTERNAL/recovered_intelligence/My_Mac_KmiDi_Companion/CANONICAL_REBUILD/KmiDi/AI_ML_VERIFICATION_REPORT.md,,0.0000,,0.0000,no_candidate
new_file,/Volumes/KmiDi-external/COLD_STORAGEEXTERNAL/recovered_intelligence/My_Mac_KmiDi_Companion/CANONICAL_REBUILD/KmiDi/ALGORITHMS_MATH_FORMULAS_BRIDGES_CHECK.md,,0.0000,,0.0000,no_candidate
new_file,/Volumes/KmiDi-external/COLD_STORAGEEXTERNAL/recovered_intelligence/My_Mac_KmiDi_Companion/CANONICAL_REBUILD/KmiDi/ALL_MIGRATIONS_COMPLETE.md,,0.0000,,0.0000,no_candidate
new_file,/Volumes/KmiDi-external/COLD_STORAGEEXTERNAL/recovered_intelligence/My_Mac_KmiDi_Companion/CANONICAL_REBUILD/KmiDi/ANALYSIS_CORRECTIONS.md,,0.0000,,0.0000,no_candidate
new_file,/Volumes/KmiDi-external/COLD_STORAGEEXTERNAL/recovered_intelligence/My_Mac_KmiDi_Companion/CANONICAL_REBUILD/KmiDi/ANALYSIS_Production_Guides_and_Tools.md,,0.0000,,0.0000,no_candidate
new_file,/Volumes/KmiDi-external/COLD_STORAGEEXTERNAL/recovered_intelligence/My_Mac_KmiDi_Companion/CANONICAL_REBUILD/KmiDi/ANALYSIS_SUMMARY.md,,0.0000,,0.0000,no_candidate
new_file,/Volumes/KmiDi-external/COLD_STORAGEEXTERNAL/recovered_intelligence/My_Mac_KmiDi_Companion/CANONICAL_REBUILD/KmiDi/ARCHITECTURAL_BOUNDARY_COMPLIANCE_REPORT.md,,0.0000,,0.0000,no_candidate
new_file,/Volumes/KmiDi-external/COLD_STORAGEEXTERNAL/recovered_intelligence/My_Mac_KmiDi_Companion/CANONICAL_REBUILD/KmiDi/ARCHITECTURE_REVIEW_2025-12-30.md,,0.0000,,0.0000,no_candidate
new_file,/Volumes/KmiDi-external/COLD_STORAGEEXTERNAL/recovered_intelligence/My_Mac_KmiDi_Companion/CANONICAL_REBUILD/KmiDi/BUILD_FIXES_COMPLETE.md,,0.0000,,0.0000,no_candidate
new_file,/Volumes/KmiDi-external/COLD_STORAGEEXTERNAL/recovered_intelligence/My_Mac_KmiDi_Companion/CANONICAL_REBUILD/KmiDi/CLAUDE.md,,0.0000,,0.0000,no_candidate
new_file,/Volumes/KmiDi-external/COLD_STORAGEEXTERNAL/recovered_intelligence/My_Mac_KmiDi_Companion/CANONICAL_REBUILD/KmiDi/CMakeLists.txt,external/JUCE/examples/Utilities/CMakeLists.txt,0.6780,external/JUCE/extras/UnitTestRunner/CMakeLists.txt,0.6685,no_valid_candidate_above_threshold
new_file,/Volumes/KmiDi-external/COLD_STORAGEEXTERNAL/recovered_intelligence/My_Mac_KmiDi_Companion/CANONICAL_REBUILD/KmiDi/CORRECTED_STRUCTURE_ANALYSIS.md,,0.0000,,0.0000,no_candidate
new_file,/Volumes/KmiDi-external/COLD_STORAGEEXTERNAL/recovered_intelligence/My_Mac_KmiDi_Companion/CANONICAL_REBUILD/KmiDi/CROSS_EXAMINATION_FINAL_DELIVERABLE.md,,0.0000,,0.0000,no_candidate
new_file,/Volumes/KmiDi-external/COLD_STORAGEEXTERNAL/recovered_intelligence/My_Mac_KmiDi_Companion/CANONICAL_REBUILD/KmiDi/CROSS_EXAMINATION_SUMMARY.md,,0.0000,,0.0000,no_candidate
new_file,/Volumes/KmiDi-external/COLD_STORAGEEXTERNAL/recovered_intelligence/My_Mac_KmiDi_Companion/CANONICAL_REBUILD/KmiDi/DEBUG_ANALYSIS.md,,0.0000,,0.0000,no_candidate
new_file,/Volumes/KmiDi-external/COLD_STORAGEEXTERNAL/recovered_intelligence/My_Mac_KmiDi_Companion/CANONICAL_REBUILD/KmiDi/FFI_BACKGROUND_TASKS_RESTORED.md,,0.0000,,0.0000,no_candidate
new_file,/Volumes/KmiDi-external/COLD_STORAGEEXTERNAL/recovered_intelligence/My_Mac_KmiDi_Companion/CANONICAL_REBUILD/KmiDi/FINAL_STATUS.md,,0.0000,,0.0000,no_candidate
new_file,/Volumes/KmiDi-external/COLD_STORAGEEXTERNAL/recovered_intelligence/My_Mac_KmiDi_Companion/CANONICAL_REBUILD/KmiDi/IMPLEMENTATION_COMPLETE.md,,0.0000,,0.0000,no_candidate
new_file,/Volumes/KmiDi-external/COLD_STORAGEEXTERNAL/recovered_intelligence/My_Mac_KmiDi_Companion/CANONICAL_REBUILD/KmiDi/IMPLEMENTATION_SUMMARY.md,,0.0000,,0.0000,no_candidate
new_file,/Volumes/KmiDi-external/COLD_STORAGEEXTERNAL/recovered_intelligence/My_Mac_KmiDi_Companion/CANONICAL_REBUILD/KmiDi/INTEGRATION_COMPLETE.md,docs/summaries/INTEGRATION_COMPLETE.md,0.6119,,0.0000,no_valid_candidate_above_threshold
new_file,/Volumes/KmiDi-external/COLD_STORAGEEXTERNAL/recovered_intelligence/My_Mac_KmiDi_Companion/CANONICAL_REBUILD/KmiDi/INTEGRATION_COMPLETE_SUMMARY.md,,0.0000,,0.0000,no_candidate
new_file,/Volumes/KmiDi-external/COLD_STORAGEEXTERNAL/recovered_intelligence/My_Mac_KmiDi_Companion/CANONICAL_REBUILD/KmiDi/INTEGRATION_IMPLEMENTATION_PLAN.md,,0.0000,,0.0000,no_candidate
new_file,/Volumes/KmiDi-external/COLD_STORAGEEXTERNAL/recovered_intelligence/My_Mac_KmiDi_Companion/CANONICAL_REBUILD/KmiDi/KMIDI_FINAL_INTEGRATION_TEST.md,,0.0000,,0.0000,no_candidate
new_file,/Volumes/KmiDi-external/COLD_STORAGEEXTERNAL/recovered_intelligence/My_Mac_KmiDi_Companion/CANONICAL_REBUILD/KmiDi/KMI_DI_FINAL_INTEGRATION_SUMMARY.md,,0.0000,,0.0000,no_candidate
new_file,/Volumes/KmiDi-external/COLD_STORAGEEXTERNAL/recovered_intelligence/My_Mac_KmiDi_Companion/CANONICAL_REBUILD/KmiDi/KmiDi_FINAL_INTEGRATION_GUIDE.md,,0.0000,,0.0000,no_candidate
new_file,/Volumes/KmiDi-external/COLD_STORAGEEXTERNAL/recovered_intelligence/My_Mac_KmiDi_Companion/CANONICAL_REBUILD/KmiDi/NEXT_DEVELOPMENT_PHASE.md,,0.0000,,0.0000,no_candidate
new_file,/Volumes/KmiDi-external/COLD_STORAGEEXTERNAL/recovered_intelligence/My_Mac_KmiDi_Companion/CANONICAL_REBUILD/KmiDi/NEXT_STEPS_ACTION_PLAN.md,,0.0000,,0.0000,no_candidate
new_file,/Volumes/KmiDi-external/COLD_STORAGEEXTERNAL/recovered_intelligence/My_Mac_KmiDi_Companion/CANONICAL_REBUILD/KmiDi/PHASE_1_COMPLETE.md,,0.0000,,0.0000,no_candidate
new_file,/Volumes/KmiDi-external/COLD_STORAGEEXTERNAL/recovered_intelligence/My_Mac_KmiDi_Companion/CANONICAL_REBUILD/KmiDi/PHASE_1_PROGRESS.md,,0.0000,,0.0000,no_candidate
new_file,/Volumes/KmiDi-external/COLD_STORAGEEXTERNAL/recovered_intelligence/My_Mac_KmiDi_Companion/CANONICAL_REBUILD/KmiDi/PHASE_2_COMPLETE.md,,0.0000,,0.0000,no_candidate
new_file,/Volumes/KmiDi-external/COLD_STORAGEEXTERNAL/recovered_intelligence/My_Mac_KmiDi_Companion/CANONICAL_REBUILD/KmiDi/PHASE_3_4_COMPLETE.md,,0.0000,,0.0000,no_candidate
new_file,/Volumes/KmiDi-external/COLD_STORAGEEXTERNAL/recovered_intelligence/My_Mac_KmiDi_Companion/CANONICAL_REBUILD/KmiDi/POTENTIAL_ADDITIONS_REPORT.md,,0.0000,,0.0000,no_candidate
new_file,/Volumes/KmiDi-external/COLD_STORAGEEXTERNAL/recovered_intelligence/My_Mac_KmiDi_Companion/CANONICAL_REBUILD/KmiDi/PRE_WORKSPACE_COMPLETION_CHECKLIST.md,,0.0000,,0.0000,no_candidate
new_file,/Volumes/KmiDi-external/COLD_STORAGEEXTERNAL/recovered_intelligence/My_Mac_KmiDi_Companion/CANONICAL_REBUILD/KmiDi/PROJECT_DIRECTORY_MAP.md,,0.0000,,0.0000,no_candidate
new_file,/Volumes/KmiDi-external/COLD_STORAGEEXTERNAL/recovered_intelligence/My_Mac_KmiDi_Companion/CANONICAL_REBUILD/KmiDi/PROJECT_FEATURES_DEBATE.md,,0.0000,,0.0000,no_candidate
new_file,/Volumes/KmiDi-external/COLD_STORAGEEXTERNAL/recovered_intelligence/My_Mac_KmiDi_Companion/CANONICAL_REBUILD/KmiDi/PROJECT_SOURCE_MANIFEST.md,,0.0000,,0.0000,no_candidate
new_file,/Volumes/KmiDi-external/COLD_STORAGEEXTERNAL/recovered_intelligence/My_Mac_KmiDi_Companion/CANONICAL_REBUILD/KmiDi/QUICK_REFERENCE.md,,0.0000,,0.0000,no_candidate
new_file,/Volumes/KmiDi-external/COLD_STORAGEEXTERNAL/recovered_intelligence/My_Mac_KmiDi_Companion/CANONICAL_REBUILD/KmiDi/QUICK_START.md,,0.0000,,0.0000,no_candidate
new_file,/Volumes/KmiDi-external/COLD_STORAGEEXTERNAL/recovered_intelligence/My_Mac_KmiDi_Companion/CANONICAL_REBUILD/KmiDi/README.md,external/JUCE/modules/juce_audio_devices/native/oboe/src/flowgraph/resampler/README.md,0.6734,external/JUCE/modules/juce_audio_formats/codecs/oggvorbis/libvorbis-1.3.7/README.md,0.6528,no_valid_candidate_above_threshold
new_file,/Volumes/KmiDi-external/COLD_STORAGEEXTERNAL/recovered_intelligence/My_Mac_KmiDi_Companion/CANONICAL_REBUILD/KmiDi/SAFE_CLEANUP_VERIFIED.md,,0.0000,,0.0000,no_candidate
new_file,/Volumes/KmiDi-external/COLD_STORAGEEXTERNAL/recovered_intelligence/My_Mac_KmiDi_Companion/CANONICAL_REBUILD/KmiDi/SPACE_CLEANUP_SUMMARY.md,,0.0000,,0.0000,no_candidate
new_file,/Volumes/KmiDi-external/COLD_STORAGEEXTERNAL/recovered_intelligence/My_Mac_KmiDi_Companion/CANONICAL_REBUILD/KmiDi/START_API.md,,0.0000,,0.0000,no_candidate
new_file,/Volumes/KmiDi-external/COLD_STORAGEEXTERNAL/recovered_intelligence/My_Mac_KmiDi_Companion/CANONICAL_REBUILD/KmiDi/START_HERE.md,,0.0000,,0.0000,no_candidate
new_file,/Volumes/KmiDi-external/COLD_STORAGEEXTERNAL/recovered_intelligence/My_Mac_KmiDi_Companion/CANONICAL_REBUILD/KmiDi/STRUCTURE_CROSS_EXAMINATION_REPORT.md,,0.0000,,0.0000,no_candidate
new_file,/Volumes/KmiDi-external/COLD_STORAGEEXTERNAL/recovered_intelligence/My_Mac_KmiDi_Companion/CANONICAL_REBUILD/KmiDi/SYSTEM_ASSEMBLY_COMPLETE.md,,0.0000,,0.0000,no_candidate
new_file,/Volumes/KmiDi-external/COLD_STORAGEEXTERNAL/recovered_intelligence/My_Mac_KmiDi_Companion/CANONICAL_REBUILD/KmiDi/TESTING_SUMMARY.md,,0.0000,,0.0000,no_candidate
new_file,/Volumes/KmiDi-external/COLD_STORAGEEXTERNAL/recovered_intelligence/My_Mac_KmiDi_Companion/CANONICAL_REBUILD/KmiDi/THREE_CRITICAL_IMPROVEMENTS.md,,0.0000,,0.0000,no_candidate
new_file,/Volumes/KmiDi-external/COLD_STORAGEEXTERNAL/recovered_intelligence/My_Mac_KmiDi_Companion/CANONICAL_REBUILD/KmiDi/ULTIMATE_MIGRATION_SUMMARY.md,,0.0000,,0.0000,no_candidate
new_file,/Volumes/KmiDi-external/COLD_STORAGEEXTERNAL/recovered_intelligence/My_Mac_KmiDi_Companion/CANONICAL_REBUILD/KmiDi/ULTIMATE_VITAL_SYSTEMS_MIGRATION_COMPLETE.md,,0.0000,,0.0000,no_candidate
new_file,/Volumes/KmiDi-external/COLD_STORAGEEXTERNAL/recovered_intelligence/My_Mac_KmiDi_Companion/CANONICAL_REBUILD/KmiDi/VERIFICATION_REPORT.md,,0.0000,,0.0000,no_candidate
new_file,/Volumes/KmiDi-external/COLD_STORAGEEXTERNAL/recovered_intelligence/My_Mac_KmiDi_Companion/CANONICAL_REBUILD/KmiDi/VERIFICATION_RESULTS.md,,0.0000,,0.0000,no_candidate
new_file,/Volumes/KmiDi-external/COLD_STORAGEEXTERNAL/recovered_intelligence/My_Mac_KmiDi_Companion/CANONICAL_REBUILD/KmiDi/VITAL_SYSTEMS_MIGRATION_COMPLETE.md,,0.0000,,0.0000,no_candidate
new_file,/Volumes/KmiDi-external/COLD_STORAGEEXTERNAL/recovered_intelligence/My_Mac_KmiDi_Companion/CANONICAL_REBUILD/KmiDi/bindings/CMakeLists.txt,external/JUCE/examples/Utilities/CMakeLists.txt,0.6896,external/JUCE/examples/DSP/CMakeLists.txt,0.6635,no_valid_candidate_above_threshold
new_file,/Volumes/KmiDi-external/COLD_STORAGEEXTERNAL/recovered_intelligence/My_Mac_KmiDi_Companion/CANONICAL_REBUILD/KmiDi/config/CLOUD_TRAINING_QUICK_REFERENCE.md,,0.0000,,0.0000,no_candidate
new_file,/Volumes/KmiDi-external/COLD_STORAGEEXTERNAL/recovered_intelligence/My_Mac_KmiDi_Companion/CANONICAL_REBUILD/KmiDi/config/CLOUD_VS_LOCAL_TRAINING_GUIDE.md,,0.0000,,0.0000,no_candidate
new_file,/Volumes/KmiDi-external/COLD_STORAGEEXTERNAL/recovered_intelligence/My_Mac_KmiDi_Companion/CANONICAL_REBUILD/KmiDi/config/M4_MPS_QUICK_REFERENCE.md,,0.0000,,0.0000,no_candidate
new_file,/Volumes/KmiDi-external/COLD_STORAGEEXTERNAL/recovered_intelligence/My_Mac_KmiDi_Companion/CANONICAL_REBUILD/KmiDi/config/M4_MPS_TRAINING_OPTIMIZATION_SUMMARY.md,,0.0000,,0.0000,no_candidate
new_file,/Volumes/KmiDi-external/COLD_STORAGEEXTERNAL/recovered_intelligence/My_Mac_KmiDi_Companion/CANONICAL_REBUILD/KmiDi/docs/ACCESSIBILITY_AUDIT_REPORT.md,,0.0000,,0.0000,no_candidate
new_file,/Volumes/KmiDi-external/COLD_STORAGEEXTERNAL/recovered_intelligence/My_Mac_KmiDi_Companion/CANONICAL_REBUILD/KmiDi/docs/ARCHITECTURE.md,,0.0000,,0.0000,no_candidate
new_file,/Volumes/KmiDi-external/COLD_STORAGEEXTERNAL/recovered_intelligence/My_Mac_KmiDi_Companion/CANONICAL_REBUILD/KmiDi/docs/AWS_TRAINING_SETUP.md,,0.0000,,0.0000,no_candidate
new_file,/Volumes/KmiDi-external/COLD_STORAGEEXTERNAL/recovered_intelligence/My_Mac_KmiDi_Companion/CANONICAL_REBUILD/KmiDi/docs/CODE_STYLE.md,,0.0000,,0.0000,no_candidate
new_file,/Volumes/KmiDi-external/COLD_STORAGEEXTERNAL/recovered_intelligence/My_Mac_KmiDi_Companion/CANONICAL_REBUILD/KmiDi/docs/DEVELOPER_GUIDE.md,,0.0000,,0.0000,no_candidate
new_file,/Volumes/KmiDi-external/COLD_STORAGEEXTERNAL/recovered_intelligence/My_Mac_KmiDi_Companion/CANONICAL_REBUILD/KmiDi/docs/DEVELOPMENT.md,,0.0000,,0.0000,no_candidate
new_file,/Volumes/KmiDi-external/COLD_STORAGEEXTERNAL/recovered_intelligence/My_Mac_KmiDi_Companion/CANONICAL_REBUILD/KmiDi/docs/DISCOVERY/DISCOVERY_SUMMARY.md,,0.0000,,0.0000,no_candidate
new_file,/Volumes/KmiDi-external/COLD_STORAGEEXTERNAL/recovered_intelligence/My_Mac_KmiDi_Companion/CANONICAL_REBUILD/KmiDi/docs/DISCOVERY/MASTER_INVENTORY.md,,0.0000,,0.0000,no_candidate
new_file,/Volumes/KmiDi-external/COLD_STORAGEEXTERNAL/recovered_intelligence/My_Mac_KmiDi_Companion/CANONICAL_REBUILD/KmiDi/docs/DISCOVERY/PROGRESS_REPORT.md,,0.0000,,0.0000,no_candidate
new_file,/Volumes/KmiDi-external/COLD_STORAGEEXTERNAL/recovered_intelligence/My_Mac_KmiDi_Companion/CANONICAL_REBUILD/KmiDi/docs/DISCOVERY/code_files_inventory.md,,0.0000,,0.0000,no_candidate
new_file,/Volumes/KmiDi-external/COLD_STORAGEEXTERNAL/recovered_intelligence/My_Mac_KmiDi_Companion/CANONICAL_REBUILD/KmiDi/docs/DISCOVERY/directory_map.md,,0.0000,,0.0000,no_candidate
new_file,/Volumes/KmiDi-external/COLD_STORAGEEXTERNAL/recovered_intelligence/My_Mac_KmiDi_Companion/CANONICAL_REBUILD/KmiDi/docs/DISCOVERY/documentation_inventory.md,,0.0000,,0.0000,no_candidate
new_file,/Volumes/KmiDi-external/COLD_STORAGEEXTERNAL/recovered_intelligence/My_Mac_KmiDi_Companion/CANONICAL_REBUILD/KmiDi/docs/DISCOVERY/model_files_inventory.md,,0.0000,,0.0000,no_candidate
new_file,/Volumes/KmiDi-external/COLD_STORAGEEXTERNAL/recovered_intelligence/My_Mac_KmiDi_Companion/CANONICAL_REBUILD/KmiDi/docs/DISCOVERY/value_categorization.md,,0.0000,,0.0000,no_candidate
new_file,/Volumes/KmiDi-external/COLD_STORAGEEXTERNAL/recovered_intelligence/My_Mac_KmiDi_Companion/CANONICAL_REBUILD/KmiDi/docs/EXTERNAL_DRIVE_README.md,,0.0000,,0.0000,no_candidate
new_file,/Volumes/KmiDi-external/COLD_STORAGEEXTERNAL/recovered_intelligence/My_Mac_KmiDi_Companion/CANONICAL_REBUILD/KmiDi/docs/FINAL_VERIFICATION_CHECKLIST.md,,0.0000,,0.0000,no_candidate
new_file,/Volumes/KmiDi-external/COLD_STORAGEEXTERNAL/recovered_intelligence/My_Mac_KmiDi_Companion/CANONICAL_REBUILD/KmiDi/docs/JUCE_DEPENDENCY_REMOVAL_PLAN.md,,0.0000,,0.0000,no_candidate
new_file,/Volumes/KmiDi-external/COLD_STORAGEEXTERNAL/recovered_intelligence/My_Mac_KmiDi_Companion/CANONICAL_REBUILD/KmiDi/docs/KMIDI_FINAL_INTEGRATION_STATUS.md,,0.0000,,0.0000,no_candidate
new_file,/Volumes/KmiDi-external/COLD_STORAGEEXTERNAL/recovered_intelligence/My_Mac_KmiDi_Companion/CANONICAL_REBUILD/KmiDi/docs/MCP_SERVERS.md,,0.0000,,0.0000,no_candidate
new_file,/Volumes/KmiDi-external/COLD_STORAGEEXTERNAL/recovered_intelligence/My_Mac_KmiDi_Companion/CANONICAL_REBUILD/KmiDi/docs/MOVE_ONLY_CONSOLIDATION_PLAN.md,,0.0000,,0.0000,no_candidate
new_file,/Volumes/KmiDi-external/COLD_STORAGEEXTERNAL/recovered_intelligence/My_Mac_KmiDi_Companion/CANONICAL_REBUILD/KmiDi/docs/PERFORMANCE_VERIFICATION.md,,0.0000,,0.0000,no_candidate
new_file,/Volumes/KmiDi-external/COLD_STORAGEEXTERNAL/recovered_intelligence/My_Mac_KmiDi_Companion/CANONICAL_REBUILD/KmiDi/docs/RECOVERY_CODE_STATUS.md,,0.0000,,0.0000,no_candidate
new_file,/Volumes/KmiDi-external/COLD_STORAGEEXTERNAL/recovered_intelligence/My_Mac_KmiDi_Companion/CANONICAL_REBUILD/KmiDi/docs/STRUCTURE_CROSS_EXAMINATION/02_SPEC_COVERAGE_ANALYSIS.md,,0.0000,,0.0000,no_candidate
new_file,/Volumes/KmiDi-external/COLD_STORAGEEXTERNAL/recovered_intelligence/My_Mac_KmiDi_Companion/CANONICAL_REBUILD/KmiDi/docs/STRUCTURE_CROSS_EXAMINATION/04_UI_UX_COMPLIANCE_REPORT.md,,0.0000,,0.0000,no_candidate
new_file,/Volumes/KmiDi-external/COLD_STORAGEEXTERNAL/recovered_intelligence/My_Mac_KmiDi_Companion/CANONICAL_REBUILD/KmiDi/docs/SYSTEM_ARCHITECTURE.md,,0.0000,,0.0000,no_candidate
new_file,/Volumes/KmiDi-external/COLD_STORAGEEXTERNAL/recovered_intelligence/My_Mac_KmiDi_Companion/CANONICAL_REBUILD/KmiDi/docs/SYSTEM_INVENTORY.md,,0.0000,,0.0000,no_candidate
new_file,/Volumes/KmiDi-external/COLD_STORAGEEXTERNAL/recovered_intelligence/My_Mac_KmiDi_Companion/CANONICAL_REBUILD/KmiDi/docs/WORKING_FOLDER_AND_EXTERNAL.md,,0.0000,,0.0000,no_candidate
new_file,/Volumes/KmiDi-external/COLD_STORAGEEXTERNAL/recovered_intelligence/My_Mac_KmiDi_Companion/CANONICAL_REBUILD/KmiDi/docs/WORKSPACE_SETUP.md,,0.0000,,0.0000,no_candidate
new_file,/Volumes/KmiDi-external/COLD_STORAGEEXTERNAL/recovered_intelligence/My_Mac_KmiDi_Companion/CANONICAL_REBUILD/KmiDi/docs/ai_setup/CORE_FREE_TOOLCHAIN.md,,0.0000,,0.0000,no_candidate
new_file,/Volumes/KmiDi-external/COLD_STORAGEEXTERNAL/recovered_intelligence/My_Mac_KmiDi_Companion/CANONICAL_REBUILD/KmiDi/docs/ml/ALIGNMENT_CHECK.md,,0.0000,,0.0000,no_candidate
new_file,/Volumes/KmiDi-external/COLD_STORAGEEXTERNAL/recovered_intelligence/My_Mac_KmiDi_Companion/CANONICAL_REBUILD/KmiDi/docs/ml/CLOUD_TRAINING_GUIDE.md,,0.0000,,0.0000,no_candidate
new_file,/Volumes/KmiDi-external/COLD_STORAGEEXTERNAL/recovered_intelligence/My_Mac_KmiDi_Companion/CANONICAL_REBUILD/KmiDi/docs/ml/CONTENT_TO_CREATE_BEFORE_ML_TRAINING.md,,0.0000,,0.0000,no_candidate
new_file,/Volumes/KmiDi-external/COLD_STORAGEEXTERNAL/recovered_intelligence/My_Mac_KmiDi_Companion/CANONICAL_REBUILD/KmiDi/docs/ml/DATASET_DISK_AUDIT.md,,0.0000,,0.0000,no_candidate
new_file,/Volumes/KmiDi-external/COLD_STORAGEEXTERNAL/recovered_intelligence/My_Mac_KmiDi_Companion/CANONICAL_REBUILD/KmiDi/docs/ml/DATASET_NECESSITIES.md,,0.0000,,0.0000,no_candidate
new_file,/Volumes/KmiDi-external/COLD_STORAGEEXTERNAL/recovered_intelligence/My_Mac_KmiDi_Companion/CANONICAL_REBUILD/KmiDi/docs/ml/PARROT_PRROT_VOICE_INSTRUMENT_MAP.md,,0.0000,,0.0000,no_candidate
new_file,/Volumes/KmiDi-external/COLD_STORAGEEXTERNAL/recovered_intelligence/My_Mac_KmiDi_Companion/CANONICAL_REBUILD/KmiDi/docs/ml/UNIMPLEMENTED_DATASETS_ML_YAML_MANIFESTS.md,,0.0000,,0.0000,no_candidate
new_file,/Volumes/KmiDi-external/COLD_STORAGEEXTERNAL/recovered_intelligence/My_Mac_KmiDi_Companion/CANONICAL_REBUILD/KmiDi/docs/specs/06_CONTROL_TRUST.md,,0.0000,,0.0000,no_candidate
new_file,/Volumes/KmiDi-external/COLD_STORAGEEXTERNAL/recovered_intelligence/My_Mac_KmiDi_Companion/CANONICAL_REBUILD/KmiDi/docs/specs/08_OUTPUT_VERIFICATION.md,,0.0000,,0.0000,no_candidate
new_file,/Volumes/KmiDi-external/COLD_STORAGEEXTERNAL/recovered_intelligence/My_Mac_KmiDi_Companion/CANONICAL_REBUILD/KmiDi/iDAW_Core/CMakeLists.txt,external/JUCE/modules/juce_audio_devices/native/oboe/CMakeLists.txt,0.6852,external/JUCE/examples/DemoRunner/CMakeLists.txt,0.6843,no_valid_candidate_above_threshold
new_file,/Volumes/KmiDi-external/COLD_STORAGEEXTERNAL/recovered_intelligence/My_Mac_KmiDi_Companion/CANONICAL_REBUILD/KmiDi/requirements.txt,,0.0000,,0.0000,no_candidate
new_file,/Volumes/KmiDi-external/COLD_STORAGEEXTERNAL/recovered_intelligence/My_Mac_KmiDi_Companion/CANONICAL_REBUILD/KmiDi/scripts/from_sbdrive/README.md,external/JUCE/modules/juce_audio_devices/native/oboe/README.md,0.6809,external/JUCE/modules/juce_audio_processors/format_types/VST3_SDK/public.sdk/README.md,0.6799,no_valid_candidate_above_threshold
new_file,/Volumes/KmiDi-external/COLD_STORAGEEXTERNAL/recovered_intelligence/My_Mac_KmiDi_Companion/CANONICAL_REBUILD/KmiDi/scripts/recovery_ops/README.md,external/JUCE/modules/juce_audio_devices/native/oboe/src/flowgraph/resampler/README.md,0.6943,external/JUCE/modules/juce_audio_formats/codecs/oggvorbis/libvorbis-1.3.7/README.md,0.6632,no_valid_candidate_above_threshold
new_file,/Volumes/KmiDi-external/COLD_STORAGEEXTERNAL/recovered_intelligence/My_Mac_KmiDi_Companion/CANONICAL_REBUILD/KmiDi/src/CMakeLists.txt,external/JUCE/modules/juce_audio_devices/native/oboe/CMakeLists.txt,0.6819,external/JUCE/examples/CMake/AudioPlugin/CMakeLists.txt,0.6664,no_valid_candidate_above_threshold
new_file,/Volumes/KmiDi-external/COLD_STORAGEEXTERNAL/recovered_intelligence/My_Mac_KmiDi_Companion/CANONICAL_REBUILD/KmiDi/src_penta-core/CMakeLists.txt,external/JUCE/modules/juce_audio_devices/native/oboe/CMakeLists.txt,0.6809,src_penta-core/CMakeLists.txt,0.6754,no_valid_candidate_above_threshold
new_file,/Volumes/KmiDi-external/COLD_STORAGEEXTERNAL/recovered_intelligence/My_Mac_KmiDi_Companion/CANONICAL_REBUILD/KmiDi/tests/CMakeLists.txt,external/JUCE/examples/Utilities/CMakeLists.txt,0.6896,external/JUCE/examples/DSP/CMakeLists.txt,0.6635,no_valid_candidate_above_threshold
new_file,/Volumes/KmiDi-external/COLD_STORAGEEXTERNAL/recovered_intelligence/My_Mac_KmiDi_Companion/CANONICAL_REBUILD/KmiDi/training/WASABI_INTEGRATION.md,,0.0000,,0.0000,no_candidate
new_file,/Volumes/KmiDi-external/COLD_STORAGEEXTERNAL/recovered_intelligence/My_Mac_KmiDi_Companion/CANONICAL_REBUILD/KmiDi/training/ml-suite/training_requirements.txt,,0.0000,,0.0000,no_candidate
new_file,/Volumes/KmiDi-external/COLD_STORAGEEXTERNAL/recovered_intelligence/My_Mac_KmiDi_Companion/CANONICAL_REBUILD/KmiDi_MASTER_VAULT/KmiDi/COMPREHENSIVE_INTEGRATION_REPORT.md,,0.0000,,0.0000,no_candidate
new_file,/Volumes/KmiDi-external/COLD_STORAGEEXTERNAL/recovered_intelligence/My_Mac_KmiDi_Companion/CANONICAL_REBUILD/KmiDi_MASTER_VAULT/KmiDi/COMPREHENSIVE_MIGRATION_REPORT.md,,0.0000,,0.0000,no_candidate
new_file,/Volumes/KmiDi-external/COLD_STORAGEEXTERNAL/recovered_intelligence/My_Mac_KmiDi_Companion/CANONICAL_REBUILD/KmiDi_MASTER_VAULT/KmiDi/COMPREHENSIVE_SYSTEMS_INVENTORY.md,,0.0000,,0.0000,no_candidate
new_file,/Volumes/KmiDi-external/COLD_STORAGEEXTERNAL/recovered_intelligence/My_Mac_KmiDi_Companion/CANONICAL_REBUILD/KmiDi_MASTER_VAULT/KmiDi/COMPREHENSIVE_VERIFICATION_REPORT.md,,0.0000,,0.0000,no_candidate
new_file,/Volumes/KmiDi-external/COLD_STORAGEEXTERNAL/recovered_intelligence/My_Mac_KmiDi_Companion/CANONICAL_REBUILD/KmiDi_MASTER_VAULT/KmiDi/CONSOLIDATION_ARCHIVE.md,,0.0000,,0.0000,no_candidate
new_file,/Volumes/KmiDi-external/COLD_STORAGEEXTERNAL/recovered_intelligence/My_Mac_KmiDi_Companion/CANONICAL_REBUILD/KmiDi_MASTER_VAULT/KmiDi/CONSOLIDATION_MAP.md,,0.0000,,0.0000,no_candidate
new_file,/Volumes/KmiDi-external/COLD_STORAGEEXTERNAL/recovered_intelligence/My_Mac_KmiDi_Companion/CANONICAL_REBUILD/KmiDi_MASTER_VAULT/KmiDi/CONSOLIDATION_SUMMARY.md,,0.0000,,0.0000,no_candidate
new_file,/Volumes/KmiDi-external/COLD_STORAGEEXTERNAL/recovered_intelligence/My_Mac_KmiDi_Companion/CANONICAL_REBUILD/KmiDi_MASTER_VAULT/KmiDi/DATA_MIGRATION_REPORT.md,,0.0000,,0.0000,no_candidate
new_file,/Volumes/KmiDi-external/COLD_STORAGEEXTERNAL/recovered_intelligence/My_Mac_KmiDi_Companion/CANONICAL_REBUILD/KmiDi_MASTER_VAULT/KmiDi/DEEP_MIGRATION_COMPLETE.md,,0.0000,,0.0000,no_candidate
new_file,/Volumes/KmiDi-external/COLD_STORAGEEXTERNAL/recovered_intelligence/My_Mac_KmiDi_Companion/CANONICAL_REBUILD/KmiDi_MASTER_VAULT/KmiDi/DOCUMENTS_CLEANUP_PLAN.md,,0.0000,,0.0000,no_candidate
new_file,/Volumes/KmiDi-external/COLD_STORAGEEXTERNAL/recovered_intelligence/My_Mac_KmiDi_Companion/CANONICAL_REBUILD/KmiDi_MASTER_VAULT/KmiDi/EXTENDED_SEARCH_REPORT.md,,0.0000,,0.0000,no_candidate
new_file,/Volumes/KmiDi-external/COLD_STORAGEEXTERNAL/recovered_intelligence/My_Mac_KmiDi_Companion/CANONICAL_REBUILD/KmiDi_MASTER_VAULT/KmiDi/EXTERNAL_DIRECTORIES_ANALYSIS.md,,0.0000,,0.0000,no_candidate
new_file,/Volumes/KmiDi-external/COLD_STORAGEEXTERNAL/recovered_intelligence/My_Mac_KmiDi_Companion/CANONICAL_REBUILD/KmiDi_MASTER_VAULT/KmiDi/FEATURE_GAP_ANALYSIS.md,,0.0000,,0.0000,no_candidate
new_file,/Volumes/KmiDi-external/COLD_STORAGEEXTERNAL/recovered_intelligence/My_Mac_KmiDi_Companion/CANONICAL_REBUILD/KmiDi_MASTER_VAULT/KmiDi/FEATURE_TESTING_REPORT.md,,0.0000,,0.0000,no_candidate
new_file,/Volumes/KmiDi-external/COLD_STORAGEEXTERNAL/recovered_intelligence/My_Mac_KmiDi_Companion/CANONICAL_REBUILD/KmiDi_MASTER_VAULT/KmiDi/FINAL_CLEANUP_REPORT.md,,0.0000,,0.0000,no_candidate
new_file,/Volumes/KmiDi-external/COLD_STORAGEEXTERNAL/recovered_intelligence/My_Mac_KmiDi_Companion/CANONICAL_REBUILD/KmiDi_MASTER_VAULT/KmiDi/FINAL_CLEANUP_STATUS.md,,0.0000,,0.0000,no_candidate
new_file,/Volumes/KmiDi-external/COLD_STORAGEEXTERNAL/recovered_intelligence/My_Mac_KmiDi_Companion/CANONICAL_REBUILD/KmiDi_MASTER_VAULT/KmiDi/FINAL_COMPLETE_MIGRATION_STATUS.md,,0.0000,,0.0000,no_candidate
new_file,/Volumes/KmiDi-external/COLD_STORAGEEXTERNAL/recovered_intelligence/My_Mac_KmiDi_Companion/CANONICAL_REBUILD/KmiDi_MASTER_VAULT/KmiDi/FINAL_COMPLETE_MIGRATION_SUMMARY.md,,0.0000,,0.0000,no_candidate
new_file,/Volumes/KmiDi-external/COLD_STORAGEEXTERNAL/recovered_intelligence/My_Mac_KmiDi_Companion/CANONICAL_REBUILD/KmiDi_MASTER_VAULT/KmiDi/FINAL_INTEGRATION_COMPLETE.md,,0.0000,,0.0000,no_candidate
new_file,/Volumes/KmiDi-external/COLD_STORAGEEXTERNAL/recovered_intelligence/My_Mac_KmiDi_Companion/CANONICAL_REBUILD/KmiDi_MASTER_VAULT/KmiDi/FINAL_MIGRATION_STATUS.md,,0.0000,,0.0000,no_candidate
new_file,/Volumes/KmiDi-external/COLD_STORAGEEXTERNAL/recovered_intelligence/My_Mac_KmiDi_Companion/CANONICAL_REBUILD/KmiDi_MASTER_VAULT/KmiDi/FINAL_MIGRATION_VERIFICATION.md,,0.0000,,0.0000,no_candidate
new_file,/Volumes/KmiDi-external/COLD_STORAGEEXTERNAL/recovered_intelligence/My_Mac_KmiDi_Companion/CANONICAL_REBUILD/KmiDi_MASTER_VAULT/KmiDi/FINAL_MISC_CODE_REVIEW.md,,0.0000,,0.0000,no_candidate
new_file,/Volumes/KmiDi-external/COLD_STORAGEEXTERNAL/recovered_intelligence/My_Mac_KmiDi_Companion/CANONICAL_REBUILD/KmiDi_MASTER_VAULT/KmiDi/FINAL_PROGRESS_SUMMARY.md,,0.0000,,0.0000,no_candidate
new_file,/Volumes/KmiDi-external/COLD_STORAGEEXTERNAL/recovered_intelligence/My_Mac_KmiDi_Companion/CANONICAL_REBUILD/KmiDi_MASTER_VAULT/KmiDi/FINAL_REBUILD_PLAN.md,,0.0000,,0.0000,no_candidate
new_file,/Volumes/KmiDi-external/COLD_STORAGEEXTERNAL/recovered_intelligence/My_Mac_KmiDi_Companion/CANONICAL_REBUILD/KmiDi_MASTER_VAULT/KmiDi/FINAL_SAFETY_VERIFICATION.md,,0.0000,,0.0000,no_candidate
new_file,/Volumes/KmiDi-external/COLD_STORAGEEXTERNAL/recovered_intelligence/My_Mac_KmiDi_Companion/CANONICAL_REBUILD/KmiDi_MASTER_VAULT/KmiDi/FINAL_SYSTEMS_MIGRATION_REPORT.md,,0.0000,,0.0000,no_candidate
new_file,/Volumes/KmiDi-external/COLD_STORAGEEXTERNAL/recovered_intelligence/My_Mac_KmiDi_Companion/CANONICAL_REBUILD/KmiDi_MASTER_VAULT/KmiDi/FINAL_VERIFICATION_REPORT.md,,0.0000,,0.0000,no_candidate
new_file,/Volumes/KmiDi-external/COLD_STORAGEEXTERNAL/recovered_intelligence/My_Mac_KmiDi_Companion/CANONICAL_REBUILD/KmiDi_MASTER_VAULT/KmiDi/FINAL_VITAL_SYSTEMS_MIGRATION_COMPLETE.md,,0.0000,,0.0000,no_candidate
new_file,/Volumes/KmiDi-external/COLD_STORAGEEXTERNAL/recovered_intelligence/My_Mac_KmiDi_Companion/CANONICAL_REBUILD/KmiDi_MASTER_VAULT/KmiDi/FOLDER_COLORING_GUIDE.md,,0.0000,,0.0000,no_candidate
new_file,/Volumes/KmiDi-external/COLD_STORAGEEXTERNAL/recovered_intelligence/My_Mac_KmiDi_Companion/CANONICAL_REBUILD/KmiDi_MASTER_VAULT/KmiDi/FULL_MIGRATION_REPORT.md,,0.0000,,0.0000,no_candidate
new_file,/Volumes/KmiDi-external/COLD_STORAGEEXTERNAL/recovered_intelligence/My_Mac_KmiDi_Companion/CANONICAL_REBUILD/KmiDi_MASTER_VAULT/KmiDi/GIT_SAFE_CLEANUP_ANALYSIS.md,,0.0000,,0.0000,no_candidate
new_file,/Volumes/KmiDi-external/COLD_STORAGEEXTERNAL/recovered_intelligence/My_Mac_KmiDi_Companion/CANONICAL_REBUILD/KmiDi_MASTER_VAULT/KmiDi/HARMONY_DEPENDENCIES_IMPLEMENTATION_REPORT.md,,0.0000,,0.0000,no_candidate
new_file,/Volumes/KmiDi-external/COLD_STORAGEEXTERNAL/recovered_intelligence/My_Mac_KmiDi_Companion/CANONICAL_REBUILD/KmiDi_MASTER_VAULT/KmiDi/HARMONY_SYSTEM_SEARCH_REPORT.md,,0.0000,,0.0000,no_candidate
new_file,/Volumes/KmiDi-external/COLD_STORAGEEXTERNAL/recovered_intelligence/My_Mac_KmiDi_Companion/CANONICAL_REBUILD/KmiDi_MASTER_VAULT/KmiDi/INCLUDE_REINCLUSION_PLAN.md,,0.0000,,0.0000,no_candidate
new_file,/Volumes/KmiDi-external/COLD_STORAGEEXTERNAL/recovered_intelligence/My_Mac_KmiDi_Companion/CANONICAL_REBUILD/KmiDi_MASTER_VAULT/KmiDi/INTEGRATION_VERIFICATION.md,,0.0000,,0.0000,no_candidate
new_file,/Volumes/KmiDi-external/COLD_STORAGEEXTERNAL/recovered_intelligence/My_Mac_KmiDi_Companion/CANONICAL_REBUILD/KmiDi_MASTER_VAULT/KmiDi/JUCE_BUILD_INVESTIGATION_REPORT.md,,0.0000,,0.0000,no_candidate
new_file,/Volumes/KmiDi-external/COLD_STORAGEEXTERNAL/recovered_intelligence/My_Mac_KmiDi_Companion/CANONICAL_REBUILD/KmiDi_MASTER_VAULT/KmiDi/KmiDi_FINAL/CMakeLists.txt,external/JUCE/examples/CMake/AudioPlugin/CMakeLists.txt,0.6475,external/JUCE/modules/juce_audio_devices/native/oboe/CMakeLists.txt,0.6290,no_valid_candidate_above_threshold
new_file,/Volumes/KmiDi-external/COLD_STORAGEEXTERNAL/recovered_intelligence/My_Mac_KmiDi_Companion/CANONICAL_REBUILD/KmiDi_MASTER_VAULT/KmiDi/MERGE_SUMMARY.md,,0.0000,,0.0000,no_candidate
new_file,/Volumes/KmiDi-external/COLD_STORAGEEXTERNAL/recovered_intelligence/My_Mac_KmiDi_Companion/CANONICAL_REBUILD/KmiDi_MASTER_VAULT/KmiDi/MIGRATION_BACKUP_LOG.md,,0.0000,,0.0000,no_candidate
new_file,/Volumes/KmiDi-external/COLD_STORAGEEXTERNAL/recovered_intelligence/My_Mac_KmiDi_Companion/CANONICAL_REBUILD/KmiDi_MASTER_VAULT/KmiDi/MIGRATION_COMPLETE.md,,0.0000,,0.0000,no_candidate
new_file,/Volumes/KmiDi-external/COLD_STORAGEEXTERNAL/recovered_intelligence/My_Mac_KmiDi_Companion/CANONICAL_REBUILD/KmiDi_MASTER_VAULT/KmiDi/MIGRATION_COMPLETE_CHECKLIST.md,,0.0000,,0.0000,no_candidate
new_file,/Volumes/KmiDi-external/COLD_STORAGEEXTERNAL/recovered_intelligence/My_Mac_KmiDi_Companion/CANONICAL_REBUILD/KmiDi_MASTER_VAULT/KmiDi/MIGRATION_COMPLETE_SUMMARY.md,,0.0000,,0.0000,no_candidate
new_file,/Volumes/KmiDi-external/COLD_STORAGEEXTERNAL/recovered_intelligence/My_Mac_KmiDi_Companion/CANONICAL_REBUILD/KmiDi_MASTER_VAULT/KmiDi/MIGRATION_CONFIDENCE_REPORT.md,,0.0000,,0.0000,no_candidate
new_file,/Volumes/KmiDi-external/COLD_STORAGEEXTERNAL/recovered_intelligence/My_Mac_KmiDi_Companion/CANONICAL_REBUILD/KmiDi_MASTER_VAULT/KmiDi/MISC_CODE_MIGRATION_COMPLETE.md,,0.0000,,0.0000,no_candidate
new_file,/Volumes/KmiDi-external/COLD_STORAGEEXTERNAL/recovered_intelligence/My_Mac_KmiDi_Companion/CANONICAL_REBUILD/KmiDi_MASTER_VAULT/KmiDi/MISC_CODE_MIGRATION_FINAL.md,,0.0000,,0.0000,no_candidate
new_file,/Volumes/KmiDi-external/COLD_STORAGEEXTERNAL/recovered_intelligence/My_Mac_KmiDi_Companion/CANONICAL_REBUILD/KmiDi_MASTER_VAULT/KmiDi/MISC_CODE_REVIEW.md,,0.0000,,0.0000,no_candidate
new_file,/Volumes/KmiDi-external/COLD_STORAGEEXTERNAL/recovered_intelligence/My_Mac_KmiDi_Companion/CANONICAL_REBUILD/KmiDi_MASTER_VAULT/KmiDi/MISSING_SYSTEMS_MIGRATION_REPORT.md,,0.0000,,0.0000,no_candidate
new_file,/Volumes/KmiDi-external/COLD_STORAGEEXTERNAL/recovered_intelligence/My_Mac_KmiDi_Companion/CANONICAL_REBUILD/KmiDi_MASTER_VAULT/KmiDi/README.macos-metal.md,,0.0000,,0.0000,no_candidate
new_file,/Volumes/KmiDi-external/COLD_STORAGEEXTERNAL/recovered_intelligence/My_Mac_KmiDi_Companion/CANONICAL_REBUILD/KmiDi_MASTER_VAULT/KmiDi/comprehensive_consolidation_log.txt,,0.0000,,0.0000,no_candidate
new_file,/Volumes/KmiDi-external/COLD_STORAGEEXTERNAL/recovered_intelligence/My_Mac_KmiDi_Companion/CANONICAL_REBUILD/KmiDi_MASTER_VAULT/KmiDi/consolidation_log.txt,,0.0000,,0.0000,no_candidate
new_file,/Volumes/KmiDi-external/COLD_STORAGEEXTERNAL/recovered_intelligence/My_Mac_KmiDi_Companion/CANONICAL_REBUILD/KmiDi_MASTER_VAULT/KmiDi/lariat-bible/README.md,external/JUCE/modules/juce_audio_processors/format_types/VST3_SDK/public.sdk/source/vst/moduleinfo/ReadMe.md,0.6486,external/JUCE/modules/juce_audio_devices/native/oboe/README.md,0.6425,no_valid_candidate_above_threshold
new_file,/Volumes/KmiDi-external/COLD_STORAGEEXTERNAL/recovered_intelligence/My_Mac_KmiDi_Companion/CANONICAL_REBUILD/KmiDi_MASTER_VAULT/KmiDi/legacy/RECOVERY_SOURCE/Datasets_Project/KmiDi/INCORPORATE_RECOVERED_DATA.md,,0.0000,,0.0000,no_candidate
new_file,/Volumes/KmiDi-external/COLD_STORAGEEXTERNAL/recovered_intelligence/My_Mac_KmiDi_Companion/CANONICAL_REBUILD/KmiDi_MASTER_VAULT/KmiDi/legacy/RECOVERY_SOURCE/Datasets_Project/KmiDi/m4singer/DOWNLOAD_INSTRUCTIONS.md,,0.0000,,0.0000,no_candidate
new_file,/Volumes/KmiDi-external/COLD_STORAGEEXTERNAL/recovered_intelligence/My_Mac_KmiDi_Companion/CANONICAL_REBUILD/KmiDi_MASTER_VAULT/KmiDi/legacy/RECOVERY_SOURCE/Datasets_Project/KmiDi/requirements.txt,,0.0000,,0.0000,no_candidate
new_file,/Volumes/KmiDi-external/COLD_STORAGEEXTERNAL/recovered_intelligence/My_Mac_KmiDi_Companion/CANONICAL_REBUILD/KmiDi_MASTER_VAULT/KmiDi/legacy/RECOVERY_SOURCE/Datasets_Project/KmiDi/wasabi/WasabiDataset/README.md,external/JUCE/modules/juce_audio_processors/format_types/VST3_SDK/README.md,0.6485,python/penta_core/teachers/README.md,0.6304,no_valid_candidate_above_threshold
new_file,/Volumes/KmiDi-external/COLD_STORAGEEXTERNAL/recovered_intelligence/My_Mac_KmiDi_Companion/CANONICAL_REBUILD/KmiDi_MASTER_VAULT/KmiDi/legacy/RECOVERY_SOURCE/Datasets_Project/KmiDi/wasabi/WasabiDataset/ontology/README.md,external/JUCE/modules/juce_audio_devices/native/oboe/src/flowgraph/resampler/README.md,0.6424,external/JUCE/modules/juce_audio_formats/codecs/oggvorbis/libvorbis-1.3.7/README.md,0.6268,no_valid_candidate_above_threshold
new_file,/Volumes/KmiDi-external/COLD_STORAGEEXTERNAL/recovered_intelligence/My_Mac_KmiDi_Companion/CANONICAL_REBUILD/KmiDi_MASTER_VAULT/KmiDi/legacy/RECOVERY_SOURCE/Datasets_Project/KmiDi/wasabi/WasabiDataset/src/mongo/README.md,external/JUCE/modules/juce_audio_processors/format_types/VST3_SDK/base/README.md,0.6326,external/JUCE/modules/juce_audio_processors/format_types/LV2_SDK/README.md,0.6278,no_valid_candidate_above_threshold
new_file,/Volumes/KmiDi-external/COLD_STORAGEEXTERNAL/recovered_intelligence/My_Mac_KmiDi_Companion/CANONICAL_REBUILD/KmiDi_MASTER_VAULT/KmiDi/legacy/RECOVERY_SOURCE/Datasets_Project/KmiDi/wasabi/WasabiDataset/src/virtuoso/README.md,external/JUCE/modules/juce_audio_processors/format_types/LV2_SDK/README.md,0.6498,external/JUCE/modules/juce_audio_processors/format_types/VST3_SDK/public.sdk/README.md,0.6472,no_valid_candidate_above_threshold
new_file,/Volumes/KmiDi-external/COLD_STORAGEEXTERNAL/recovered_intelligence/My_Mac_KmiDi_Companion/CANONICAL_REBUILD/KmiDi_MASTER_VAULT/KmiDi/legacy/RECOVERY_SOURCE/Datasets_Project/KmiDi/wasabi/WasabiDataset/src/xr2rml/README.md,external/JUCE/modules/juce_audio_processors/format_types/VST3_SDK/base/README.md,0.6359,external/JUCE/modules/juce_audio_processors/format_types/LV2_SDK/README.md,0.6303,no_valid_candidate_above_threshold
new_file,/Volumes/KmiDi-external/COLD_STORAGEEXTERNAL/recovered_intelligence/My_Mac_KmiDi_Companion/CANONICAL_REBUILD/README.md,external/JUCE/modules/juce_audio_devices/native/oboe/README.md,0.6512,external/JUCE/modules/juce_audio_devices/native/oboe/src/flowgraph/resampler/README.md,0.6507,no_valid_candidate_above_threshold
new_file,/Volumes/KmiDi-external/COLD_STORAGEEXTERNAL/recovered_intelligence/My_Mac_KmiDi_Companion/CANONICAL_REBUILD/REPORTS/ABSOLUTE_FINAL_VERDICT.md,,0.0000,,0.0000,no_candidate
new_file,/Volumes/KmiDi-external/COLD_STORAGEEXTERNAL/recovered_intelligence/My_Mac_KmiDi_Companion/CANONICAL_REBUILD/REPORTS/AUDIO_CLEANUP_REPORT.md,,0.0000,,0.0000,no_candidate
new_file,/Volumes/KmiDi-external/COLD_STORAGEEXTERNAL/recovered_intelligence/My_Mac_KmiDi_Companion/CANONICAL_REBUILD/REPORTS/CLEANUP_REPORT.md,,0.0000,,0.0000,no_candidate
new_file,/Volumes/KmiDi-external/COLD_STORAGEEXTERNAL/recovered_intelligence/My_Mac_KmiDi_Companion/CANONICAL_REBUILD/REPORTS/COMPLETENESS_CHECK.md,,0.0000,,0.0000,no_candidate
new_file,/Volumes/KmiDi-external/COLD_STORAGEEXTERNAL/recovered_intelligence/My_Mac_KmiDi_Companion/CANONICAL_REBUILD/REPORTS/CONFLICTS.md,,0.0000,,0.0000,no_candidate
new_file,/Volumes/KmiDi-external/COLD_STORAGEEXTERNAL/recovered_intelligence/My_Mac_KmiDi_Companion/CANONICAL_REBUILD/REPORTS/CONFLICTS/.devcontainer/README.md,external/JUCE/modules/juce_audio_devices/native/oboe/src/flowgraph/resampler/README.md,0.6783,ML Kelly Training/backup/configs/README.md,0.6713,no_valid_candidate_above_threshold
new_file,/Volumes/KmiDi-external/COLD_STORAGEEXTERNAL/recovered_intelligence/My_Mac_KmiDi_Companion/CANONICAL_REBUILD/REPORTS/CONFLICTS/.github/ISSUE_BNNS_STRUCTURES_PARSING.md,,0.0000,,0.0000,no_candidate
new_file,/Volumes/KmiDi-external/COLD_STORAGEEXTERNAL/recovered_intelligence/My_Mac_KmiDi_Companion/CANONICAL_REBUILD/REPORTS/CONFLICTS/.github/ISSUE_KELLY_CORE_IMPLEMENTATION.md,,0.0000,,0.0000,no_candidate
new_file,/Volumes/KmiDi-external/COLD_STORAGEEXTERNAL/recovered_intelligence/My_Mac_KmiDi_Companion/CANONICAL_REBUILD/REPORTS/CONFLICTS/.github/ISSUE_MACOS_SDK_COMPATIBILITY.md,,0.0000,,0.0000,no_candidate
new_file,/Volumes/KmiDi-external/COLD_STORAGEEXTERNAL/recovered_intelligence/My_Mac_KmiDi_Companion/CANONICAL_REBUILD/REPORTS/CONFLICTS/.github/ISSUE_PYTHON_BINDINGS_UNISTD.md,,0.0000,,0.0000,no_candidate
new_file,/Volumes/KmiDi-external/COLD_STORAGEEXTERNAL/recovered_intelligence/My_Mac_KmiDi_Companion/CANONICAL_REBUILD/REPORTS/CONFLICTS/.github/ISSUE_SECURE_TRANSPORT_SYNTAX.md,,0.0000,,0.0000,no_candidate
new_file,/Volumes/KmiDi-external/COLD_STORAGEEXTERNAL/recovered_intelligence/My_Mac_KmiDi_Companion/CANONICAL_REBUILD/REPORTS/CONFLICTS/.github/ISSUE_SEC_KEYCHAIN_ENUMS.md,,0.0000,,0.0000,no_candidate
new_file,/Volumes/KmiDi-external/COLD_STORAGEEXTERNAL/recovered_intelligence/My_Mac_KmiDi_Companion/CANONICAL_REBUILD/REPORTS/CONFLICTS/.github/ISSUE_SYSTEM_HEADERS_SYNTAX.md,,0.0000,,0.0000,no_candidate
new_file,/Volumes/KmiDi-external/COLD_STORAGEEXTERNAL/recovered_intelligence/My_Mac_KmiDi_Companion/CANONICAL_REBUILD/REPORTS/CONFLICTS/ADDITIONAL_ITEMS_SEARCH_REPORT.md,,0.0000,,0.0000,no_candidate
new_file,/Volumes/KmiDi-external/COLD_STORAGEEXTERNAL/recovered_intelligence/My_Mac_KmiDi_Companion/CANONICAL_REBUILD/REPORTS/CONFLICTS/ADDITIONAL_SYSTEMS_MIGRATION_COMPLETE.md,,0.0000,,0.0000,no_candidate
new_file,/Volumes/KmiDi-external/COLD_STORAGEEXTERNAL/recovered_intelligence/My_Mac_KmiDi_Companion/CANONICAL_REBUILD/REPORTS/CONFLICTS/ADDITIONAL_VALUABLE_ITEMS_REPORT.md,,0.0000,,0.0000,no_candidate
new_file,/Volumes/KmiDi-external/COLD_STORAGEEXTERNAL/recovered_intelligence/My_Mac_KmiDi_Companion/CANONICAL_REBUILD/REPORTS/CONFLICTS/ALL_MIGRATIONS_COMPLETE.md,,0.0000,,0.0000,no_candidate
new_file,/Volumes/KmiDi-external/COLD_STORAGEEXTERNAL/recovered_intelligence/My_Mac_KmiDi_Companion/CANONICAL_REBUILD/REPORTS/CONFLICTS/ARCHITECTURAL_BOUNDARY_COMPLIANCE_REPORT.md,,0.0000,,0.0000,no_candidate
new_file,/Volumes/KmiDi-external/COLD_STORAGEEXTERNAL/recovered_intelligence/My_Mac_KmiDi_Companion/CANONICAL_REBUILD/REPORTS/DEEP_ANALYSIS.md,,0.0000,,0.0000,no_candidate
new_file,/Volumes/KmiDi-external/COLD_STORAGEEXTERNAL/recovered_intelligence/My_Mac_KmiDi_Companion/CANONICAL_REBUILD/REPORTS/DISK_BLOAT_REPORT.md,,0.0000,,0.0000,no_candidate
new_file,/Volumes/KmiDi-external/COLD_STORAGEEXTERNAL/recovered_intelligence/My_Mac_KmiDi_Companion/CANONICAL_REBUILD/REPORTS/FINAL_COMPLETE_STATUS.md,,0.0000,,0.0000,no_candidate
new_file,/Volumes/KmiDi-external/COLD_STORAGEEXTERNAL/recovered_intelligence/My_Mac_KmiDi_Companion/CANONICAL_REBUILD/REPORTS/FINAL_FEATURE_INVENTORY.md,,0.0000,,0.0000,no_candidate
new_file,/Volumes/KmiDi-external/COLD_STORAGEEXTERNAL/recovered_intelligence/My_Mac_KmiDi_Companion/CANONICAL_REBUILD/REPORTS/FOCUSED_FEATURE_HUNT.md,,0.0000,,0.0000,no_candidate
new_file,/Volumes/KmiDi-external/COLD_STORAGEEXTERNAL/recovered_intelligence/My_Mac_KmiDi_Companion/CANONICAL_REBUILD/REPORTS/FORENSIC_SUMMARY.md,,0.0000,,0.0000,no_candidate
new_file,/Volumes/KmiDi-external/COLD_STORAGEEXTERNAL/recovered_intelligence/My_Mac_KmiDi_Companion/CANONICAL_REBUILD/REPORTS/IMPLEMENTATION_OPPORTUNITIES.md,,0.0000,,0.0000,no_candidate
new_file,/Volumes/KmiDi-external/COLD_STORAGEEXTERNAL/recovered_intelligence/My_Mac_KmiDi_Companion/CANONICAL_REBUILD/REPORTS/INVENTORY.md,,0.0000,,0.0000,no_candidate
new_file,/Volumes/KmiDi-external/COLD_STORAGEEXTERNAL/recovered_intelligence/My_Mac_KmiDi_Companion/CANONICAL_REBUILD/REPORTS/KMIDI_SPECIFIC_FEATURES.md,,0.0000,,0.0000,no_candidate
new_file,/Volumes/KmiDi-external/COLD_STORAGEEXTERNAL/recovered_intelligence/My_Mac_KmiDi_Companion/CANONICAL_REBUILD/REPORTS/OPERATION_COMPLETE.md,,0.0000,,0.0000,no_candidate
new_file,/Volumes/KmiDi-external/COLD_STORAGEEXTERNAL/recovered_intelligence/My_Mac_KmiDi_Companion/CANONICAL_REBUILD/REPORTS/RECOVERY_REPORT.md,,0.0000,,0.0000,no_candidate
new_file,/Volumes/KmiDi-external/COLD_STORAGEEXTERNAL/recovered_intelligence/My_Mac_KmiDi_Companion/CANONICAL_REBUILD/REPORTS/TREE_MAP.md,,0.0000,,0.0000,no_candidate
new_file,/Volumes/KmiDi-external/COLD_STORAGEEXTERNAL/recovered_intelligence/My_Mac_KmiDi_Companion/CANONICAL_REBUILD/REPORTS/ULTIMATE_CONSOLIDATION.md,,0.0000,,0.0000,no_candidate
new_file,/Volumes/KmiDi-external/COLD_STORAGEEXTERNAL/recovered_intelligence/My_Mac_KmiDi_Companion/CANONICAL_REBUILD/REPORTS/UNIMPLEMENTED_CODE.md,,0.0000,,0.0000,no_candidate
new_file,/Volumes/KmiDi-external/COLD_STORAGEEXTERNAL/recovered_intelligence/My_Mac_KmiDi_Companion/CANONICAL_REBUILD/REPORTS/WORST_DUPLICATES_REPORT.md,,0.0000,,0.0000,no_candidate
new_file,/Volumes/KmiDi-external/COLD_STORAGEEXTERNAL/recovered_intelligence/My_Mac_KmiDi_Companion/CANONICAL_REBUILD/REPORTS/duplicate_audio_to_delete.txt,,0.0000,,0.0000,no_candidate
new_file,/Volumes/KmiDi-external/COLD_STORAGEEXTERNAL/recovered_intelligence/My_Mac_KmiDi_Companion/CANONICAL_REBUILD/REPORTS/files_to_delete.txt,,0.0000,,0.0000,no_candidate
new_file,/Volumes/KmiDi-external/COLD_STORAGEEXTERNAL/recovered_intelligence/My_Mac_KmiDi_Companion/CANONICAL_REBUILD/REPORTS/worst_duplicates_to_delete.txt,,0.0000,,0.0000,no_candidate
new_file,/Volumes/KmiDi-external/COLD_STORAGEEXTERNAL/recovered_intelligence/My_Mac_KmiDi_Companion/CANONICAL_REBUILD/START_HERE.md,,0.0000,,0.0000,no_candidate
new_file,/Volumes/KmiDi-external/COLD_STORAGEEXTERNAL/recovered_intelligence/My_Mac_KmiDi_Companion/Documents/Dev_Notes/idaw-agent-prompts.md,,0.0000,,0.0000,no_candidate
new_file,/Volumes/KmiDi-external/COLD_STORAGEEXTERNAL/recovered_intelligence/My_Mac_KmiDi_Companion/Documents/Dev_Notes/kelly_system_analysis.md,,0.0000,,0.0000,no_candidate
new_file,/Volumes/KmiDi-external/COLD_STORAGEEXTERNAL/recovered_intelligence/My_Mac_KmiDi_Companion/Documents/Dev_Notes/kelly_week1_build.md,,0.0000,,0.0000,no_candidate
new_file,/Volumes/KmiDi-external/COLD_STORAGEEXTERNAL/recovered_intelligence/My_Mac_KmiDi_Companion/Documents/Kelly_Business/Kelly_Marketing_Strategy_Funding_Proposal.md,,0.0000,,0.0000,no_candidate
new_file,/Volumes/KmiDi-external/COLD_STORAGEEXTERNAL/recovered_intelligence/My_Mac_KmiDi_Companion/Documents/Kelly_Business/kelly_6month_roadmap.md,,0.0000,,0.0000,no_candidate
new_file,/Volumes/KmiDi-external/COLD_STORAGEEXTERNAL/recovered_intelligence/My_Mac_KmiDi_Companion/Documents/Kelly_Business/kelly_action_plan.md,,0.0000,,0.0000,no_candidate
new_file,/Volumes/KmiDi-external/COLD_STORAGEEXTERNAL/recovered_intelligence/My_Mac_KmiDi_Companion/Documents/Kelly_Business/kelly_executive_summary.md,,0.0000,,0.0000,no_candidate
new_file,/Volumes/KmiDi-external/COLD_STORAGEEXTERNAL/recovered_intelligence/My_Mac_KmiDi_Companion/Documents/Kelly_Business/kelly_final_pricing.md,,0.0000,,0.0000,no_candidate
new_file,/Volumes/KmiDi-external/COLD_STORAGEEXTERNAL/recovered_intelligence/My_Mac_KmiDi_Companion/Documents/Kelly_Business/kelly_pricing_legal.md,,0.0000,,0.0000,no_candidate
new_file,/Volumes/KmiDi-external/COLD_STORAGEEXTERNAL/recovered_intelligence/My_Mac_KmiDi_Companion/Documents/Kelly_Business/kelly_pricing_legal_1.md,,0.0000,,0.0000,no_candidate
new_file,/Volumes/KmiDi-external/COLD_STORAGEEXTERNAL/recovered_intelligence/My_Mac_KmiDi_Companion/Documents/Kelly_Business/kelly_vs_suno.md,,0.0000,,0.0000,no_candidate
new_file,/Volumes/KmiDi-external/COLD_STORAGEEXTERNAL/recovered_intelligence/My_Mac_KmiDi_Companion/Documents/cursor_bug_and_build_issues.md,,0.0000,,0.0000,no_candidate
new_file,/Volumes/KmiDi-external/COLD_STORAGEEXTERNAL/recovered_intelligence/My_Mac_KmiDi_Companion/Documents/cursor_cursor_multi_ai_prompt_file.md,,0.0000,,0.0000,no_candidate
new_file,/Volumes/KmiDi-external/COLD_STORAGEEXTERNAL/recovered_intelligence/My_Mac_KmiDi_Companion/Documents/cursor_development_environment_and_proj.md,,0.0000,,0.0000,no_candidate
new_file,/Volumes/KmiDi-external/COLD_STORAGEEXTERNAL/recovered_intelligence/My_Mac_KmiDi_Companion/Documents/cursor_dind_docker_for_music_engine_lea.md,,0.0000,,0.0000,no_candidate
new_file,/Volumes/KmiDi-external/COLD_STORAGEEXTERNAL/recovered_intelligence/My_Mac_KmiDi_Companion/Documents/cursor_docker_compose_container_creatio.md,,0.0000,,0.0000,no_candidate
new_file,/Volumes/KmiDi-external/COLD_STORAGEEXTERNAL/recovered_intelligence/My_Mac_KmiDi_Companion/Documents/cursor_generic_multi_ai_cursor_prompt.md,,0.0000,,0.0000,no_candidate
new_file,/Volumes/KmiDi-external/COLD_STORAGEEXTERNAL/recovered_intelligence/My_Mac_KmiDi_Companion/Documents/cursor_multi_agent_cursor_prompt.md,,0.0000,,0.0000,no_candidate
new_file,/Volumes/KmiDi-external/COLD_STORAGEEXTERNAL/recovered_intelligence/My_Mac_KmiDi_Companion/Documents/cursor_unspecified_query.md,,0.0000,,0.0000,no_candidate
new_file,/Volumes/KmiDi-external/COLD_STORAGEEXTERNAL/recovered_intelligence/My_Mac_KmiDi_Companion/Music/Kelly_Song_Project/CHORD_CHART.md,,0.0000,,0.0000,no_candidate
new_file,/Volumes/KmiDi-external/COLD_STORAGEEXTERNAL/recovered_intelligence/My_Mac_KmiDi_Companion/Music/Kelly_Song_Project/LYRICS.md,,0.0000,,0.0000,no_candidate
new_file,/Volumes/KmiDi-external/COLD_STORAGEEXTERNAL/recovered_intelligence/My_Mac_KmiDi_Companion/Music/Kelly_Song_Project/LYRICS_V2.md,,0.0000,,0.0000,no_candidate
new_file,/Volumes/KmiDi-external/COLD_STORAGEEXTERNAL/recovered_intelligence/My_Mac_KmiDi_Companion/Music/Kelly_Song_Project/LYRICS_V3_FINAL.md,,0.0000,,0.0000,no_candidate
new_file,/Volumes/KmiDi-external/COLD_STORAGEEXTERNAL/recovered_intelligence/My_Mac_KmiDi_Companion/Music/Kelly_Song_Project/LYRICS_V4_MASTERS_SYNTHESIS.md,,0.0000,,0.0000,no_candidate
new_file,/Volumes/KmiDi-external/COLD_STORAGEEXTERNAL/recovered_intelligence/My_Mac_KmiDi_Companion/Music/Kelly_Song_Project/README.md,external/JUCE/modules/juce_audio_processors/format_types/VST3_SDK/README.md,0.6643,external/JUCE/modules/juce_audio_devices/native/oboe/README.md,0.6587,no_valid_candidate_above_threshold
new_file,/Volumes/KmiDi-external/COLD_STORAGEEXTERNAL/recovered_intelligence/My_Mac_KmiDi_Companion/Music/Logic/Kelly_When_I_Found_You_2024/CHORD_CHART.md,,0.0000,,0.0000,no_candidate
new_file,/Volumes/KmiDi-external/COLD_STORAGEEXTERNAL/recovered_intelligence/My_Mac_KmiDi_Companion/Music/Logic/Kelly_When_I_Found_You_2024/Guitar_Music_Theory_Complete_Reference.md,,0.0000,,0.0000,no_candidate
new_file,/Volumes/KmiDi-external/COLD_STORAGEEXTERNAL/recovered_intelligence/My_Mac_KmiDi_Companion/Music/Logic/Kelly_When_I_Found_You_2024/Kelly_Guitar_Setup_Guide.md,,0.0000,,0.0000,no_candidate
new_file,/Volumes/KmiDi-external/COLD_STORAGEEXTERNAL/recovered_intelligence/My_Mac_KmiDi_Companion/Music/Logic/Kelly_When_I_Found_You_2024/Kelly_Performance_Sheet.md,,0.0000,,0.0000,no_candidate
new_file,/Volumes/KmiDi-external/COLD_STORAGEEXTERNAL/recovered_intelligence/My_Mac_KmiDi_Companion/Music/Logic/Kelly_When_I_Found_You_2024/LYRICS.md,,0.0000,,0.0000,no_candidate
new_file,/Volumes/KmiDi-external/COLD_STORAGEEXTERNAL/recovered_intelligence/My_Mac_KmiDi_Companion/Music/Logic/Kelly_When_I_Found_You_2024/LYRICS_V2.md,,0.0000,,0.0000,no_candidate
new_file,/Volumes/KmiDi-external/COLD_STORAGEEXTERNAL/recovered_intelligence/My_Mac_KmiDi_Companion/Music/Logic/Kelly_When_I_Found_You_2024/LYRICS_V3_FINAL.md,,0.0000,,0.0000,no_candidate
new_file,/Volumes/KmiDi-external/COLD_STORAGEEXTERNAL/recovered_intelligence/My_Mac_KmiDi_Companion/Music/Logic/Kelly_When_I_Found_You_2024/LYRICS_V4_MASTERS_SYNTHESIS.md,,0.0000,,0.0000,no_candidate
new_file,/Volumes/KmiDi-external/COLD_STORAGEEXTERNAL/recovered_intelligence/My_Mac_KmiDi_Companion/Music/Logic/Kelly_When_I_Found_You_2024/README.md,vault/Songs/when-i-found-you-sleeping/README.md,0.6574,external/JUCE/modules/juce_audio_formats/codecs/oggvorbis/libvorbis-1.3.7/README.md,0.6437,no_valid_candidate_above_threshold
new_file,/Volumes/KmiDi-external/COLD_STORAGEEXTERNAL/recovered_intelligence/My_Mac_KmiDi_Companion/Music/Logic/Kelly_When_I_Found_You_2024/TEMPLATE_SETUP.md,,0.0000,,0.0000,no_candidate
new_file,/Volumes/KmiDi-external/COLD_STORAGEEXTERNAL/recovered_intelligence/My_Mac_KmiDi_Companion/Music/iDAW_Output/iDAW_20251127_182312_neutral.README.md,,0.0000,,0.0000,no_candidate
new_file,/Volumes/KmiDi-external/COLD_STORAGEEXTERNAL/recovered_intelligence/My_Mac_KmiDi_Companion/Music/iDAW_Output/iDAW_20251127_182414_neutral.README.md,,0.0000,,0.0000,no_candidate
new_file,/Volumes/KmiDi-external/COLD_STORAGEEXTERNAL/recovered_intelligence/My_Mac_KmiDi_Companion/Music/iDAW_Output/iDAW_20251127_182418_neutral.README.md,,0.0000,,0.0000,no_candidate
new_file,/Volumes/KmiDi-external/COLD_STORAGEEXTERNAL/recovered_intelligence/My_Mac_KmiDi_Companion/Music/iDAW_Output/iDAW_20251127_182441_neutral.README.md,,0.0000,,0.0000,no_candidate
new_file,/Volumes/KmiDi-external/COLD_STORAGEEXTERNAL/recovered_intelligence/My_Mac_KmiDi_Companion/Music/iDAW_Output/iDAW_20251127_182459_neutral.README.md,,0.0000,,0.0000,no_candidate
new_file,/Volumes/KmiDi-external/COLD_STORAGEEXTERNAL/recovered_intelligence/My_Mac_KmiDi_Companion/Music/iDAW_Output/iDAW_20251127_182526_neutral.README.md,,0.0000,,0.0000,no_candidate
new_file,/Volumes/KmiDi-external/COLD_STORAGEEXTERNAL/recovered_intelligence/experiments/EXPERIMENTAL_FILES_ANALYSIS.md,,0.0000,,0.0000,no_candidate
candidate_match,/Volumes/KmiDi-external/KmiDi_MASTER_VAULTEXTERNAL/KmiDi/legacy/RECOVERY_SOURCE/Datasets_Project/KmiDi/CMakeLists.txt,CMakeLists.txt,0.9797,requirements.txt,0.8205,high_confidence_heuristic
conflict,/Volumes/KmiDi-external/KmiDi_MASTER_VAULTEXTERNAL/KmiDi/legacy/RECOVERY_SOURCE/Datasets_Project/KmiDi/CONTRIBUTING.md,COPILOT_INSTRUCTIONS.md,0.8827,ANALYSIS_CORRECTIONS.md,0.8264,ambiguous_or_medium_confidence_heuristic
conflict,/Volumes/KmiDi-external/KmiDi_MASTER_VAULTEXTERNAL/KmiDi/legacy/RECOVERY_SOURCE/Datasets_Project/KmiDi/KmiDi/external/JUCE/BREAKING_CHANGES.md,external/JUCE/BREAKING_CHANGES.md,0.9018,external/JUCE/CHANGE_LIST.md,0.7581,ambiguous_or_medium_confidence_heuristic
conflict,/Volumes/KmiDi-external/KmiDi_MASTER_VAULTEXTERNAL/KmiDi/legacy/RECOVERY_SOURCE/Datasets_Project/KmiDi/KmiDi/external/JUCE/CHANGE_LIST.md,external/JUCE/CHANGE_LIST.md,0.9097,external/JUCE/BREAKING_CHANGES.md,0.7642,ambiguous_or_medium_confidence_heuristic
conflict,/Volumes/KmiDi-external/KmiDi_MASTER_VAULTEXTERNAL/KmiDi/legacy/RECOVERY_SOURCE/Datasets_Project/KmiDi/KmiDi/external/JUCE/CMakeLists.txt,external/JUCE/CMakeLists.txt,0.9117,external/JUCE/extras/CMakeLists.txt,0.8065,ambiguous_or_medium_confidence_heuristic
conflict,/Volumes/KmiDi-external/KmiDi_MASTER_VAULTEXTERNAL/KmiDi/legacy/RECOVERY_SOURCE/Datasets_Project/KmiDi/KmiDi/external/JUCE/CODE_OF_CONDUCT.md,external/JUCE/CODE_OF_CONDUCT.md,0.9156,external/JUCE/README.md,0.7177,ambiguous_or_medium_confidence_heuristic
conflict,/Volumes/KmiDi-external/KmiDi_MASTER_VAULTEXTERNAL/KmiDi/legacy/RECOVERY_SOURCE/Datasets_Project/KmiDi/KmiDi/external/JUCE/LICENSE.md,external/JUCE/LICENSE.md,0.8853,external/JUCE/README.md,0.7605,ambiguous_or_medium_confidence_heuristic
conflict,/Volumes/KmiDi-external/KmiDi_MASTER_VAULTEXTERNAL/KmiDi/legacy/RECOVERY_SOURCE/Datasets_Project/KmiDi/KmiDi/external/JUCE/README.md,external/JUCE/README.md,0.9048,external/JUCE/docs/README.md,0.8259,ambiguous_or_medium_confidence_heuristic
new_file,/Volumes/KmiDi-external/KmiDi_MASTER_VAULTEXTERNAL/KmiDi/legacy/RECOVERY_SOURCE/Datasets_Project/KmiDi/KmiDi/external/JUCE/docs/doxygen/css/doxygen-juce-overrides.css,,0.0000,,0.0000,no_candidate
new_file,/Volumes/KmiDi-external/KmiDi_MASTER_VAULTEXTERNAL/KmiDi/legacy/RECOVERY_SOURCE/Datasets_Project/KmiDi/KmiDi/external/JUCE/docs/doxygen/css/header.css,,0.0000,,0.0000,no_candidate
new_file,/Volumes/KmiDi-external/KmiDi_MASTER_VAULTEXTERNAL/KmiDi/legacy/RECOVERY_SOURCE/Datasets_Project/KmiDi/KmiDi/external/JUCE/docs/doxygen/css/tokyo-night-dark.min.css,,0.0000,,0.0000,no_candidate
new_file,/Volumes/KmiDi-external/KmiDi_MASTER_VAULTEXTERNAL/KmiDi/legacy/RECOVERY_SOURCE/Datasets_Project/KmiDi/KmiDi/external/JUCE/docs/doxygen/error.html,,0.0000,,0.0000,no_candidate
new_file,/Volumes/KmiDi-external/KmiDi_MASTER_VAULTEXTERNAL/KmiDi/legacy/RECOVERY_SOURCE/Datasets_Project/KmiDi/KmiDi/external/JUCE/docs/doxygen/footer.html,,0.0000,,0.0000,no_candidate
new_file,/Volumes/KmiDi-external/KmiDi_MASTER_VAULTEXTERNAL/KmiDi/legacy/RECOVERY_SOURCE/Datasets_Project/KmiDi/KmiDi/external/JUCE/docs/doxygen/header.html,,0.0000,,0.0000,no_candidate
new_file,/Volumes/KmiDi-external/KmiDi_MASTER_VAULTEXTERNAL/KmiDi/legacy/RECOVERY_SOURCE/Datasets_Project/KmiDi/KmiDi/external/JUCE/docs/doxygen/index.html,,0.0000,,0.0000,no_candidate
new_file,/Volumes/KmiDi-external/KmiDi_MASTER_VAULTEXTERNAL/KmiDi/legacy/RECOVERY_SOURCE/Datasets_Project/KmiDi/KmiDi/external/JUCE/examples/Assets/webviewplugin-gui-fallback.html,,0.0000,,0.0000,no_candidate
new_file,/Volumes/KmiDi-external/KmiDi_MASTER_VAULTEXTERNAL/KmiDi/legacy/RECOVERY_SOURCE/Datasets_Project/KmiDi/KmiDi/external/JUCE/modules/juce_animation/detail/chromium/cubic_bezier.cc,,0.0000,,0.0000,no_candidate
new_file,/Volumes/KmiDi-external/KmiDi_MASTER_VAULTEXTERNAL/KmiDi/legacy/RECOVERY_SOURCE/Datasets_Project/KmiDi/KmiDi/external/JUCE/modules/juce_core/zip/zlib/LICENSE,external/JUCE/modules/juce_graphics/image_formats/pnglib/LICENSE,0.6211,,0.0000,no_valid_candidate_above_threshold
new_file,/Volumes/KmiDi-external/KmiDi_MASTER_VAULTEXTERNAL/KmiDi/legacy/RECOVERY_SOURCE/Datasets_Project/KmiDi/KmiDi/external/JUCE/modules/juce_graphics/fonts/harfbuzz/harfbuzz-subset.cc,,0.0000,,0.0000,no_candidate
new_file,/Volumes/KmiDi-external/KmiDi_MASTER_VAULTEXTERNAL/KmiDi/legacy/RECOVERY_SOURCE/Datasets_Project/KmiDi/KmiDi/external/JUCE/modules/juce_graphics/fonts/harfbuzz/harfbuzz.cc,,0.0000,,0.0000,no_candidate
new_file,/Volumes/KmiDi-external/KmiDi_MASTER_VAULTEXTERNAL/KmiDi/legacy/RECOVERY_SOURCE/Datasets_Project/KmiDi/KmiDi/external/JUCE/modules/juce_graphics/fonts/harfbuzz/hb-aat-map.cc,,0.0000,,0.0000,no_candidate
new_file,/Volumes/KmiDi-external/KmiDi_MASTER_VAULTEXTERNAL/KmiDi/legacy/RECOVERY_SOURCE/Datasets_Project/KmiDi/KmiDi/external/JUCE/modules/juce_graphics/fonts/harfbuzz/hb-blob.cc,,0.0000,,0.0000,no_candidate
new_file,/Volumes/KmiDi-external/KmiDi_MASTER_VAULTEXTERNAL/KmiDi/legacy/RECOVERY_SOURCE/Datasets_Project/KmiDi/KmiDi/external/JUCE/modules/juce_graphics/fonts/harfbuzz/hb-buffer-serialize.cc,,0.0000,,0.0000,no_candidate
new_file,/Volumes/KmiDi-external/KmiDi_MASTER_VAULTEXTERNAL/KmiDi/legacy/RECOVERY_SOURCE/Datasets_Project/KmiDi/KmiDi/external/JUCE/modules/juce_graphics/fonts/harfbuzz/hb-buffer-verify.cc,,0.0000,,0.0000,no_candidate
new_file,/Volumes/KmiDi-external/KmiDi_MASTER_VAULTEXTERNAL/KmiDi/legacy/RECOVERY_SOURCE/Datasets_Project/KmiDi/KmiDi/external/JUCE/modules/juce_graphics/fonts/harfbuzz/hb-buffer.cc,,0.0000,,0.0000,no_candidate
new_file,/Volumes/KmiDi-external/KmiDi_MASTER_VAULTEXTERNAL/KmiDi/legacy/RECOVERY_SOURCE/Datasets_Project/KmiDi/KmiDi/external/JUCE/modules/juce_graphics/fonts/harfbuzz/hb-common.cc,,0.0000,,0.0000,no_candidate
new_file,/Volumes/KmiDi-external/KmiDi_MASTER_VAULTEXTERNAL/KmiDi/legacy/RECOVERY_SOURCE/Datasets_Project/KmiDi/KmiDi/external/JUCE/modules/juce_graphics/fonts/harfbuzz/hb-coretext-font.cc,,0.0000,,0.0000,no_candidate
new_file,/Volumes/KmiDi-external/KmiDi_MASTER_VAULTEXTERNAL/KmiDi/legacy/RECOVERY_SOURCE/Datasets_Project/KmiDi/KmiDi/external/JUCE/modules/juce_graphics/fonts/harfbuzz/hb-coretext-shape.cc,,0.0000,,0.0000,no_candidate
new_file,/Volumes/KmiDi-external/KmiDi_MASTER_VAULTEXTERNAL/KmiDi/legacy/RECOVERY_SOURCE/Datasets_Project/KmiDi/KmiDi/external/JUCE/modules/juce_graphics/fonts/harfbuzz/hb-directwrite.cc,,0.0000,,0.0000,no_candidate
new_file,/Volumes/KmiDi-external/KmiDi_MASTER_VAULTEXTERNAL/KmiDi/legacy/RECOVERY_SOURCE/Datasets_Project/KmiDi/KmiDi/external/JUCE/modules/juce_graphics/fonts/harfbuzz/hb-draw.cc,,0.0000,,0.0000,no_candidate
new_file,/Volumes/KmiDi-external/KmiDi_MASTER_VAULTEXTERNAL/KmiDi/legacy/RECOVERY_SOURCE/Datasets_Project/KmiDi/KmiDi/external/JUCE/modules/juce_graphics/fonts/harfbuzz/hb-face.cc,,0.0000,,0.0000,no_candidate
new_file,/Volumes/KmiDi-external/KmiDi_MASTER_VAULTEXTERNAL/KmiDi/legacy/RECOVERY_SOURCE/Datasets_Project/KmiDi/KmiDi/external/JUCE/modules/juce_graphics/fonts/harfbuzz/hb-fallback-shape.cc,,0.0000,,0.0000,no_candidate
new_file,/Volumes/KmiDi-external/KmiDi_MASTER_VAULTEXTERNAL/KmiDi/legacy/RECOVERY_SOURCE/Datasets_Project/KmiDi/KmiDi/external/JUCE/modules/juce_graphics/fonts/harfbuzz/hb-font.cc,,0.0000,,0.0000,no_candidate
new_file,/Volumes/KmiDi-external/KmiDi_MASTER_VAULTEXTERNAL/KmiDi/legacy/RECOVERY_SOURCE/Datasets_Project/KmiDi/KmiDi/external/JUCE/modules/juce_graphics/fonts/harfbuzz/hb-ft.cc,,0.0000,,0.0000,no_candidate
new_file,/Volumes/KmiDi-external/KmiDi_MASTER_VAULTEXTERNAL/KmiDi/legacy/RECOVERY_SOURCE/Datasets_Project/KmiDi/KmiDi/external/JUCE/modules/juce_graphics/fonts/harfbuzz/hb-gdi.cc,,0.0000,,0.0000,no_candidate
new_file,/Volumes/KmiDi-external/KmiDi_MASTER_VAULTEXTERNAL/KmiDi/legacy/RECOVERY_SOURCE/Datasets_Project/KmiDi/KmiDi/external/JUCE/modules/juce_graphics/fonts/harfbuzz/hb-glib.cc,,0.0000,,0.0000,no_candidate
new_file,/Volumes/KmiDi-external/KmiDi_MASTER_VAULTEXTERNAL/KmiDi/legacy/RECOVERY_SOURCE/Datasets_Project/KmiDi/KmiDi/external/JUCE/modules/juce_graphics/fonts/harfbuzz/hb-gobject-structs.cc,,0.0000,,0.0000,no_candidate
new_file,/Volumes/KmiDi-external/KmiDi_MASTER_VAULTEXTERNAL/KmiDi/legacy/RECOVERY_SOURCE/Datasets_Project/KmiDi/KmiDi/external/JUCE/modules/juce_graphics/fonts/harfbuzz/hb-graphite2.cc,,0.0000,,0.0000,no_candidate
new_file,/Volumes/KmiDi-external/KmiDi_MASTER_VAULTEXTERNAL/KmiDi/legacy/RECOVERY_SOURCE/Datasets_Project/KmiDi/KmiDi/external/JUCE/modules/juce_graphics/fonts/harfbuzz/hb-icu.cc,,0.0000,,0.0000,no_candidate
new_file,/Volumes/KmiDi-external/KmiDi_MASTER_VAULTEXTERNAL/KmiDi/legacy/RECOVERY_SOURCE/Datasets_Project/KmiDi/KmiDi/external/JUCE/modules/juce_graphics/fonts/harfbuzz/hb-map.cc,,0.0000,,0.0000,no_candidate
new_file,/Volumes/KmiDi-external/KmiDi_MASTER_VAULTEXTERNAL/KmiDi/legacy/RECOVERY_SOURCE/Datasets_Project/KmiDi/KmiDi/external/JUCE/modules/juce_graphics/fonts/harfbuzz/hb-number.cc,,0.0000,,0.0000,no_candidate
new_file,/Volumes/KmiDi-external/KmiDi_MASTER_VAULTEXTERNAL/KmiDi/legacy/RECOVERY_SOURCE/Datasets_Project/KmiDi/KmiDi/external/JUCE/modules/juce_graphics/fonts/harfbuzz/hb-ot-cff1-table.cc,,0.0000,,0.0000,no_candidate
new_file,/Volumes/KmiDi-external/KmiDi_MASTER_VAULTEXTERNAL/KmiDi/legacy/RECOVERY_SOURCE/Datasets_Project/KmiDi/KmiDi/external/JUCE/modules/juce_graphics/fonts/harfbuzz/hb-ot-cff2-table.cc,,0.0000,,0.0000,no_candidate
new_file,/Volumes/KmiDi-external/KmiDi_MASTER_VAULTEXTERNAL/KmiDi/legacy/RECOVERY_SOURCE/Datasets_Project/KmiDi/KmiDi/external/JUCE/modules/juce_graphics/fonts/harfbuzz/hb-ot-color.cc,,0.0000,,0.0000,no_candidate
new_file,/Volumes/KmiDi-external/KmiDi_MASTER_VAULTEXTERNAL/KmiDi/legacy/RECOVERY_SOURCE/Datasets_Project/KmiDi/KmiDi/external/JUCE/modules/juce_graphics/fonts/harfbuzz/hb-ot-face.cc,,0.0000,,0.0000,no_candidate
new_file,/Volumes/KmiDi-external/KmiDi_MASTER_VAULTEXTERNAL/KmiDi/legacy/RECOVERY_SOURCE/Datasets_Project/KmiDi/KmiDi/external/JUCE/modules/juce_graphics/fonts/harfbuzz/hb-ot-font.cc,,0.0000,,0.0000,no_candidate
new_file,/Volumes/KmiDi-external/KmiDi_MASTER_VAULTEXTERNAL/KmiDi/legacy/RECOVERY_SOURCE/Datasets_Project/KmiDi/KmiDi/external/JUCE/modules/juce_graphics/fonts/harfbuzz/hb-ot-map.cc,,0.0000,,0.0000,no_candidate
new_file,/Volumes/KmiDi-external/KmiDi_MASTER_VAULTEXTERNAL/KmiDi/legacy/RECOVERY_SOURCE/Datasets_Project/KmiDi/KmiDi/external/JUCE/modules/juce_graphics/fonts/harfbuzz/hb-ot-math.cc,,0.0000,,0.0000,no_candidate
new_file,/Volumes/KmiDi-external/KmiDi_MASTER_VAULTEXTERNAL/KmiDi/legacy/RECOVERY_SOURCE/Datasets_Project/KmiDi/KmiDi/external/JUCE/modules/juce_graphics/fonts/harfbuzz/hb-ot-meta.cc,,0.0000,,0.0000,no_candidate
new_file,/Volumes/KmiDi-external/KmiDi_MASTER_VAULTEXTERNAL/KmiDi/legacy/RECOVERY_SOURCE/Datasets_Project/KmiDi/KmiDi/external/JUCE/modules/juce_graphics/fonts/harfbuzz/hb-ot-metrics.cc,,0.0000,,0.0000,no_candidate
new_file,/Volumes/KmiDi-external/KmiDi_MASTER_VAULTEXTERNAL/KmiDi/legacy/RECOVERY_SOURCE/Datasets_Project/KmiDi/KmiDi/external/JUCE/modules/juce_graphics/fonts/harfbuzz/hb-ot-name.cc,,0.0000,,0.0000,no_candidate
new_file,/Volumes/KmiDi-external/KmiDi_MASTER_VAULTEXTERNAL/KmiDi/legacy/RECOVERY_SOURCE/Datasets_Project/KmiDi/KmiDi/external/JUCE/modules/juce_graphics/fonts/harfbuzz/hb-ot-shape-fallback.cc,,0.0000,,0.0000,no_candidate
new_file,/Volumes/KmiDi-external/KmiDi_MASTER_VAULTEXTERNAL/KmiDi/legacy/RECOVERY_SOURCE/Datasets_Project/KmiDi/KmiDi/external/JUCE/modules/juce_graphics/fonts/harfbuzz/hb-ot-shape-normalize.cc,,0.0000,,0.0000,no_candidate
new_file,/Volumes/KmiDi-external/KmiDi_MASTER_VAULTEXTERNAL/KmiDi/legacy/RECOVERY_SOURCE/Datasets_Project/KmiDi/KmiDi/external/JUCE/modules/juce_graphics/fonts/harfbuzz/hb-ot-shape.cc,,0.0000,,0.0000,no_candidate
new_file,/Volumes/KmiDi-external/KmiDi_MASTER_VAULTEXTERNAL/KmiDi/legacy/RECOVERY_SOURCE/Datasets_Project/KmiDi/KmiDi/external/JUCE/modules/juce_graphics/fonts/harfbuzz/hb-ot-shaper-arabic.cc,,0.0000,,0.0000,no_candidate
new_file,/Volumes/KmiDi-external/KmiDi_MASTER_VAULTEXTERNAL/KmiDi/legacy/RECOVERY_SOURCE/Datasets_Project/KmiDi/KmiDi/external/JUCE/modules/juce_graphics/fonts/harfbuzz/hb-ot-shaper-default.cc,,0.0000,,0.0000,no_candidate
new_file,/Volumes/KmiDi-external/KmiDi_MASTER_VAULTEXTERNAL/KmiDi/legacy/RECOVERY_SOURCE/Datasets_Project/KmiDi/KmiDi/external/JUCE/modules/juce_graphics/fonts/harfbuzz/hb-ot-shaper-hangul.cc,,0.0000,,0.0000,no_candidate
new_file,/Volumes/KmiDi-external/KmiDi_MASTER_VAULTEXTERNAL/KmiDi/legacy/RECOVERY_SOURCE/Datasets_Project/KmiDi/KmiDi/external/JUCE/modules/juce_graphics/fonts/harfbuzz/hb-ot-shaper-hebrew.cc,,0.0000,,0.0000,no_candidate
new_file,/Volumes/KmiDi-external/KmiDi_MASTER_VAULTEXTERNAL/KmiDi/legacy/RECOVERY_SOURCE/Datasets_Project/KmiDi/KmiDi/external/JUCE/modules/juce_graphics/fonts/harfbuzz/hb-ot-shaper-indic-table.cc,,0.0000,,0.0000,no_candidate
new_file,/Volumes/KmiDi-external/KmiDi_MASTER_VAULTEXTERNAL/KmiDi/legacy/RECOVERY_SOURCE/Datasets_Project/KmiDi/KmiDi/external/JUCE/modules/juce_graphics/fonts/harfbuzz/hb-ot-shaper-indic.cc,,0.0000,,0.0000,no_candidate
new_file,/Volumes/KmiDi-external/KmiDi_MASTER_VAULTEXTERNAL/KmiDi/legacy/RECOVERY_SOURCE/Datasets_Project/KmiDi/KmiDi/external/JUCE/modules/juce_graphics/fonts/harfbuzz/hb-ot-shaper-khmer.cc,,0.0000,,0.0000,no_candidate
new_file,/Volumes/KmiDi-external/KmiDi_MASTER_VAULTEXTERNAL/KmiDi/legacy/RECOVERY_SOURCE/Datasets_Project/KmiDi/KmiDi/external/JUCE/modules/juce_graphics/fonts/harfbuzz/hb-ot-shaper-myanmar.cc,,0.0000,,0.0000,no_candidate
new_file,/Volumes/KmiDi-external/KmiDi_MASTER_VAULTEXTERNAL/KmiDi/legacy/RECOVERY_SOURCE/Datasets_Project/KmiDi/KmiDi/external/JUCE/modules/juce_graphics/fonts/harfbuzz/hb-ot-shaper-syllabic.cc,,0.0000,,0.0000,no_candidate
new_file,/Volumes/KmiDi-external/KmiDi_MASTER_VAULTEXTERNAL/KmiDi/legacy/RECOVERY_SOURCE/Datasets_Project/KmiDi/KmiDi/external/JUCE/modules/juce_graphics/fonts/harfbuzz/hb-ot-shaper-thai.cc,,0.0000,,0.0000,no_candidate
new_file,/Volumes/KmiDi-external/KmiDi_MASTER_VAULTEXTERNAL/KmiDi/legacy/RECOVERY_SOURCE/Datasets_Project/KmiDi/KmiDi/external/JUCE/modules/juce_graphics/fonts/harfbuzz/hb-ot-shaper-use.cc,,0.0000,,0.0000,no_candidate
new_file,/Volumes/KmiDi-external/KmiDi_MASTER_VAULTEXTERNAL/KmiDi/legacy/RECOVERY_SOURCE/Datasets_Project/KmiDi/KmiDi/external/JUCE/modules/juce_graphics/fonts/harfbuzz/hb-ot-shaper-vowel-constraints.cc,,0.0000,,0.0000,no_candidate
new_file,/Volumes/KmiDi-external/KmiDi_MASTER_VAULTEXTERNAL/KmiDi/legacy/RECOVERY_SOURCE/Datasets_Project/KmiDi/KmiDi/external/JUCE/modules/juce_graphics/fonts/harfbuzz/hb-ot-tag.cc,,0.0000,,0.0000,no_candidate
new_file,/Volumes/KmiDi-external/KmiDi_MASTER_VAULTEXTERNAL/KmiDi/legacy/RECOVERY_SOURCE/Datasets_Project/KmiDi/KmiDi/external/JUCE/modules/juce_graphics/fonts/harfbuzz/hb-ot-var.cc,,0.0000,,0.0000,no_candidate
new_file,/Volumes/KmiDi-external/KmiDi_MASTER_VAULTEXTERNAL/KmiDi/legacy/RECOVERY_SOURCE/Datasets_Project/KmiDi/KmiDi/external/JUCE/modules/juce_graphics/fonts/harfbuzz/hb-paint-extents.cc,,0.0000,,0.0000,no_candidate
new_file,/Volumes/KmiDi-external/KmiDi_MASTER_VAULTEXTERNAL/KmiDi/legacy/RECOVERY_SOURCE/Datasets_Project/KmiDi/KmiDi/external/JUCE/modules/juce_graphics/fonts/harfbuzz/hb-paint.cc,,0.0000,,0.0000,no_candidate
new_file,/Volumes/KmiDi-external/KmiDi_MASTER_VAULTEXTERNAL/KmiDi/legacy/RECOVERY_SOURCE/Datasets_Project/KmiDi/KmiDi/external/JUCE/modules/juce_graphics/fonts/harfbuzz/hb-set.cc,,0.0000,,0.0000,no_candidate
new_file,/Volumes/KmiDi-external/KmiDi_MASTER_VAULTEXTERNAL/KmiDi/legacy/RECOVERY_SOURCE/Datasets_Project/KmiDi/KmiDi/external/JUCE/modules/juce_graphics/fonts/harfbuzz/hb-shape-plan.cc,,0.0000,,0.0000,no_candidate
new_file,/Volumes/KmiDi-external/KmiDi_MASTER_VAULTEXTERNAL/KmiDi/legacy/RECOVERY_SOURCE/Datasets_Project/KmiDi/KmiDi/external/JUCE/modules/juce_graphics/fonts/harfbuzz/hb-shape.cc,,0.0000,,0.0000,no_candidate
new_file,/Volumes/KmiDi-external/KmiDi_MASTER_VAULTEXTERNAL/KmiDi/legacy/RECOVERY_SOURCE/Datasets_Project/KmiDi/KmiDi/external/JUCE/modules/juce_graphics/fonts/harfbuzz/hb-shaper.cc,,0.0000,,0.0000,no_candidate
new_file,/Volumes/KmiDi-external/KmiDi_MASTER_VAULTEXTERNAL/KmiDi/legacy/RECOVERY_SOURCE/Datasets_Project/KmiDi/KmiDi/external/JUCE/modules/juce_graphics/fonts/harfbuzz/hb-static.cc,,0.0000,,0.0000,no_candidate
new_file,/Volumes/KmiDi-external/KmiDi_MASTER_VAULTEXTERNAL/KmiDi/legacy/RECOVERY_SOURCE/Datasets_Project/KmiDi/KmiDi/external/JUCE/modules/juce_graphics/fonts/harfbuzz/hb-style.cc,,0.0000,,0.0000,no_candidate
new_file,/Volumes/KmiDi-external/KmiDi_MASTER_VAULTEXTERNAL/KmiDi/legacy/RECOVERY_SOURCE/Datasets_Project/KmiDi/KmiDi/external/JUCE/modules/juce_graphics/fonts/harfbuzz/hb-subset-cff-common.cc,,0.0000,,0.0000,no_candidate
new_file,/Volumes/KmiDi-external/KmiDi_MASTER_VAULTEXTERNAL/KmiDi/legacy/RECOVERY_SOURCE/Datasets_Project/KmiDi/KmiDi/external/JUCE/modules/juce_graphics/fonts/harfbuzz/hb-subset-cff1.cc,,0.0000,,0.0000,no_candidate
new_file,/Volumes/KmiDi-external/KmiDi_MASTER_VAULTEXTERNAL/KmiDi/legacy/RECOVERY_SOURCE/Datasets_Project/KmiDi/KmiDi/external/JUCE/modules/juce_graphics/fonts/harfbuzz/hb-subset-cff2.cc,,0.0000,,0.0000,no_candidate
new_file,/Volumes/KmiDi-external/KmiDi_MASTER_VAULTEXTERNAL/KmiDi/legacy/RECOVERY_SOURCE/Datasets_Project/KmiDi/KmiDi/external/JUCE/modules/juce_graphics/fonts/harfbuzz/hb-subset-input.cc,,0.0000,,0.0000,no_candidate
new_file,/Volumes/KmiDi-external/KmiDi_MASTER_VAULTEXTERNAL/KmiDi/legacy/RECOVERY_SOURCE/Datasets_Project/KmiDi/KmiDi/external/JUCE/modules/juce_graphics/fonts/harfbuzz/hb-subset-instancer-iup.cc,,0.0000,,0.0000,no_candidate
new_file,/Volumes/KmiDi-external/KmiDi_MASTER_VAULTEXTERNAL/KmiDi/legacy/RECOVERY_SOURCE/Datasets_Project/KmiDi/KmiDi/external/JUCE/modules/juce_graphics/fonts/harfbuzz/hb-subset-instancer-solver.cc,,0.0000,,0.0000,no_candidate
new_file,/Volumes/KmiDi-external/KmiDi_MASTER_VAULTEXTERNAL/KmiDi/legacy/RECOVERY_SOURCE/Datasets_Project/KmiDi/KmiDi/external/JUCE/modules/juce_graphics/fonts/harfbuzz/hb-subset-plan.cc,,0.0000,,0.0000,no_candidate
new_file,/Volumes/KmiDi-external/KmiDi_MASTER_VAULTEXTERNAL/KmiDi/legacy/RECOVERY_SOURCE/Datasets_Project/KmiDi/KmiDi/external/JUCE/modules/juce_graphics/fonts/harfbuzz/hb-subset-repacker.cc,,0.0000,,0.0000,no_candidate
new_file,/Volumes/KmiDi-external/KmiDi_MASTER_VAULTEXTERNAL/KmiDi/legacy/RECOVERY_SOURCE/Datasets_Project/KmiDi/KmiDi/external/JUCE/modules/juce_graphics/fonts/harfbuzz/hb-subset.cc,,0.0000,,0.0000,no_candidate
new_file,/Volumes/KmiDi-external/KmiDi_MASTER_VAULTEXTERNAL/KmiDi/legacy/RECOVERY_SOURCE/Datasets_Project/KmiDi/KmiDi/external/JUCE/modules/juce_graphics/fonts/harfbuzz/hb-ucd.cc,,0.0000,,0.0000,no_candidate
new_file,/Volumes/KmiDi-external/KmiDi_MASTER_VAULTEXTERNAL/KmiDi/legacy/RECOVERY_SOURCE/Datasets_Project/KmiDi/KmiDi/external/JUCE/modules/juce_graphics/fonts/harfbuzz/hb-unicode.cc,,0.0000,,0.0000,no_candidate
new_file,/Volumes/KmiDi-external/KmiDi_MASTER_VAULTEXTERNAL/KmiDi/legacy/RECOVERY_SOURCE/Datasets_Project/KmiDi/KmiDi/external/JUCE/modules/juce_graphics/fonts/harfbuzz/hb-uniscribe.cc,,0.0000,,0.0000,no_candidate
new_file,/Volumes/KmiDi-external/KmiDi_MASTER_VAULTEXTERNAL/KmiDi/legacy/RECOVERY_SOURCE/Datasets_Project/KmiDi/KmiDi/external/JUCE/modules/juce_graphics/fonts/harfbuzz/hb-wasm-api.cc,,0.0000,,0.0000,no_candidate
new_file,/Volumes/KmiDi-external/KmiDi_MASTER_VAULTEXTERNAL/KmiDi/legacy/RECOVERY_SOURCE/Datasets_Project/KmiDi/KmiDi/external/JUCE/modules/juce_graphics/fonts/harfbuzz/hb-wasm-shape.cc,,0.0000,,0.0000,no_candidate
conflict,/Volumes/KmiDi-external/KmiDi_MASTER_VAULTEXTERNAL/KmiDi/legacy/RECOVERY_SOURCE/Datasets_Project/KmiDi/KmiDi/external/JUCE/modules/juce_graphics/image_formats/jpglib/README,external/JUCE/modules/juce_graphics/image_formats/jpglib/README,0.7740,external/JUCE/modules/juce_core/zip/zlib/README,0.6240,ambiguous_or_medium_confidence_heuristic
new_file,/Volumes/KmiDi-external/KmiDi_MASTER_VAULTEXTERNAL/KmiDi/legacy/RECOVERY_SOURCE/Datasets_Project/KmiDi/KmiDi_BACKUP/project/package.json,legacy/super-spork/package.json,0.6504,,0.0000,no_valid_candidate_above_threshold
new_file,/Volumes/KmiDi-external/KmiDi_MASTER_VAULTEXTERNAL/KmiDi/legacy/RECOVERY_SOURCE/Datasets_Project/KmiDi/KmiDi_FINAL/CMakeLists.txt,build_fileio/CMakeLists.txt,0.7448,cpp_music_brain/CMakeLists.txt,0.6956,no_valid_candidate_above_threshold
new_file,/Volumes/KmiDi-external/KmiDi_MASTER_VAULTEXTERNAL/KmiDi/legacy/RECOVERY_SOURCE/Datasets_Project/KmiDi/KmiDi_FINAL/CONSOLIDATION_NOTES.md,,0.0000,,0.0000,no_candidate
new_file,/Volumes/KmiDi-external/KmiDi_MASTER_VAULTEXTERNAL/KmiDi/legacy/RECOVERY_SOURCE/Datasets_Project/KmiDi/KmiDi_FINAL/INTENT_IR_V1_BUILD_COMPLETE.md,,0.0000,,0.0000,no_candidate
new_file,/Volumes/KmiDi-external/KmiDi_MASTER_VAULTEXTERNAL/KmiDi/legacy/RECOVERY_SOURCE/Datasets_Project/KmiDi/KmiDi_FINAL/INTENT_IR_V1_BUILD_READY.md,,0.0000,,0.0000,no_candidate
new_file,/Volumes/KmiDi-external/KmiDi_MASTER_VAULTEXTERNAL/KmiDi/legacy/RECOVERY_SOURCE/Datasets_Project/KmiDi/KmiDi_FINAL/INTENT_IR_V1_COMPLETE.md,,0.0000,,0.0000,no_candidate
new_file,/Volumes/KmiDi-external/KmiDi_MASTER_VAULTEXTERNAL/KmiDi/legacy/RECOVERY_SOURCE/Datasets_Project/KmiDi/KmiDi_FINAL/INTENT_IR_V1_FINAL_STATUS.md,,0.0000,,0.0000,no_candidate
new_file,/Volumes/KmiDi-external/KmiDi_MASTER_VAULTEXTERNAL/KmiDi/legacy/RECOVERY_SOURCE/Datasets_Project/KmiDi/KmiDi_FINAL/INTENT_IR_V1_FULLY_INTEGRATED.md,,0.0000,,0.0000,no_candidate
new_file,/Volumes/KmiDi-external/KmiDi_MASTER_VAULTEXTERNAL/KmiDi/legacy/RECOVERY_SOURCE/Datasets_Project/KmiDi/KmiDi_FINAL/INTENT_IR_V1_SUMMARY.md,,0.0000,,0.0000,no_candidate
new_file,/Volumes/KmiDi-external/KmiDi_MASTER_VAULTEXTERNAL/KmiDi/legacy/RECOVERY_SOURCE/Datasets_Project/KmiDi/KmiDi_FINAL/PRROT_16GB_SAFE.md,,0.0000,,0.0000,no_candidate
new_file,/Volumes/KmiDi-external/KmiDi_MASTER_VAULTEXTERNAL/KmiDi/legacy/RECOVERY_SOURCE/Datasets_Project/KmiDi/KmiDi_FINAL/PRROT_BUILD_READY.md,,0.0000,,0.0000,no_candidate
new_file,/Volumes/KmiDi-external/KmiDi_MASTER_VAULTEXTERNAL/KmiDi/legacy/RECOVERY_SOURCE/Datasets_Project/KmiDi/KmiDi_FINAL/PRROT_COMPLETE_SUMMARY.md,,0.0000,,0.0000,no_candidate
new_file,/Volumes/KmiDi-external/KmiDi_MASTER_VAULTEXTERNAL/KmiDi/legacy/RECOVERY_SOURCE/Datasets_Project/KmiDi/KmiDi_FINAL/PRROT_FINAL_STATUS.md,,0.0000,,0.0000,no_candidate
new_file,/Volumes/KmiDi-external/KmiDi_MASTER_VAULTEXTERNAL/KmiDi/legacy/RECOVERY_SOURCE/Datasets_Project/KmiDi/KmiDi_FINAL/PRROT_IMPLEMENTATION_COMPLETE.md,music_brain/ALL_KNOWING_SYSTEM_IMPLEMENTATION.md,0.6094,,0.0000,no_valid_candidate_above_threshold
new_file,/Volumes/KmiDi-external/KmiDi_MASTER_VAULTEXTERNAL/KmiDi/legacy/RECOVERY_SOURCE/Datasets_Project/KmiDi/KmiDi_FINAL/PRROT_READY.md,,0.0000,,0.0000,no_candidate
new_file,/Volumes/KmiDi-external/KmiDi_MASTER_VAULTEXTERNAL/KmiDi/legacy/RECOVERY_SOURCE/Datasets_Project/KmiDi/KmiDi_FINAL/PRROT_VERIFICATION_CHECKLIST.md,,0.0000,,0.0000,no_candidate
new_file,/Volumes/KmiDi-external/KmiDi_MASTER_VAULTEXTERNAL/KmiDi/legacy/RECOVERY_SOURCE/Datasets_Project/KmiDi/KmiDi_FINAL/RECOVERY_OPS/README.md,external/JUCE/docs/README.md,0.6868,tools/kb_analyzer/README.md,0.6765,no_valid_candidate_above_threshold
new_file,/Volumes/KmiDi-external/KmiDi_MASTER_VAULTEXTERNAL/KmiDi/legacy/RECOVERY_SOURCE/Datasets_Project/KmiDi/KmiDi_FINAL/RECOVERY_OPS/docs/ARCHIVE_LOCATIONS.md,,0.0000,,0.0000,no_candidate
new_file,/Volumes/KmiDi-external/KmiDi_MASTER_VAULTEXTERNAL/KmiDi/legacy/RECOVERY_SOURCE/Datasets_Project/KmiDi/KmiDi_FINAL/RECOVERY_OPS/inventories/archive_manifest_20260117.txt,,0.0000,,0.0000,no_candidate
new_file,/Volumes/KmiDi-external/KmiDi_MASTER_VAULTEXTERNAL/KmiDi/legacy/RECOVERY_SOURCE/Datasets_Project/KmiDi/KmiDi_FINAL/RECOVERY_OPS/inventories/graveyard_contents_20260117.txt,,0.0000,,0.0000,no_candidate
new_file,/Volumes/KmiDi-external/KmiDi_MASTER_VAULTEXTERNAL/KmiDi/legacy/RECOVERY_SOURCE/Datasets_Project/KmiDi/KmiDi_FINAL/RECOVERY_OPS/inventories/graveyard_size_20260117.txt,,0.0000,,0.0000,no_candidate
new_file,/Volumes/KmiDi-external/KmiDi_MASTER_VAULTEXTERNAL/KmiDi/legacy/RECOVERY_SOURCE/Datasets_Project/KmiDi/KmiDi_FINAL/RECOVERY_OPS/inventories/quarantine_manifest_20260117_premove.txt,,0.0000,,0.0000,no_candidate
new_file,/Volumes/KmiDi-external/KmiDi_MASTER_VAULTEXTERNAL/KmiDi/legacy/RECOVERY_SOURCE/Datasets_Project/KmiDi/KmiDi_FINAL/RECOVERY_OPS/scripts/analyze_file_access.sh,,0.0000,,0.0000,no_candidate
new_file,/Volumes/KmiDi-external/KmiDi_MASTER_VAULTEXTERNAL/KmiDi/legacy/RECOVERY_SOURCE/Datasets_Project/KmiDi/KmiDi_FINAL/RECOVERY_OPS/scripts/disconnect_test.sh,,0.0000,,0.0000,no_candidate
new_file,/Volumes/KmiDi-external/KmiDi_MASTER_VAULTEXTERNAL/KmiDi/legacy/RECOVERY_SOURCE/Datasets_Project/KmiDi/KmiDi_FINAL/RECOVERY_OPS/scripts/restore_disconnected.sh,,0.0000,,0.0000,no_candidate
new_file,/Volumes/KmiDi-external/KmiDi_MASTER_VAULTEXTERNAL/KmiDi/legacy/RECOVERY_SOURCE/Datasets_Project/KmiDi/KmiDi_FINAL/_build/KellyApp_autogen/moc_predefs.h,,0.0000,,0.0000,no_candidate
new_file,/Volumes/KmiDi-external/KmiDi_MASTER_VAULTEXTERNAL/KmiDi/legacy/RECOVERY_SOURCE/Datasets_Project/KmiDi/KmiDi_FINAL/_build/KellyApp_autogen/mocs_compilation.cpp,,0.0000,,0.0000,no_candidate
new_file,/Volumes/KmiDi-external/KmiDi_MASTER_VAULTEXTERNAL/KmiDi/legacy/RECOVERY_SOURCE/Datasets_Project/KmiDi/KmiDi_FINAL/apps/macOS/Info.plist,macOS/Info.plist,0.7055,,0.0000,no_valid_candidate_above_threshold
new_file,/Volumes/KmiDi-external/KmiDi_MASTER_VAULTEXTERNAL/KmiDi/legacy/RECOVERY_SOURCE/Datasets_Project/KmiDi/KmiDi_FINAL/apps/macOS/ROADMAP.md,macOS/ROADMAP.md,0.6775,docs/penta_core/ROADMAP.md,0.6568,no_valid_candidate_above_threshold
new_file,/Volumes/KmiDi-external/KmiDi_MASTER_VAULTEXTERNAL/KmiDi/legacy/RECOVERY_SOURCE/Datasets_Project/KmiDi/KmiDi_FINAL/apps/macOS/TODO.md,macOS/TODO.md,0.6699,docs/penta_core/TODO.md,0.6491,no_valid_candidate_above_threshold
new_file,/Volumes/KmiDi-external/KmiDi_MASTER_VAULTEXTERNAL/KmiDi/legacy/RECOVERY_SOURCE/Datasets_Project/KmiDi/KmiDi_FINAL/apps/macOS/build_macos_app.sh,macOS/build_macos_app.sh,0.6797,scripts/build_macos_app.sh,0.6062,no_valid_candidate_above_threshold
new_file,/Volumes/KmiDi-external/KmiDi_MASTER_VAULTEXTERNAL/KmiDi/legacy/RECOVERY_SOURCE/Datasets_Project/KmiDi/KmiDi_FINAL/assets/audio/README.md,datasets/README.md,0.7063,models/onnx/README.md,0.6878,no_valid_candidate_above_threshold
new_file,/Volumes/KmiDi-external/KmiDi_MASTER_VAULTEXTERNAL/KmiDi/legacy/RECOVERY_SOURCE/Datasets_Project/KmiDi/KmiDi_FINAL/assets/emotion_instrument_library_catalog.json,,0.0000,,0.0000,no_candidate
new_file,/Volumes/KmiDi-external/KmiDi_MASTER_VAULTEXTERNAL/KmiDi/legacy/RECOVERY_SOURCE/Datasets_Project/KmiDi/KmiDi_FINAL/build_intent_ir/include/intent_ir_ffi.h,,0.0000,,0.0000,no_candidate
new_file,/Volumes/KmiDi-external/KmiDi_MASTER_VAULTEXTERNAL/KmiDi/legacy/RECOVERY_SOURCE/Datasets_Project/KmiDi/KmiDi_FINAL/build_out/KellyApp_autogen/moc_predefs.h,,0.0000,,0.0000,no_candidate
new_file,/Volumes/KmiDi-external/KmiDi_MASTER_VAULTEXTERNAL/KmiDi/legacy/RECOVERY_SOURCE/Datasets_Project/KmiDi/KmiDi_FINAL/build_out/KellyApp_autogen/mocs_compilation.cpp,,0.0000,,0.0000,no_candidate
new_file,/Volumes/KmiDi-external/KmiDi_MASTER_VAULTEXTERNAL/KmiDi/legacy/RECOVERY_SOURCE/Datasets_Project/KmiDi/KmiDi_FINAL/configs/emotion_node_classifier_training.yaml,configs/emotion_node_classifier.yaml,0.7259,ML Kelly Training/backup/configs/emotion_node_classifier.yaml,0.7042,no_valid_candidate_above_threshold
new_file,/Volumes/KmiDi-external/KmiDi_MASTER_VAULTEXTERNAL/KmiDi/legacy/RECOVERY_SOURCE/Datasets_Project/KmiDi/KmiDi_FINAL/configs/instrument_recognizer_training.yaml,configs/instrument_recognizer.yaml,0.7176,ML Kelly Training/backup/configs/instrument_recognizer.yaml,0.6959,no_valid_candidate_above_threshold
new_file,/Volumes/KmiDi-external/KmiDi_MASTER_VAULTEXTERNAL/KmiDi/legacy/RECOVERY_SOURCE/Datasets_Project/KmiDi/KmiDi_FINAL/docs/BUILD_ANALYSIS_AND_IMPROVEMENTS.md,,0.0000,,0.0000,no_candidate
new_file,/Volumes/KmiDi-external/KmiDi_MASTER_VAULTEXTERNAL/KmiDi/legacy/RECOVERY_SOURCE/Datasets_Project/KmiDi/KmiDi_FINAL/docs/BUILD_IMPROVEMENTS_SUMMARY.md,music_brain/learning/docs/arrangement_learning.md,0.6170,music_brain/learning/docs/groove_learning.md,0.6055,no_valid_candidate_above_threshold
new_file,/Volumes/KmiDi-external/KmiDi_MASTER_VAULTEXTERNAL/KmiDi/legacy/RECOVERY_SOURCE/Datasets_Project/KmiDi/KmiDi_FINAL/docs/BUILD_RESULTS.md,docs/BUILD.md,0.6002,,0.0000,no_valid_candidate_above_threshold
new_file,/Volumes/KmiDi-external/KmiDi_MASTER_VAULTEXTERNAL/KmiDi/legacy/RECOVERY_SOURCE/Datasets_Project/KmiDi/KmiDi_FINAL/docs/BUILD_VERIFICATION_STATUS.md,,0.0000,,0.0000,no_candidate
new_file,/Volumes/KmiDi-external/KmiDi_MASTER_VAULTEXTERNAL/KmiDi/legacy/RECOVERY_SOURCE/Datasets_Project/KmiDi/KmiDi_FINAL/docs/COMPARISON_GUIDE.md,music_brain/learning/docs/expression_learning.md,0.6146,music_brain/learning/docs/groove_learning.md,0.6135,no_valid_candidate_above_threshold
new_file,/Volumes/KmiDi-external/KmiDi_MASTER_VAULTEXTERNAL/KmiDi/legacy/RECOVERY_SOURCE/Datasets_Project/KmiDi/KmiDi_FINAL/docs/COMPREHENSIVE_ROBUSTNESS_IMPROVEMENT_PLAN.md,docs/RECOMMENDATIONS_Improvements.md,0.6187,,0.0000,no_valid_candidate_above_threshold
new_file,/Volumes/KmiDi-external/KmiDi_MASTER_VAULTEXTERNAL/KmiDi/legacy/RECOVERY_SOURCE/Datasets_Project/KmiDi/KmiDi_FINAL/docs/DETAILED_ROBUSTNESS_IMPROVEMENTS.md,,0.0000,,0.0000,no_candidate
new_file,/Volumes/KmiDi-external/KmiDi_MASTER_VAULTEXTERNAL/KmiDi/legacy/RECOVERY_SOURCE/Datasets_Project/KmiDi/KmiDi_FINAL/docs/DOCUMENTATION_INDEX.md,docs/MAIN_DOCUMENTATION.md,0.6219,music_brain/learning/docs/arrangement_learning.md,0.6211,no_valid_candidate_above_threshold
new_file,/Volumes/KmiDi-external/KmiDi_MASTER_VAULTEXTERNAL/KmiDi/legacy/RECOVERY_SOURCE/Datasets_Project/KmiDi/KmiDi_FINAL/docs/Emotion_Instrument_Library.md,,0.0000,,0.0000,no_candidate
new_file,/Volumes/KmiDi-external/KmiDi_MASTER_VAULTEXTERNAL/KmiDi/legacy/RECOVERY_SOURCE/Datasets_Project/KmiDi/KmiDi_FINAL/docs/FULL_PIPELINE_DOCUMENTATION.md,docs/MAIN_DOCUMENTATION.md,0.6287,,0.0000,no_valid_candidate_above_threshold
new_file,/Volumes/KmiDi-external/KmiDi_MASTER_VAULTEXTERNAL/KmiDi/legacy/RECOVERY_SOURCE/Datasets_Project/KmiDi/KmiDi_FINAL/docs/GOOGLE_DRIVE_INTEGRATION.md,music_brain/learning/docs/groove_learning.md,0.6156,,0.0000,no_valid_candidate_above_threshold
new_file,/Volumes/KmiDi-external/KmiDi_MASTER_VAULTEXTERNAL/KmiDi/legacy/RECOVERY_SOURCE/Datasets_Project/KmiDi/KmiDi_FINAL/docs/IMPROVEMENTS_IMPLEMENTED.md,music_brain/learning/docs/arrangement_learning.md,0.6145,music_brain/learning/docs/groove_learning.md,0.6049,no_valid_candidate_above_threshold
new_file,/Volumes/KmiDi-external/KmiDi_MASTER_VAULTEXTERNAL/KmiDi/legacy/RECOVERY_SOURCE/Datasets_Project/KmiDi/KmiDi_FINAL/docs/INTEGRATION_GUIDE.md,docs/music_brain/INTEGRATION_GUIDE.md,0.6622,docs/integrations/INTEGRATION_GUIDE.md,0.6423,no_valid_candidate_above_threshold
new_file,/Volumes/KmiDi-external/KmiDi_MASTER_VAULTEXTERNAL/KmiDi/legacy/RECOVERY_SOURCE/Datasets_Project/KmiDi/KmiDi_FINAL/docs/INTENT_IR_V1_BUILD_GUIDE.md,,0.0000,,0.0000,no_candidate
new_file,/Volumes/KmiDi-external/KmiDi_MASTER_VAULTEXTERNAL/KmiDi/legacy/RECOVERY_SOURCE/Datasets_Project/KmiDi/KmiDi_FINAL/docs/INTENT_IR_V1_BUILD_STATUS.md,,0.0000,,0.0000,no_candidate
new_file,/Volumes/KmiDi-external/KmiDi_MASTER_VAULTEXTERNAL/KmiDi/legacy/RECOVERY_SOURCE/Datasets_Project/KmiDi/KmiDi_FINAL/docs/INTENT_IR_V1_BUILD_VERIFICATION.md,,0.0000,,0.0000,no_candidate
new_file,/Volumes/KmiDi-external/KmiDi_MASTER_VAULTEXTERNAL/KmiDi/legacy/RECOVERY_SOURCE/Datasets_Project/KmiDi/KmiDi_FINAL/docs/INTENT_IR_V1_CALLER_UPDATE_EXAMPLES.md,,0.0000,,0.0000,no_candidate
new_file,/Volumes/KmiDi-external/KmiDi_MASTER_VAULTEXTERNAL/KmiDi/legacy/RECOVERY_SOURCE/Datasets_Project/KmiDi/KmiDi_FINAL/docs/INTENT_IR_V1_IMPLEMENTATION_COMPLETE.md,,0.0000,,0.0000,no_candidate
new_file,/Volumes/KmiDi-external/KmiDi_MASTER_VAULTEXTERNAL/KmiDi/legacy/RECOVERY_SOURCE/Datasets_Project/KmiDi/KmiDi_FINAL/docs/INTENT_IR_V1_IMPLEMENTATION_STATUS.md,,0.0000,,0.0000,no_candidate
new_file,/Volumes/KmiDi-external/KmiDi_MASTER_VAULTEXTERNAL/KmiDi/legacy/RECOVERY_SOURCE/Datasets_Project/KmiDi/KmiDi_FINAL/docs/INTENT_IR_V1_INTEGRATION_STATUS.md,,0.0000,,0.0000,no_candidate
new_file,/Volumes/KmiDi-external/KmiDi_MASTER_VAULTEXTERNAL/KmiDi/legacy/RECOVERY_SOURCE/Datasets_Project/KmiDi/KmiDi_FINAL/docs/INTENT_IR_V1_MIGRATION_COMPLETE.md,,0.0000,,0.0000,no_candidate
new_file,/Volumes/KmiDi-external/KmiDi_MASTER_VAULTEXTERNAL/KmiDi/legacy/RECOVERY_SOURCE/Datasets_Project/KmiDi/KmiDi_FINAL/docs/INTENT_IR_V1_MIGRATION_EXAMPLE.md,,0.0000,,0.0000,no_candidate
new_file,/Volumes/KmiDi-external/KmiDi_MASTER_VAULTEXTERNAL/KmiDi/legacy/RECOVERY_SOURCE/Datasets_Project/KmiDi/KmiDi_FINAL/docs/INTENT_IR_V1_NEXT_STEPS.md,docs/next_steps.md,0.6106,,0.0000,no_valid_candidate_above_threshold
new_file,/Volumes/KmiDi-external/KmiDi_MASTER_VAULTEXTERNAL/KmiDi/legacy/RECOVERY_SOURCE/Datasets_Project/KmiDi/KmiDi_FINAL/docs/INTENT_IR_V1_PERFORMANCE.md,,0.0000,,0.0000,no_candidate
new_file,/Volumes/KmiDi-external/KmiDi_MASTER_VAULTEXTERNAL/KmiDi/legacy/RECOVERY_SOURCE/Datasets_Project/KmiDi/KmiDi_FINAL/docs/INTENT_IR_V1_PLUGIN_PROCESSOR_UPDATE.md,,0.0000,,0.0000,no_candidate
new_file,/Volumes/KmiDi-external/KmiDi_MASTER_VAULTEXTERNAL/KmiDi/legacy/RECOVERY_SOURCE/Datasets_Project/KmiDi/KmiDi_FINAL/docs/INTENT_IR_V1_QUICK_START.md,,0.0000,,0.0000,no_candidate
new_file,/Volumes/KmiDi-external/KmiDi_MASTER_VAULTEXTERNAL/KmiDi/legacy/RECOVERY_SOURCE/Datasets_Project/KmiDi/KmiDi_FINAL/docs/INTENT_IR_V1_READY_FOR_TESTING.md,music_brain/learning/docs/arrangement_learning.md,0.6189,,0.0000,no_valid_candidate_above_threshold
new_file,/Volumes/KmiDi-external/KmiDi_MASTER_VAULTEXTERNAL/KmiDi/legacy/RECOVERY_SOURCE/Datasets_Project/KmiDi/KmiDi_FINAL/docs/INTENT_IR_V1_TESTING_GUIDE.md,music_brain/learning/docs/arrangement_learning.md,0.6070,,0.0000,no_valid_candidate_above_threshold
new_file,/Volumes/KmiDi-external/KmiDi_MASTER_VAULTEXTERNAL/KmiDi/legacy/RECOVERY_SOURCE/Datasets_Project/KmiDi/KmiDi_FINAL/docs/INTENT_IR_V1_USAGE.md,music_brain/learning/docs/arrangement_learning.md,0.6033,,0.0000,no_valid_candidate_above_threshold
new_file,/Volumes/KmiDi-external/KmiDi_MASTER_VAULTEXTERNAL/KmiDi/legacy/RECOVERY_SOURCE/Datasets_Project/KmiDi/KmiDi_FINAL/docs/LINKER_FIX_APPLIED.md,,0.0000,,0.0000,no_candidate
new_file,/Volumes/KmiDi-external/KmiDi_MASTER_VAULTEXTERNAL/KmiDi/legacy/RECOVERY_SOURCE/Datasets_Project/KmiDi/KmiDi_FINAL/docs/Logic_Pro_Plugin_Compatibility_Report.md,,0.0000,,0.0000,no_candidate
new_file,/Volumes/KmiDi-external/KmiDi_MASTER_VAULTEXTERNAL/KmiDi/legacy/RECOVERY_SOURCE/Datasets_Project/KmiDi/KmiDi_FINAL/docs/MODELS_README.md,docs/TEST_README.md,0.6459,docs/README.md,0.6456,no_valid_candidate_above_threshold
new_file,/Volumes/KmiDi-external/KmiDi_MASTER_VAULTEXTERNAL/KmiDi/legacy/RECOVERY_SOURCE/Datasets_Project/KmiDi/KmiDi_FINAL/docs/MODEL_COMPLETION_CHECKLIST.md,docs/TRIAL_RUN_CHECKLIST.md,0.6096,music_brain/learning/docs/expression_learning.md,0.6033,no_valid_candidate_above_threshold
new_file,/Volumes/KmiDi-external/KmiDi_MASTER_VAULTEXTERNAL/KmiDi/legacy/RECOVERY_SOURCE/Datasets_Project/KmiDi/KmiDi_FINAL/docs/MODEL_IMPLEMENTATION_SUMMARY.md,docs/summaries/TODO_IMPLEMENTATION_SUMMARY.md,0.6359,docs/summaries/IMPLEMENTATION_SUMMARY.md,0.6251,no_valid_candidate_above_threshold
new_file,/Volumes/KmiDi-external/KmiDi_MASTER_VAULTEXTERNAL/KmiDi/legacy/RECOVERY_SOURCE/Datasets_Project/KmiDi/KmiDi_FINAL/docs/MODEL_INVENTORY.md,music_brain/learning/docs/melody_learning.md,0.6006,,0.0000,no_valid_candidate_above_threshold
new_file,/Volumes/KmiDi-external/KmiDi_MASTER_VAULTEXTERNAL/KmiDi/legacy/RECOVERY_SOURCE/Datasets_Project/KmiDi/KmiDi_FINAL/docs/MODEL_QUICK_REFERENCE.md,docs/PLATFORM_QUICK_REFERENCE.md,0.6628,docs/AI_AU_Plugin_Reference.md,0.6009,no_valid_candidate_above_threshold
new_file,/Volumes/KmiDi-external/KmiDi_MASTER_VAULTEXTERNAL/KmiDi/legacy/RECOVERY_SOURCE/Datasets_Project/KmiDi/KmiDi_FINAL/docs/MODEL_SETUP_GUIDE.md,docs/DEPENDENCY_SETUP_GUIDE.md,0.6351,,0.0000,no_valid_candidate_above_threshold
new_file,/Volumes/KmiDi-external/KmiDi_MASTER_VAULTEXTERNAL/KmiDi/legacy/RECOVERY_SOURCE/Datasets_Project/KmiDi/KmiDi_FINAL/docs/MODEL_WORKFLOW.md,external/JUCE/docs/JUCE Module Format.md,0.6109,,0.0000,no_valid_candidate_above_threshold
new_file,/Volumes/KmiDi-external/KmiDi_MASTER_VAULTEXTERNAL/KmiDi/legacy/RECOVERY_SOURCE/Datasets_Project/KmiDi/KmiDi_FINAL/docs/MULTI_LANGUAGE_ARCHITECTURE.md,docs/cpp_audio_architecture.md,0.6013,,0.0000,no_valid_candidate_above_threshold
new_file,/Volumes/KmiDi-external/KmiDi_MASTER_VAULTEXTERNAL/KmiDi/legacy/RECOVERY_SOURCE/Datasets_Project/KmiDi/KmiDi_FINAL/docs/MVP_COMPLETE.md,docs/summaries/MVP_COMPLETE.md,0.6700,docs/summaries/MVP_COMPLETE copy.md,0.6347,no_valid_candidate_above_threshold
new_file,/Volumes/KmiDi-external/KmiDi_MASTER_VAULTEXTERNAL/KmiDi/legacy/RECOVERY_SOURCE/Datasets_Project/KmiDi/KmiDi_FINAL/docs/PERFORMANCE_SHEET_WITH_VOWELS.md,,0.0000,,0.0000,no_candidate
new_file,/Volumes/KmiDi-external/KmiDi_MASTER_VAULTEXTERNAL/KmiDi/legacy/RECOVERY_SOURCE/Datasets_Project/KmiDi/KmiDi_FINAL/docs/PHONEME_ALIGNER_INTEGRATION.md,music_brain/learning/docs/arrangement_learning.md,0.6053,music_brain/learning/docs/harmony_learning.md,0.6049,no_valid_candidate_above_threshold
new_file,/Volumes/KmiDi-external/KmiDi_MASTER_VAULTEXTERNAL/KmiDi/legacy/RECOVERY_SOURCE/Datasets_Project/KmiDi/KmiDi_FINAL/docs/PIPELINE_VISUAL_SUMMARY.md,docs/PROPOSAL_SUMMARY.md,0.6380,,0.0000,no_valid_candidate_above_threshold
new_file,/Volumes/KmiDi-external/KmiDi_MASTER_VAULTEXTERNAL/KmiDi/legacy/RECOVERY_SOURCE/Datasets_Project/KmiDi/KmiDi_FINAL/docs/PRROT_16GB_SAFETY.md,,0.0000,,0.0000,no_candidate
new_file,/Volumes/KmiDi-external/KmiDi_MASTER_VAULTEXTERNAL/KmiDi/legacy/RECOVERY_SOURCE/Datasets_Project/KmiDi/KmiDi_FINAL/docs/PRROT_16GB_VERIFICATION.md,music_brain/learning/docs/groove_learning.md,0.6247,music_brain/learning/docs/expression_learning.md,0.6021,no_valid_candidate_above_threshold
new_file,/Volumes/KmiDi-external/KmiDi_MASTER_VAULTEXTERNAL/KmiDi/legacy/RECOVERY_SOURCE/Datasets_Project/KmiDi/KmiDi_FINAL/docs/PRROT_API_REFERENCE.md,docs/PLATFORM_QUICK_REFERENCE.md,0.6102,docs/AI_AU_Plugin_Reference.md,0.6086,no_valid_candidate_above_threshold
new_file,/Volumes/KmiDi-external/KmiDi_MASTER_VAULTEXTERNAL/KmiDi/legacy/RECOVERY_SOURCE/Datasets_Project/KmiDi/KmiDi_FINAL/docs/PRROT_ARCHITECTURE.md,docs/ARCHITECTURE.md,0.6528,docs/cpp_audio_architecture.md,0.6522,no_valid_candidate_above_threshold
new_file,/Volumes/KmiDi-external/KmiDi_MASTER_VAULTEXTERNAL/KmiDi/legacy/RECOVERY_SOURCE/Datasets_Project/KmiDi/KmiDi_FINAL/docs/PRROT_CROSS_PLATFORM.md,music_brain/learning/docs/expression_learning.md,0.6080,,0.0000,no_valid_candidate_above_threshold
new_file,/Volumes/KmiDi-external/KmiDi_MASTER_VAULTEXTERNAL/KmiDi/legacy/RECOVERY_SOURCE/Datasets_Project/KmiDi/KmiDi_FINAL/docs/PRROT_IMPLEMENTATION_SUMMARY.md,docs/summaries/TODO_IMPLEMENTATION_SUMMARY.md,0.6262,docs/summaries/IMPLEMENTATION_SUMMARY.md,0.6124,no_valid_candidate_above_threshold
new_file,/Volumes/KmiDi-external/KmiDi_MASTER_VAULTEXTERNAL/KmiDi/legacy/RECOVERY_SOURCE/Datasets_Project/KmiDi/KmiDi_FINAL/docs/PRROT_MEMORY_SAFETY_VERIFIED.md,,0.0000,,0.0000,no_candidate
new_file,/Volumes/KmiDi-external/KmiDi_MASTER_VAULTEXTERNAL/KmiDi/legacy/RECOVERY_SOURCE/Datasets_Project/KmiDi/KmiDi_FINAL/docs/PRROT_QUICK_START.md,docs/QUICKSTART.md,0.6523,docs/PHASE_2_QUICKSTART.md,0.6284,no_valid_candidate_above_threshold
new_file,/Volumes/KmiDi-external/KmiDi_MASTER_VAULTEXTERNAL/KmiDi/legacy/RECOVERY_SOURCE/Datasets_Project/KmiDi/KmiDi_FINAL/docs/QUICK_BUILD_CHECKLIST.md,,0.0000,,0.0000,no_candidate
new_file,/Volumes/KmiDi-external/KmiDi_MASTER_VAULTEXTERNAL/KmiDi/legacy/RECOVERY_SOURCE/Datasets_Project/KmiDi/KmiDi_FINAL/docs/ROBUSTNESS_COMPLETE_STATUS.md,,0.0000,,0.0000,no_candidate
new_file,/Volumes/KmiDi-external/KmiDi_MASTER_VAULTEXTERNAL/KmiDi/legacy/RECOVERY_SOURCE/Datasets_Project/KmiDi/KmiDi_FINAL/docs/ROBUSTNESS_EXTENDED_IMPLEMENTATION.md,music_brain/learning/docs/bass_learning.md,0.6028,,0.0000,no_valid_candidate_above_threshold
new_file,/Volumes/KmiDi-external/KmiDi_MASTER_VAULTEXTERNAL/KmiDi/legacy/RECOVERY_SOURCE/Datasets_Project/KmiDi/KmiDi_FINAL/docs/ROBUSTNESS_FINAL_SUMMARY.md,docs/PROPOSAL_SUMMARY.md,0.6073,,0.0000,no_valid_candidate_above_threshold
new_file,/Volumes/KmiDi-external/KmiDi_MASTER_VAULTEXTERNAL/KmiDi/legacy/RECOVERY_SOURCE/Datasets_Project/KmiDi/KmiDi_FINAL/docs/ROBUSTNESS_IMPLEMENTATION_COMPLETE.md,docs/VST_PLUGIN_IMPLEMENTATION_PLAN.md,0.6164,,0.0000,no_valid_candidate_above_threshold
new_file,/Volumes/KmiDi-external/KmiDi_MASTER_VAULTEXTERNAL/KmiDi/legacy/RECOVERY_SOURCE/Datasets_Project/KmiDi/KmiDi_FINAL/docs/ROBUSTNESS_IMPROVEMENTS_IMPLEMENTED.md,,0.0000,,0.0000,no_candidate
new_file,/Volumes/KmiDi-external/KmiDi_MASTER_VAULTEXTERNAL/KmiDi/legacy/RECOVERY_SOURCE/Datasets_Project/KmiDi/KmiDi_FINAL/docs/ROBUSTNESS_QUICK_REFERENCE.md,docs/PLATFORM_QUICK_REFERENCE.md,0.6429,,0.0000,no_valid_candidate_above_threshold
new_file,/Volumes/KmiDi-external/KmiDi_MASTER_VAULTEXTERNAL/KmiDi/legacy/RECOVERY_SOURCE/Datasets_Project/KmiDi/KmiDi_FINAL/docs/React_Component_Integration.md,music_brain/learning/docs/arrangement_learning.md,0.6020,,0.0000,no_valid_candidate_above_threshold
new_file,/Volumes/KmiDi-external/KmiDi_MASTER_VAULTEXTERNAL/KmiDi/legacy/RECOVERY_SOURCE/Datasets_Project/KmiDi/KmiDi_FINAL/docs/SAMPLE_LIBRARY_COMPLETE.md,docs/summaries/SAMPLE_LIBRARY_COMPLETE.md,0.6700,music_brain/voice/README_PARROT.md,0.6127,no_valid_candidate_above_threshold
new_file,/Volumes/KmiDi-external/KmiDi_MASTER_VAULTEXTERNAL/KmiDi/legacy/RECOVERY_SOURCE/Datasets_Project/KmiDi/KmiDi_FINAL/docs/SCHEMA_COMPARISON.md,music_brain/voice/README_PARROT.md,0.6286,music_brain/learning/docs/bass_learning.md,0.6121,no_valid_candidate_above_threshold
new_file,/Volumes/KmiDi-external/KmiDi_MASTER_VAULTEXTERNAL/KmiDi/legacy/RECOVERY_SOURCE/Datasets_Project/KmiDi/KmiDi_FINAL/docs/SESSION_SUMMARY.md,music_brain/learning/docs/expression_learning.md,0.6407,docs/PHASE3_SUMMARY.md,0.6360,no_valid_candidate_above_threshold
new_file,/Volumes/KmiDi-external/KmiDi_MASTER_VAULTEXTERNAL/KmiDi/legacy/RECOVERY_SOURCE/Datasets_Project/KmiDi/KmiDi_FINAL/docs/STANDALONE_GENERATION_ARCHITECTURE.md,docs/DESIGN_Integration_Architecture.md,0.6175,docs/cpp_audio_architecture.md,0.6014,no_valid_candidate_above_threshold
new_file,/Volumes/KmiDi-external/KmiDi_MASTER_VAULTEXTERNAL/KmiDi/legacy/RECOVERY_SOURCE/Datasets_Project/KmiDi/KmiDi_FINAL/docs/STANDALONE_GENERATION_OPTIMIZATION.md,,0.0000,,0.0000,no_candidate
new_file,/Volumes/KmiDi-external/KmiDi_MASTER_VAULTEXTERNAL/KmiDi/legacy/RECOVERY_SOURCE/Datasets_Project/KmiDi/KmiDi_FINAL/docs/STANDALONE_GENERATION_SUMMARY.md,docs/ANALYSIS_SUMMARY.md,0.6048,,0.0000,no_valid_candidate_above_threshold
new_file,/Volumes/KmiDi-external/KmiDi_MASTER_VAULTEXTERNAL/KmiDi/legacy/RECOVERY_SOURCE/Datasets_Project/KmiDi/KmiDi_FINAL/docs/TEST_INTEGRATION_COMPLETE.md,docs/summaries/INTEGRATION_COMPLETE.md,0.6340,docs/DESIGN_Integration_Architecture.md,0.6035,no_valid_candidate_above_threshold
new_file,/Volumes/KmiDi-external/KmiDi_MASTER_VAULTEXTERNAL/KmiDi/legacy/RECOVERY_SOURCE/Datasets_Project/KmiDi/KmiDi_FINAL/docs/TIMBRE_EXTRACTOR_INTEGRATION.md,,0.0000,,0.0000,no_candidate
new_file,/Volumes/KmiDi-external/KmiDi_MASTER_VAULTEXTERNAL/KmiDi/legacy/RECOVERY_SOURCE/Datasets_Project/KmiDi/KmiDi_FINAL/docs/VOCAL_GENERATION_ROBUSTNESS_PLAN.md,,0.0000,,0.0000,no_candidate
new_file,/Volumes/KmiDi-external/KmiDi_MASTER_VAULTEXTERNAL/KmiDi/legacy/RECOVERY_SOURCE/Datasets_Project/KmiDi/KmiDi_FINAL/docs/VOCAL_ROBUSTNESS_IMPLEMENTED.md,,0.0000,,0.0000,no_candidate
new_file,/Volumes/KmiDi-external/KmiDi_MASTER_VAULTEXTERNAL/KmiDi/legacy/RECOVERY_SOURCE/Datasets_Project/KmiDi/KmiDi_FINAL/docs/VOCAL_ROBUSTNESS_SUMMARY.md,docs/ANALYSIS_SUMMARY.md,0.6149,,0.0000,no_valid_candidate_above_threshold
new_file,/Volumes/KmiDi-external/KmiDi_MASTER_VAULTEXTERNAL/KmiDi/legacy/RECOVERY_SOURCE/Datasets_Project/KmiDi/KmiDi_FINAL/docs/audit/build_verification_report.md,,0.0000,,0.0000,no_candidate
new_file,/Volumes/KmiDi-external/KmiDi_MASTER_VAULTEXTERNAL/KmiDi/legacy/RECOVERY_SOURCE/Datasets_Project/KmiDi/KmiDi_FINAL/docs/audit/plugin_compliance_audit.md,,0.0000,,0.0000,no_candidate
new_file,/Volumes/KmiDi-external/KmiDi_MASTER_VAULTEXTERNAL/KmiDi/legacy/RECOVERY_SOURCE/Datasets_Project/KmiDi/KmiDi_FINAL/docs/audit/standalone_compliance_audit.md,,0.0000,,0.0000,no_candidate
new_file,/Volumes/KmiDi-external/KmiDi_MASTER_VAULTEXTERNAL/KmiDi/legacy/RECOVERY_SOURCE/Datasets_Project/KmiDi/KmiDi_FINAL/docs/cpp/PLUGIN_PATTERNS.md,,0.0000,,0.0000,no_candidate
new_file,/Volumes/KmiDi-external/KmiDi_MASTER_VAULTEXTERNAL/KmiDi/legacy/RECOVERY_SOURCE/Datasets_Project/KmiDi/KmiDi_FINAL/docs/ml/TRAINING_INSIGHTS.md,,0.0000,,0.0000,no_candidate
new_file,/Volumes/KmiDi-external/KmiDi_MASTER_VAULTEXTERNAL/KmiDi/legacy/RECOVERY_SOURCE/Datasets_Project/KmiDi/KmiDi_FINAL/docs/specs/01_FOUNDATION_SYSTEM_UI.md,,0.0000,,0.0000,no_candidate
new_file,/Volumes/KmiDi-external/KmiDi_MASTER_VAULTEXTERNAL/KmiDi/legacy/RECOVERY_SOURCE/Datasets_Project/KmiDi/KmiDi_FINAL/docs/specs/02_LAYOUT_NAVIGATION.md,,0.0000,,0.0000,no_candidate
new_file,/Volumes/KmiDi-external/KmiDi_MASTER_VAULTEXTERNAL/KmiDi/legacy/RECOVERY_SOURCE/Datasets_Project/KmiDi/KmiDi_FINAL/docs/specs/03_VISUAL_SYSTEM.md,,0.0000,,0.0000,no_candidate
new_file,/Volumes/KmiDi-external/KmiDi_MASTER_VAULTEXTERNAL/KmiDi/legacy/RECOVERY_SOURCE/Datasets_Project/KmiDi/KmiDi_FINAL/docs/specs/04_CORE_MUSICAL_UI.md,,0.0000,,0.0000,no_candidate
new_file,/Volumes/KmiDi-external/KmiDi_MASTER_VAULTEXTERNAL/KmiDi/legacy/RECOVERY_SOURCE/Datasets_Project/KmiDi/KmiDi_FINAL/docs/specs/05_AI_ML_VISIBILITY.md,,0.0000,,0.0000,no_candidate
new_file,/Volumes/KmiDi-external/KmiDi_MASTER_VAULTEXTERNAL/KmiDi/legacy/RECOVERY_SOURCE/Datasets_Project/KmiDi/KmiDi_FINAL/docs/specs/06_CONTROL_TRUST.md,,0.0000,,0.0000,no_candidate
new_file,/Volumes/KmiDi-external/KmiDi_MASTER_VAULTEXTERNAL/KmiDi/legacy/RECOVERY_SOURCE/Datasets_Project/KmiDi/KmiDi_FINAL/docs/specs/07_PLUGIN_SPECIFIC.md,,0.0000,,0.0000,no_candidate
new_file,/Volumes/KmiDi-external/KmiDi_MASTER_VAULTEXTERNAL/KmiDi/legacy/RECOVERY_SOURCE/Datasets_Project/KmiDi/KmiDi_FINAL/docs/specs/08_OUTPUT_VERIFICATION.md,,0.0000,,0.0000,no_candidate
new_file,/Volumes/KmiDi-external/KmiDi_MASTER_VAULTEXTERNAL/KmiDi/legacy/RECOVERY_SOURCE/Datasets_Project/KmiDi/KmiDi_FINAL/docs/specs/09_DOCUMENTATION_REPO.md,docs/summaries/FINAL_TODO_COMPLETION_REPORT.md,0.6191,docs/sprints/Sprint_3_Documentation_and_Examples.md,0.6174,no_valid_candidate_above_threshold
conflict,/Volumes/KmiDi-external/KmiDi_MASTER_VAULTEXTERNAL/KmiDi/legacy/RECOVERY_SOURCE/Datasets_Project/KmiDi/KmiDi_FINAL/engine/bindings/groove_bindings.cpp,bindings/groove_bindings.cpp,0.7542,bindings/osc_bindings.cpp,0.6944,ambiguous_or_medium_confidence_heuristic
conflict,/Volumes/KmiDi-external/KmiDi_MASTER_VAULTEXTERNAL/KmiDi/legacy/RECOVERY_SOURCE/Datasets_Project/KmiDi/KmiDi_FINAL/engine/cpp_music_brain/CMakeLists.txt,cpp_music_brain/CMakeLists.txt,0.8242,cpp_music_brain/tests/CMakeLists.txt,0.7470,ambiguous_or_medium_confidence_heuristic
new_file,/Volumes/KmiDi-external/KmiDi_MASTER_VAULTEXTERNAL/KmiDi/legacy/RECOVERY_SOURCE/Datasets_Project/KmiDi/KmiDi_FINAL/engine/intent_ir/CMakeLists.txt,build_fileio/CMakeLists.txt,0.7027,external/JUCE/extras/UnitTestRunner/CMakeLists.txt,0.6910,no_valid_candidate_above_threshold
new_file,/Volumes/KmiDi-external/KmiDi_MASTER_VAULTEXTERNAL/KmiDi/legacy/RECOVERY_SOURCE/Datasets_Project/KmiDi/KmiDi_FINAL/engine/intent_ir/Cargo.toml,,0.0000,,0.0000,no_candidate
new_file,/Volumes/KmiDi-external/KmiDi_MASTER_VAULTEXTERNAL/KmiDi/legacy/RECOVERY_SOURCE/Datasets_Project/KmiDi/KmiDi_FINAL/engine/intent_ir/cbindgen.toml,,0.0000,,0.0000,no_candidate
new_file,/Volumes/KmiDi-external/KmiDi_MASTER_VAULTEXTERNAL/KmiDi/legacy/RECOVERY_SOURCE/Datasets_Project/KmiDi/KmiDi_FINAL/engine/src/ARCHIVED_REFERENCE.md,,0.0000,,0.0000,no_candidate
new_file,/Volumes/KmiDi-external/KmiDi_MASTER_VAULTEXTERNAL/KmiDi/legacy/RECOVERY_SOURCE/Datasets_Project/KmiDi/KmiDi_FINAL/engine/src/App.css,src/App.css,0.6156,,0.0000,no_valid_candidate_above_threshold
new_file,/Volumes/KmiDi-external/KmiDi_MASTER_VAULTEXTERNAL/KmiDi/legacy/RECOVERY_SOURCE/Datasets_Project/KmiDi/KmiDi_FINAL/engine/src/App.tsx,src/App.tsx,0.6305,,0.0000,no_valid_candidate_above_threshold
new_file,/Volumes/KmiDi-external/KmiDi_MASTER_VAULTEXTERNAL/KmiDi/legacy/RECOVERY_SOURCE/Datasets_Project/KmiDi/KmiDi_FINAL/engine/src/BridgeClient.cpp,src/BridgeClient.cpp,0.6579,iDAW_Core/src/PythonBridge.cpp,0.6427,no_valid_candidate_above_threshold
conflict,/Volumes/KmiDi-external/KmiDi_MASTER_VAULTEXTERNAL/KmiDi/legacy/RECOVERY_SOURCE/Datasets_Project/KmiDi/KmiDi_FINAL/engine/src/CMakeLists.txt,build_fileio/CMakeLists.txt,0.7570,build_fileio/CMakeLists_fileio.txt,0.6970,ambiguous_or_medium_confidence_heuristic
new_file,/Volumes/KmiDi-external/KmiDi_MASTER_VAULTEXTERNAL/KmiDi/legacy/RECOVERY_SOURCE/Datasets_Project/KmiDi/KmiDi_FINAL/engine/src/VoiceProcessor.cpp,src/engine/WoundProcessor.cpp,0.6752,iDAW_Core/src/PluginProcessor.cpp,0.6618,no_valid_candidate_above_threshold
new_file,/Volumes/KmiDi-external/KmiDi_MASTER_VAULTEXTERNAL/KmiDi/legacy/RECOVERY_SOURCE/Datasets_Project/KmiDi/KmiDi_FINAL/engine/src/components/IntentIRInspector.css,src/components/EmotionWheel.css,0.6448,,0.0000,no_valid_candidate_above_threshold
conflict,/Volumes/KmiDi-external/KmiDi_MASTER_VAULTEXTERNAL/KmiDi/legacy/RECOVERY_SOURCE/Datasets_Project/KmiDi/KmiDi_FINAL/engine/src_penta-core/CMakeLists.txt,src_penta-core/CMakeLists.txt,0.8165,build_fileio/CMakeLists.txt,0.7216,ambiguous_or_medium_confidence_heuristic
new_file,/Volumes/KmiDi-external/KmiDi_MASTER_VAULTEXTERNAL/KmiDi/legacy/RECOVERY_SOURCE/Datasets_Project/KmiDi/KmiDi_FINAL/examples/intent_ir_usage_example.cpp,,0.0000,,0.0000,no_candidate
new_file,/Volumes/KmiDi-external/KmiDi_MASTER_VAULTEXTERNAL/KmiDi/legacy/RECOVERY_SOURCE/Datasets_Project/KmiDi/KmiDi_FINAL/ml/models/README.md,models/README.md,0.7499,models/onnx/README.md,0.6997,no_valid_candidate_above_threshold
conflict,/Volumes/KmiDi-external/KmiDi_MASTER_VAULTEXTERNAL/KmiDi/legacy/RECOVERY_SOURCE/Datasets_Project/KmiDi/KmiDi_FINAL/ml/models/dynamicsengine.json,miDiKompanion-clean/ml_training/deployment/models/dynamicsengine.json,0.7683,models/dynamicsengine.json,0.7001,ambiguous_or_medium_confidence_heuristic
conflict,/Volumes/KmiDi-external/KmiDi_MASTER_VAULTEXTERNAL/KmiDi/legacy/RECOVERY_SOURCE/Datasets_Project/KmiDi/KmiDi_FINAL/ml/models/emotionrecognizer.json,miDiKompanion-clean/ml_training/deployment/models/emotionrecognizer.json,0.7682,models/emotionrecognizer.json,0.7000,ambiguous_or_medium_confidence_heuristic
conflict,/Volumes/KmiDi-external/KmiDi_MASTER_VAULTEXTERNAL/KmiDi/legacy/RECOVERY_SOURCE/Datasets_Project/KmiDi/KmiDi_FINAL/ml/models/groovepredictor.json,miDiKompanion-clean/ml_training/deployment/models/groovepredictor.json,0.7686,models/groovepredictor.json,0.7001,ambiguous_or_medium_confidence_heuristic
conflict,/Volumes/KmiDi-external/KmiDi_MASTER_VAULTEXTERNAL/KmiDi/legacy/RECOVERY_SOURCE/Datasets_Project/KmiDi/KmiDi_FINAL/ml/models/harmonypredictor.json,miDiKompanion-clean/ml_training/deployment/models/harmonypredictor.json,0.7685,models/harmonypredictor.json,0.7000,ambiguous_or_medium_confidence_heuristic
new_file,/Volumes/KmiDi-external/KmiDi_MASTER_VAULTEXTERNAL/KmiDi/legacy/RECOVERY_SOURCE/Datasets_Project/KmiDi/KmiDi_FINAL/ml/models/instrumentrecognizer.json,models/instrumentrecognizer.json,0.7498,miDiKompanion-clean/ml_training/deployment/models/emotionrecognizer.json,0.6356,no_valid_candidate_above_threshold
conflict,/Volumes/KmiDi-external/KmiDi_MASTER_VAULTEXTERNAL/KmiDi/legacy/RECOVERY_SOURCE/Datasets_Project/KmiDi/KmiDi_FINAL/ml/models/melodytransformer.json,miDiKompanion-clean/ml_training/deployment/models/melodytransformer.json,0.7685,models/melodytransformer.json,0.7000,ambiguous_or_medium_confidence_heuristic
new_file,/Volumes/KmiDi-external/KmiDi_MASTER_VAULTEXTERNAL/KmiDi/legacy/RECOVERY_SOURCE/Datasets_Project/KmiDi/KmiDi_FINAL/ml/models/registry.json,models/registry.json,0.7322,ML Kelly Training/backup/models/registry.json,0.7302,no_valid_candidate_above_threshold
new_file,/Volumes/KmiDi-external/KmiDi_MASTER_VAULTEXTERNAL/KmiDi/legacy/RECOVERY_SOURCE/Datasets_Project/KmiDi/KmiDi_FINAL/ml/models/validation_results.json,,0.0000,,0.0000,no_candidate
new_file,/Volumes/KmiDi-external/KmiDi_MASTER_VAULTEXTERNAL/KmiDi/legacy/RECOVERY_SOURCE/Datasets_Project/KmiDi/KmiDi_FINAL/python/kmidi_gui/QUICKSTART.md,vault/Quick_Start.md,0.6160,,0.0000,no_valid_candidate_above_threshold
new_file,/Volumes/KmiDi-external/KmiDi_MASTER_VAULTEXTERNAL/KmiDi/legacy/RECOVERY_SOURCE/Datasets_Project/KmiDi/KmiDi_FINAL/python/kmidi_gui/README.md,vault/Production_Guides/README.md,0.7050,models/onnx/README.md,0.6850,no_valid_candidate_above_threshold
new_file,/Volumes/KmiDi-external/KmiDi_MASTER_VAULTEXTERNAL/KmiDi/legacy/RECOVERY_SOURCE/Datasets_Project/KmiDi/KmiDi_FINAL/python/kmidi_gui/__init__.py,music_brain/production/__init__.py,0.6853,ML Kelly Training/backup/python/penta_core/ml/training/__init__.py,0.6813,no_valid_candidate_above_threshold
new_file,/Volumes/KmiDi-external/KmiDi_MASTER_VAULTEXTERNAL/KmiDi/legacy/RECOVERY_SOURCE/Datasets_Project/KmiDi/KmiDi_FINAL/python/kmidi_gui/main.py,python/penta_core/rules/timing.py,0.6003,,0.0000,no_valid_candidate_above_threshold
new_file,/Volumes/KmiDi-external/KmiDi_MASTER_VAULTEXTERNAL/KmiDi/legacy/RECOVERY_SOURCE/Datasets_Project/KmiDi/KmiDi_FINAL/python/kmidi_gui/requirements.txt,mcp_penta_swarm/requirements.txt,0.6470,,0.0000,no_valid_candidate_above_threshold
new_file,/Volumes/KmiDi-external/KmiDi_MASTER_VAULTEXTERNAL/KmiDi/legacy/RECOVERY_SOURCE/Datasets_Project/KmiDi/KmiDi_FINAL/python/mcp_penta_swarm/README.md,python/penta_core/teachers/README.md,0.7353,docs/penta_core/README.md,0.6962,no_valid_candidate_above_threshold
conflict,/Volumes/KmiDi-external/KmiDi_MASTER_VAULTEXTERNAL/KmiDi/legacy/RECOVERY_SOURCE/Datasets_Project/KmiDi/KmiDi_FINAL/python/mcp_penta_swarm/__main__.py,mcp_penta_swarm/__main__.py,0.8229,mcp_penta_swarm/__init__.py,0.7368,ambiguous_or_medium_confidence_heuristic
conflict,/Volumes/KmiDi-external/KmiDi_MASTER_VAULTEXTERNAL/KmiDi/legacy/RECOVERY_SOURCE/Datasets_Project/KmiDi/KmiDi_FINAL/python/mcp_penta_swarm/server.py,mcp_penta_swarm/server.py,0.8232,python/penta_core/server.py,0.7948,ambiguous_or_medium_confidence_heuristic
conflict,/Volumes/KmiDi-external/KmiDi_MASTER_VAULTEXTERNAL/KmiDi/legacy/RECOVERY_SOURCE/Datasets_Project/KmiDi/KmiDi_FINAL/python/mcp_todo/storage.py,mcp_todo/storage.py,0.7544,legacy/Python_Tools/utils/orchestral.py,0.6366,ambiguous_or_medium_confidence_heuristic
conflict,/Volumes/KmiDi-external/KmiDi_MASTER_VAULTEXTERNAL/KmiDi/legacy/RECOVERY_SOURCE/Datasets_Project/KmiDi/KmiDi_FINAL/python/mcp_workstation/__init__.py,mcp_workstation/__init__.py,0.8217,ML Kelly Training/backup/python/penta_core/ml/datasets/__init__.py,0.7350,ambiguous_or_medium_confidence_heuristic
conflict,/Volumes/KmiDi-external/KmiDi_MASTER_VAULTEXTERNAL/KmiDi/legacy/RECOVERY_SOURCE/Datasets_Project/KmiDi/KmiDi_FINAL/python/mcp_workstation/ai_specializations.py,mcp_workstation/ai_specializations.py,0.8242,mcp_workstation/phases.py,0.6640,ambiguous_or_medium_confidence_heuristic
new_file,/Volumes/KmiDi-external/KmiDi_MASTER_VAULTEXTERNAL/KmiDi/legacy/RECOVERY_SOURCE/Datasets_Project/KmiDi/KmiDi_FINAL/python/mcp_workstation/audio_generation_engine.py,mcp_workstation/ai_specializations.py,0.6529,mcp_workstation/orchestrator.py,0.6297,no_valid_candidate_above_threshold
new_file,/Volumes/KmiDi-external/KmiDi_MASTER_VAULTEXTERNAL/KmiDi/legacy/RECOVERY_SOURCE/Datasets_Project/KmiDi/KmiDi_FINAL/python/mcp_workstation/image_generation_engine.py,mcp_workstation/ai_specializations.py,0.6228,mcp_workstation/__init__.py,0.6182,no_valid_candidate_above_threshold
new_file,/Volumes/KmiDi-external/KmiDi_MASTER_VAULTEXTERNAL/KmiDi/legacy/RECOVERY_SOURCE/Datasets_Project/KmiDi/KmiDi_FINAL/python/mcp_workstation/llm_reasoning_engine.py,mcp_workstation/cpp_planner.py,0.6365,mcp_workstation/phases.py,0.6244,no_valid_candidate_above_threshold
conflict,/Volumes/KmiDi-external/KmiDi_MASTER_VAULTEXTERNAL/KmiDi/legacy/RECOVERY_SOURCE/Datasets_Project/KmiDi/KmiDi_FINAL/python/mcp_workstation/orchestrator.py,mcp_workstation/orchestrator.py,0.8131,music_brain/orchestrator/orchestrator.py,0.7412,ambiguous_or_medium_confidence_heuristic
conflict,/Volumes/KmiDi-external/KmiDi_MASTER_VAULTEXTERNAL/KmiDi/legacy/RECOVERY_SOURCE/Datasets_Project/KmiDi/KmiDi_FINAL/python/mcp_workstation/phases.py,mcp_workstation/phases.py,0.8254,mcp_workstation/proposals.py,0.6953,ambiguous_or_medium_confidence_heuristic
new_file,/Volumes/KmiDi-external/KmiDi_MASTER_VAULTEXTERNAL/KmiDi/legacy/RECOVERY_SOURCE/Datasets_Project/KmiDi/KmiDi_FINAL/python/music_brain/ai_specializations.py,music_brain/mac_optimization.py,0.6237,tests/music_brain/test_penta_core_integration.py,0.6073,no_valid_candidate_above_threshold
conflict,/Volumes/KmiDi-external/KmiDi_MASTER_VAULTEXTERNAL/KmiDi/legacy/RECOVERY_SOURCE/Datasets_Project/KmiDi/KmiDi_FINAL/python/music_brain/api.py,music_brain/api.py,0.7620,tests/music_brain/test_api.py,0.6789,ambiguous_or_medium_confidence_heuristic
conflict,/Volumes/KmiDi-external/KmiDi_MASTER_VAULTEXTERNAL/KmiDi/legacy/RECOVERY_SOURCE/Datasets_Project/KmiDi/KmiDi_FINAL/python/music_brain/cli.py,music_brain/cli.py,0.7791,tests/music_brain/test_cli_flow.py,0.6621,ambiguous_or_medium_confidence_heuristic
conflict,/Volumes/KmiDi-external/KmiDi_MASTER_VAULTEXTERNAL/KmiDi/legacy/RECOVERY_SOURCE/Datasets_Project/KmiDi/KmiDi_FINAL/python/music_brain/common.py,music_brain/common.py,0.7903,music_brain/agents/command.py,0.6648,ambiguous_or_medium_confidence_heuristic
new_file,/Volumes/KmiDi-external/KmiDi_MASTER_VAULTEXTERNAL/KmiDi/legacy/RECOVERY_SOURCE/Datasets_Project/KmiDi/KmiDi_FINAL/python/music_brain/cpp_planner.py,music_brain/analyzer.py,0.6110,tests/music_brain/test_learning.py,0.6097,no_valid_candidate_above_threshold
new_file,/Volumes/KmiDi-external/KmiDi_MASTER_VAULTEXTERNAL/KmiDi/legacy/RECOVERY_SOURCE/Datasets_Project/KmiDi/KmiDi_FINAL/python/music_brain/dee.py,music_brain/audio/feel.py,0.6595,music_brain/metrics.py,0.6381,no_valid_candidate_above_threshold
conflict,/Volumes/KmiDi-external/KmiDi_MASTER_VAULTEXTERNAL/KmiDi/legacy/RECOVERY_SOURCE/Datasets_Project/KmiDi/KmiDi_FINAL/python/music_brain/emotion_api.py,music_brain/emotion_api.py,0.7741,tests/music_brain/test_api.py,0.6888,ambiguous_or_medium_confidence_heuristic
new_file,/Volumes/KmiDi-external/KmiDi_MASTER_VAULTEXTERNAL/KmiDi/legacy/RECOVERY_SOURCE/Datasets_Project/KmiDi/KmiDi_FINAL/python/music_brain/emotion_thesaurus.py,music_brain/emotion_thesaurus.py,0.7419,music_brain/emotion_api.py,0.6535,no_valid_candidate_above_threshold
new_file,/Volumes/KmiDi-external/KmiDi_MASTER_VAULTEXTERNAL/KmiDi/legacy/RECOVERY_SOURCE/Datasets_Project/KmiDi/KmiDi_FINAL/python/music_brain/generative/chord_generator.py,music_brain/adaptive/adaptive_generator.py,0.7110,music_brain/arrangement/generator.py,0.7095,no_valid_candidate_above_threshold
new_file,/Volumes/KmiDi-external/KmiDi_MASTER_VAULTEXTERNAL/KmiDi/legacy/RECOVERY_SOURCE/Datasets_Project/KmiDi/KmiDi_FINAL/python/music_brain/kelly.py,examples/music_brain/kelly_song_example.py,0.6448,music_brain/audio/feel.py,0.6383,no_valid_candidate_above_threshold
conflict,/Volumes/KmiDi-external/KmiDi_MASTER_VAULTEXTERNAL/KmiDi/legacy/RECOVERY_SOURCE/Datasets_Project/KmiDi/KmiDi_FINAL/python/music_brain/mac_optimization.py,music_brain/mac_optimization.py,0.7913,tests/music_brain/test_mcp_workstation_phases.py,0.6449,ambiguous_or_medium_confidence_heuristic
conflict,/Volumes/KmiDi-external/KmiDi_MASTER_VAULTEXTERNAL/KmiDi/legacy/RECOVERY_SOURCE/Datasets_Project/KmiDi/KmiDi_FINAL/python/music_brain/metrics.py,music_brain/metrics.py,0.7912,music_brain/daw/markers.py,0.6461,ambiguous_or_medium_confidence_heuristic
new_file,/Volumes/KmiDi-external/KmiDi_MASTER_VAULTEXTERNAL/KmiDi/legacy/RECOVERY_SOURCE/Datasets_Project/KmiDi/KmiDi_FINAL/python/music_brain/models.py,music_brain/metrics.py,0.6523,music_brain/common.py,0.6296,no_valid_candidate_above_threshold
new_file,/Volumes/KmiDi-external/KmiDi_MASTER_VAULTEXTERNAL/KmiDi/legacy/RECOVERY_SOURCE/Datasets_Project/KmiDi/KmiDi_FINAL/python/music_brain/phases.py,music_brain/daw/markers.py,0.6129,music_brain/groove/templates.py,0.6104,no_valid_candidate_above_threshold
new_file,/Volumes/KmiDi-external/KmiDi_MASTER_VAULTEXTERNAL/KmiDi/legacy/RECOVERY_SOURCE/Datasets_Project/KmiDi/KmiDi_FINAL/python/music_brain/proposals.py,music_brain/daw/pro_tools.py,0.6465,music_brain/orchestral.py,0.6115,no_valid_candidate_above_threshold
conflict,/Volumes/KmiDi-external/KmiDi_MASTER_VAULTEXTERNAL/KmiDi/legacy/RECOVERY_SOURCE/Datasets_Project/KmiDi/KmiDi_FINAL/python/penta_core/server.py,python/penta_core/server.py,0.8790,python/penta_core/mixer.py,0.7451,ambiguous_or_medium_confidence_heuristic
conflict,/Volumes/KmiDi-external/KmiDi_MASTER_VAULTEXTERNAL/KmiDi/legacy/RECOVERY_SOURCE/Datasets_Project/KmiDi/KmiDi_FINAL/python/penta_core/utilities.py,python/penta_core/utilities.py,0.8825,python/penta_core/ml/gpu_utils.py,0.7489,ambiguous_or_medium_confidence_heuristic
new_file,/Volumes/KmiDi-external/KmiDi_MASTER_VAULTEXTERNAL/KmiDi/legacy/RECOVERY_SOURCE/Datasets_Project/KmiDi/KmiDi_FINAL/python/prrot/README.md,python/penta_core/teachers/README.md,0.7070,examples/music_brain/intents/README.md,0.6769,no_valid_candidate_above_threshold
new_file,/Volumes/KmiDi-external/KmiDi_MASTER_VAULTEXTERNAL/KmiDi/legacy/RECOVERY_SOURCE/Datasets_Project/KmiDi/KmiDi_FINAL/python/prrot/__init__.py,python/penta_core/collaboration/__init__.py,0.7289,python/penta_core/rules/__init__.py,0.7273,no_valid_candidate_above_threshold
new_file,/Volumes/KmiDi-external/KmiDi_MASTER_VAULTEXTERNAL/KmiDi/legacy/RECOVERY_SOURCE/Datasets_Project/KmiDi/KmiDi_FINAL/python/prrot/__main__.py,mcp_penta_swarm/__main__.py,0.6597,python/penta_core/groove/__init__.py,0.6559,no_valid_candidate_above_threshold
new_file,/Volumes/KmiDi-external/KmiDi_MASTER_VAULTEXTERNAL/KmiDi/legacy/RECOVERY_SOURCE/Datasets_Project/KmiDi/KmiDi_FINAL/python/prrot/articulation_analyzer.py,tools/kb_analyzer/overlap_analyzer.py,0.6110,,0.0000,no_valid_candidate_above_threshold
new_file,/Volumes/KmiDi-external/KmiDi_MASTER_VAULTEXTERNAL/KmiDi/legacy/RECOVERY_SOURCE/Datasets_Project/KmiDi/KmiDi_FINAL/python/prrot/articulation_inference.py,python/penta_core/teachers/rule_reference.py,0.6176,python/penta_core/ml/inference.py,0.6025,no_valid_candidate_above_threshold
new_file,/Volumes/KmiDi-external/KmiDi_MASTER_VAULTEXTERNAL/KmiDi/legacy/RECOVERY_SOURCE/Datasets_Project/KmiDi/KmiDi_FINAL/python/prrot/instrument_affinity.py,legacy/Python_Tools/utils/instruments.py,0.6367,music_brain/voice/instrument_synth.py,0.6317,no_valid_candidate_above_threshold
new_file,/Volumes/KmiDi-external/KmiDi_MASTER_VAULTEXTERNAL/KmiDi/legacy/RECOVERY_SOURCE/Datasets_Project/KmiDi/KmiDi_FINAL/python/prrot/job_schema.py,python/penta_core/rules/base.py,0.6157,music_brain/orchestrator/processors/base.py,0.6040,no_valid_candidate_above_threshold
new_file,/Volumes/KmiDi-external/KmiDi_MASTER_VAULTEXTERNAL/KmiDi/legacy/RECOVERY_SOURCE/Datasets_Project/KmiDi/KmiDi_FINAL/python/prrot/lyric_planner.py,music_brain/text/lyrical_mirror.py,0.6079,,0.0000,no_valid_candidate_above_threshold
new_file,/Volumes/KmiDi-external/KmiDi_MASTER_VAULTEXTERNAL/KmiDi/legacy/RECOVERY_SOURCE/Datasets_Project/KmiDi/KmiDi_FINAL/python/prrot/model_manager.py,ML Kelly Training/backup/python/penta_core/ml/model_registry.py,0.6095,python/penta_core/ml/model_registry.py,0.6052,no_valid_candidate_above_threshold
new_file,/Volumes/KmiDi-external/KmiDi_MASTER_VAULTEXTERNAL/KmiDi/legacy/RECOVERY_SOURCE/Datasets_Project/KmiDi/KmiDi_FINAL/python/prrot/phoneme_aligner.py,,0.0000,,0.0000,no_candidate
new_file,/Volumes/KmiDi-external/KmiDi_MASTER_VAULTEXTERNAL/KmiDi/legacy/RECOVERY_SOURCE/Datasets_Project/KmiDi/KmiDi_FINAL/python/prrot/phoneme_aligner_integration_example.py,,0.0000,,0.0000,no_candidate
new_file,/Volumes/KmiDi-external/KmiDi_MASTER_VAULTEXTERNAL/KmiDi/legacy/RECOVERY_SOURCE/Datasets_Project/KmiDi/KmiDi_FINAL/python/prrot/prosody_analyzer.py,legacy/Python_Tools/audio/analyzer.py,0.6189,tools/kb_analyzer/overlap_analyzer.py,0.6027,no_valid_candidate_above_threshold
new_file,/Volumes/KmiDi-external/KmiDi_MASTER_VAULTEXTERNAL/KmiDi/legacy/RECOVERY_SOURCE/Datasets_Project/KmiDi/KmiDi_FINAL/python/prrot/timbre_embeddings.py,python/penta_core/rules/timing.py,0.6049,,0.0000,no_valid_candidate_above_threshold
new_file,/Volumes/KmiDi-external/KmiDi_MASTER_VAULTEXTERNAL/KmiDi/legacy/RECOVERY_SOURCE/Datasets_Project/KmiDi/KmiDi_FINAL/python/prrot/timbre_embeddings_integration_example.py,,0.0000,,0.0000,no_candidate
new_file,/Volumes/KmiDi-external/KmiDi_MASTER_VAULTEXTERNAL/KmiDi/legacy/RECOVERY_SOURCE/Datasets_Project/KmiDi/KmiDi_FINAL/python/prrot/voice_profile.py,music_brain/agents/voice_profiles.py,0.6513,,0.0000,no_valid_candidate_above_threshold
new_file,/Volumes/KmiDi-external/KmiDi_MASTER_VAULTEXTERNAL/KmiDi/legacy/RECOVERY_SOURCE/Datasets_Project/KmiDi/KmiDi_FINAL/python/prrot/worker.py,python/penta_core/server.py,0.6459,legacy/Python_Tools/utils/orchestral.py,0.6238,no_valid_candidate_above_threshold
new_file,/Volumes/KmiDi-external/KmiDi_MASTER_VAULTEXTERNAL/KmiDi/legacy/RECOVERY_SOURCE/Datasets_Project/KmiDi/KmiDi_FINAL/python/pyproject.toml,,0.0000,,0.0000,no_candidate
new_file,/Volumes/KmiDi-external/KmiDi_MASTER_VAULTEXTERNAL/KmiDi/legacy/RECOVERY_SOURCE/Datasets_Project/KmiDi/KmiDi_FINAL/requirements_models.txt,mcp_penta_swarm/requirements.txt,0.6042,,0.0000,no_valid_candidate_above_threshold
conflict,/Volumes/KmiDi-external/KmiDi_MASTER_VAULTEXTERNAL/KmiDi/legacy/RECOVERY_SOURCE/Datasets_Project/KmiDi/KmiDi_FINAL/scripts/README.md,tools/scripts/README.md,0.7987,datasets/README.md,0.7091,ambiguous_or_medium_confidence_heuristic
new_file,/Volumes/KmiDi-external/KmiDi_MASTER_VAULTEXTERNAL/KmiDi/legacy/RECOVERY_SOURCE/Datasets_Project/KmiDi/KmiDi_FINAL/scripts/prepare_training_data.py,scripts/quickstart_training.py,0.6698,scripts/prepare_datasets.py,0.6689,no_valid_candidate_above_threshold
new_file,/Volumes/KmiDi-external/KmiDi_MASTER_VAULTEXTERNAL/KmiDi/legacy/RECOVERY_SOURCE/Datasets_Project/KmiDi/KmiDi_FINAL/scripts/setup_timbre_extractor.py,scripts/setup_macos.py,0.6596,scripts/train_tier2_lora.py,0.6257,no_valid_candidate_above_threshold
new_file,/Volumes/KmiDi-external/KmiDi_MASTER_VAULTEXTERNAL/KmiDi/legacy/RECOVERY_SOURCE/Datasets_Project/KmiDi/KmiDi_FINAL/scripts/test_models.py,tools/scripts/migrate_modules.py,0.6839,scripts/train_model.py,0.6729,no_valid_candidate_above_threshold
new_file,/Volumes/KmiDi-external/KmiDi_MASTER_VAULTEXTERNAL/KmiDi/legacy/RECOVERY_SOURCE/Datasets_Project/KmiDi/KmiDi_FINAL/scripts/verify_intent_ir_build.sh,,0.0000,,0.0000,no_candidate
new_file,/Volumes/KmiDi-external/KmiDi_MASTER_VAULTEXTERNAL/KmiDi/legacy/RECOVERY_SOURCE/Datasets_Project/KmiDi/KmiDi_FINAL/scripts/verify_models.py,scripts/train_model.py,0.6785,ML Kelly Training/backup/scripts/train_model.py,0.6566,no_valid_candidate_above_threshold
new_file,/Volumes/KmiDi-external/KmiDi_MASTER_VAULTEXTERNAL/KmiDi/legacy/RECOVERY_SOURCE/Datasets_Project/KmiDi/KmiDi_FINAL/shared/data/emotion_instrument_library_catalog.json,iDAW_Core/data/LearningInstruments.json,0.6247,,0.0000,no_valid_candidate_above_threshold
new_file,/Volumes/KmiDi-external/KmiDi_MASTER_VAULTEXTERNAL/KmiDi/legacy/RECOVERY_SOURCE/Datasets_Project/KmiDi/KmiDi_FINAL/shared/data/harmony_generator.py,data/harmony_generator.py,0.6820,music_brain/arrangement/bass_generator.py,0.6572,no_valid_candidate_above_threshold
new_file,/Volumes/KmiDi-external/KmiDi_MASTER_VAULTEXTERNAL/KmiDi/legacy/RECOVERY_SOURCE/Datasets_Project/KmiDi/KmiDi_FINAL/tests/intent_ir_cpp_integration_test.cpp,cpp_music_brain/tests/memory_pool_test.cpp,0.6469,tests/OSCCommunicationTest.cpp,0.6035,no_valid_candidate_above_threshold
new_file,/Volumes/KmiDi-external/KmiDi_MASTER_VAULTEXTERNAL/KmiDi/legacy/RECOVERY_SOURCE/Datasets_Project/KmiDi/KmiDi_FINAL/tests/intent_ir_cpp_test.cpp,cpp_music_brain/tests/memory_pool_test.cpp,0.6716,tests/osc_test.cpp,0.6182,no_valid_candidate_above_threshold
new_file,/Volumes/KmiDi-external/KmiDi_MASTER_VAULTEXTERNAL/KmiDi/legacy/RECOVERY_SOURCE/Datasets_Project/KmiDi/KmiDi_FINAL/tests/intent_ir_integration_test.py,music_brain/session/intent_bridge.py,0.6251,music_brain/session/intent_processor.py,0.6110,no_valid_candidate_above_threshold
new_file,/Volumes/KmiDi-external/KmiDi_MASTER_VAULTEXTERNAL/KmiDi/legacy/RECOVERY_SOURCE/Datasets_Project/KmiDi/KmiDi_FINAL/tools/build_logic_kit.py,music_brain/utils/midi_io.py,0.6049,,0.0000,no_valid_candidate_above_threshold
new_file,/Volumes/KmiDi-external/KmiDi_MASTER_VAULTEXTERNAL/KmiDi/legacy/RECOVERY_SOURCE/Datasets_Project/KmiDi/KmiDi_FINAL/tools/catalog_emotion_library.py,music_brain/visualization/emotion_trajectory.py,0.6085,,0.0000,no_valid_candidate_above_threshold
new_file,/Volumes/KmiDi-external/KmiDi_MASTER_VAULTEXTERNAL/KmiDi/legacy/RECOVERY_SOURCE/Datasets_Project/KmiDi/KmiDi_FINAL/tools/consolidate_project_files.py,music_brain/agents/voice_profiles.py,0.6151,,0.0000,no_valid_candidate_above_threshold
new_file,/Volumes/KmiDi-external/KmiDi_MASTER_VAULTEXTERNAL/KmiDi/legacy/RECOVERY_SOURCE/Datasets_Project/KmiDi/KmiDi_FINAL/tools/freesound_downloader.py,,0.0000,,0.0000,no_candidate
new_file,/Volumes/KmiDi-external/KmiDi_MASTER_VAULTEXTERNAL/KmiDi/legacy/RECOVERY_SOURCE/Datasets_Project/KmiDi/KmiDi_FINAL/tools/idaw_library_integration.py,scripts/idaw_library_integration.py,0.6591,music_brain/agents/daw_bridges.py,0.6163,no_valid_candidate_above_threshold
new_file,/Volumes/KmiDi-external/KmiDi_MASTER_VAULTEXTERNAL/KmiDi/legacy/RECOVERY_SOURCE/Datasets_Project/KmiDi/KmiDi_PROJECT/pyproject.toml,,0.0000,,0.0000,no_candidate
new_file,/Volumes/KmiDi-external/KmiDi_MASTER_VAULTEXTERNAL/KmiDi/legacy/RECOVERY_SOURCE/Datasets_Project/KmiDi/KmiDi_PROJECT/scripts/UI_TEST_CHECKLIST.md,,0.0000,,0.0000,no_candidate
new_file,/Volumes/KmiDi-external/KmiDi_MASTER_VAULTEXTERNAL/KmiDi/legacy/RECOVERY_SOURCE/Datasets_Project/KmiDi/KmiDi_PROJECT/scripts/ai_training_orchestrator.py,scripts/train_model.py,0.6286,scripts/idaw_library_integration.py,0.6261,no_valid_candidate_above_threshold
new_file,/Volumes/KmiDi-external/KmiDi_MASTER_VAULTEXTERNAL/KmiDi/legacy/RECOVERY_SOURCE/Datasets_Project/KmiDi/KmiDi_PROJECT/scripts/dataset_loaders.py,scripts/audio_cataloger.py,0.6490,tools/scripts/migrate_modules.py,0.6422,no_valid_candidate_above_threshold
new_file,/Volumes/KmiDi-external/KmiDi_MASTER_VAULTEXTERNAL/KmiDi/legacy/RECOVERY_SOURCE/Datasets_Project/KmiDi/KmiDi_PROJECT/scripts/dev-setup.sh,scripts/setup_ml_env.sh,0.6221,,0.0000,no_valid_candidate_above_threshold
new_file,/Volumes/KmiDi-external/KmiDi_MASTER_VAULTEXTERNAL/KmiDi/legacy/RECOVERY_SOURCE/Datasets_Project/KmiDi/KmiDi_PROJECT/scripts/local_train.sh,scripts/install_linux.sh,0.6284,scripts/install_macos.sh,0.6127,no_valid_candidate_above_threshold
conflict,/Volumes/KmiDi-external/KmiDi_MASTER_VAULTEXTERNAL/KmiDi/legacy/RECOVERY_SOURCE/Datasets_Project/KmiDi/KmiDi_PROJECT/scripts/prepare_datasets.py,scripts/prepare_datasets.py,0.7729,ML Kelly Training/backup/scripts/prepare_datasets.py,0.7438,ambiguous_or_medium_confidence_heuristic
new_file,/Volumes/KmiDi-external/KmiDi_MASTER_VAULTEXTERNAL/KmiDi/legacy/RECOVERY_SOURCE/Datasets_Project/KmiDi/KmiDi_PROJECT/scripts/safe_extended_training.py,scripts/quickstart_training.py,0.6655,scripts/scale_generator.py,0.6213,no_valid_candidate_above_threshold
new_file,/Volumes/KmiDi-external/KmiDi_MASTER_VAULTEXTERNAL/KmiDi/legacy/RECOVERY_SOURCE/Datasets_Project/KmiDi/KmiDi_PROJECT/scripts/setup-icons.sh,scripts/setup_ml_env.sh,0.6359,scripts/install_macos.sh,0.6291,no_valid_candidate_above_threshold
conflict,/Volumes/KmiDi-external/KmiDi_MASTER_VAULTEXTERNAL/KmiDi/legacy/RECOVERY_SOURCE/Datasets_Project/KmiDi/KmiDi_PROJECT/scripts/setup_ml_env.sh,scripts/setup_ml_env.sh,0.7722,scripts/install_linux.sh,0.6047,ambiguous_or_medium_confidence_heuristic
new_file,/Volumes/KmiDi-external/KmiDi_MASTER_VAULTEXTERNAL/KmiDi/legacy/RECOVERY_SOURCE/Datasets_Project/KmiDi/KmiDi_PROJECT/scripts/test-ffi-minimal.sh,,0.0000,,0.0000,no_candidate
new_file,/Volumes/KmiDi-external/KmiDi_MASTER_VAULTEXTERNAL/KmiDi/legacy/RECOVERY_SOURCE/Datasets_Project/KmiDi/KmiDi_PROJECT/scripts/test-integration.sh,,0.0000,,0.0000,no_candidate
new_file,/Volumes/KmiDi-external/KmiDi_MASTER_VAULTEXTERNAL/KmiDi/legacy/RECOVERY_SOURCE/Datasets_Project/KmiDi/KmiDi_PROJECT/scripts/test-performance.sh,scripts/git-prompt.sh,0.6337,,0.0000,no_valid_candidate_above_threshold
new_file,/Volumes/KmiDi-external/KmiDi_MASTER_VAULTEXTERNAL/KmiDi/legacy/RECOVERY_SOURCE/Datasets_Project/KmiDi/KmiDi_PROJECT/scripts/test-ui-all.js,,0.0000,,0.0000,no_candidate
new_file,/Volumes/KmiDi-external/KmiDi_MASTER_VAULTEXTERNAL/KmiDi/legacy/RECOVERY_SOURCE/Datasets_Project/KmiDi/KmiDi_PROJECT/scripts/test-ui-automated.py,tools/scripts/deduplicate.py,0.6446,tools/scripts/migrate_modules.py,0.6113,no_valid_candidate_above_threshold
new_file,/Volumes/KmiDi-external/KmiDi_MASTER_VAULTEXTERNAL/KmiDi/legacy/RECOVERY_SOURCE/Datasets_Project/KmiDi/KmiDi_PROJECT/scripts/test-ui-simple.js,,0.0000,,0.0000,no_candidate
conflict,/Volumes/KmiDi-external/KmiDi_MASTER_VAULTEXTERNAL/KmiDi/legacy/RECOVERY_SOURCE/Datasets_Project/KmiDi/KmiDi_PROJECT/scripts/train.py,scripts/train.py,0.7659,ML Kelly Training/backup/scripts/train.py,0.7505,ambiguous_or_medium_confidence_heuristic
conflict,/Volumes/KmiDi-external/KmiDi_MASTER_VAULTEXTERNAL/KmiDi/legacy/RECOVERY_SOURCE/Datasets_Project/KmiDi/KmiDi_PROJECT/scripts/train_model.py,scripts/train_model.py,0.7725,ML Kelly Training/backup/scripts/train_model.py,0.7593,ambiguous_or_medium_confidence_heuristic
new_file,/Volumes/KmiDi-external/KmiDi_MASTER_VAULTEXTERNAL/KmiDi/legacy/RECOVERY_SOURCE/Datasets_Project/KmiDi/KmiDi_PROJECT/scripts/validate_configs.py,tools/scripts/validate_migration.py,0.6787,scripts/validate_merge.py,0.6697,no_valid_candidate_above_threshold
new_file,/Volumes/KmiDi-external/KmiDi_MASTER_VAULTEXTERNAL/KmiDi/legacy/RECOVERY_SOURCE/Datasets_Project/KmiDi/KmiDi_PROJECT/scripts/verify_and_integrate_models.py,tools/scripts/migrate_modules.py,0.6667,scripts/train_model.py,0.6429,no_valid_candidate_above_threshold
new_file,/Volumes/KmiDi-external/KmiDi_MASTER_VAULTEXTERNAL/KmiDi/legacy/RECOVERY_SOURCE/Datasets_Project/KmiDi/KmiDi_TRAINING/training/training/train_integrated.py,music_brain/learning/preference_integration.py,0.6208,music_brain/orchestrator/interfaces.py,0.6094,no_valid_candidate_above_threshold
conflict,/Volumes/KmiDi-external/KmiDi_MASTER_VAULTEXTERNAL/KmiDi/legacy/RECOVERY_SOURCE/Datasets_Project/KmiDi/LICENSE,LICENSE,0.7994,vite.config.ts,0.6128,ambiguous_or_medium_confidence_heuristic
candidate_match,/Volumes/KmiDi-external/KmiDi_MASTER_VAULTEXTERNAL/KmiDi/legacy/RECOVERY_SOURCE/Datasets_Project/KmiDi/ML Kelly Training/train_mps_stub.py,ML Kelly Training/train_mps_stub.py,1.0000,ML Kelly Training/backup/scripts/train_mps_stub.py,0.8304,high_confidence_heuristic
candidate_match,/Volumes/KmiDi-external/KmiDi_MASTER_VAULTEXTERNAL/KmiDi/legacy/RECOVERY_SOURCE/Datasets_Project/KmiDi/README.md,README.md,0.9933,KMIDI_README.md,0.9026,high_confidence_heuristic
conflict,/Volumes/KmiDi-external/KmiDi_MASTER_VAULTEXTERNAL/KmiDi/legacy/RECOVERY_SOURCE/Datasets_Project/KmiDi/SOURCE_OF_TRUTH.md,COPILOT_INSTRUCTIONS.md,0.8119,PUSH_STRATEGY.md,0.8007,ambiguous_or_medium_confidence_heuristic
conflict,/Volumes/KmiDi-external/KmiDi_MASTER_VAULTEXTERNAL/KmiDi/legacy/RECOVERY_SOURCE/Datasets_Project/KmiDi/WORKSPACE_SETUP.md,README.md,0.8177,INFRASTRUCTURE.md,0.8102,ambiguous_or_medium_confidence_heuristic
conflict,/Volumes/KmiDi-external/KmiDi_MASTER_VAULTEXTERNAL/KmiDi/legacy/RECOVERY_SOURCE/Datasets_Project/KmiDi/_SORTED_ANALYSIS.md,cleanup_analysis.md,0.8981,ANALYSIS_SUMMARY.md,0.8400,ambiguous_or_medium_confidence_heuristic
conflict,/Volumes/KmiDi-external/KmiDi_MASTER_VAULTEXTERNAL/KmiDi/legacy/RECOVERY_SOURCE/Datasets_Project/KmiDi/analyze_library.sh,cleanup_unnecessary_files.sh,0.8018,cleanup_and_fix_gitignore.sh,0.7783,ambiguous_or_medium_confidence_heuristic
conflict,/Volumes/KmiDi-external/KmiDi_MASTER_VAULTEXTERNAL/KmiDi/legacy/RECOVERY_SOURCE/Datasets_Project/KmiDi/audit_documents.sh,cleanup_and_fix_gitignore.sh,0.8123,cleanup_unnecessary_files.sh,0.7705,ambiguous_or_medium_confidence_heuristic
conflict,/Volumes/KmiDi-external/KmiDi_MASTER_VAULTEXTERNAL/KmiDi/legacy/RECOVERY_SOURCE/Datasets_Project/KmiDi/audit_large_files.sh,cleanup_unnecessary_files.sh,0.8449,cleanup_and_fix_gitignore.sh,0.8140,ambiguous_or_medium_confidence_heuristic
candidate_match,/Volumes/KmiDi-external/KmiDi_MASTER_VAULTEXTERNAL/KmiDi/legacy/RECOVERY_SOURCE/Datasets_Project/KmiDi/bindings/CMakeLists.txt,bindings/CMakeLists.txt,0.9984,build_fileio/CMakeLists.txt,0.6882,high_confidence_heuristic
candidate_match,/Volumes/KmiDi-external/KmiDi_MASTER_VAULTEXTERNAL/KmiDi/legacy/RECOVERY_SOURCE/Datasets_Project/KmiDi/bindings/groove_bindings.cpp,bindings/groove_bindings.cpp,0.9985,bindings/osc_bindings.cpp,0.9387,high_confidence_heuristic
candidate_match,/Volumes/KmiDi-external/KmiDi_MASTER_VAULTEXTERNAL/KmiDi/legacy/RECOVERY_SOURCE/Datasets_Project/KmiDi/bindings/osc_bindings.cpp,bindings/osc_bindings.cpp,0.9995,bindings/ml_bindings.cpp,0.9463,high_confidence_heuristic
conflict,/Volumes/KmiDi-external/KmiDi_MASTER_VAULTEXTERNAL/KmiDi/legacy/RECOVERY_SOURCE/Datasets_Project/KmiDi/check_project_dependencies.sh,.copilot-sync.sh,0.7776,cleanup_unnecessary_files.sh,0.7659,ambiguous_or_medium_confidence_heuristic
conflict,/Volumes/KmiDi-external/KmiDi_MASTER_VAULTEXTERNAL/KmiDi/legacy/RECOVERY_SOURCE/Datasets_Project/KmiDi/check_project_dependencies_fast.sh,cleanup_and_fix_gitignore.sh,0.7852,cleanup_unnecessary_files.sh,0.7711,ambiguous_or_medium_confidence_heuristic
conflict,/Volumes/KmiDi-external/KmiDi_MASTER_VAULTEXTERNAL/KmiDi/legacy/RECOVERY_SOURCE/Datasets_Project/KmiDi/cleanup_empty_directories.sh,cleanup_unnecessary_files.sh,0.8663,cleanup_and_fix_gitignore.sh,0.8479,ambiguous_or_medium_confidence_heuristic
conflict,/Volumes/KmiDi-external/KmiDi_MASTER_VAULTEXTERNAL/KmiDi/legacy/RECOVERY_SOURCE/Datasets_Project/KmiDi/cleanup_ios_backups.sh,cleanup_unnecessary_files.sh,0.8548,cleanup_and_fix_gitignore.sh,0.8320,ambiguous_or_medium_confidence_heuristic
conflict,/Volumes/KmiDi-external/KmiDi_MASTER_VAULTEXTERNAL/KmiDi/legacy/RECOVERY_SOURCE/Datasets_Project/KmiDi/cleanup_library.sh,cleanup_unnecessary_files.sh,0.8690,cleanup_and_fix_gitignore.sh,0.8545,ambiguous_or_medium_confidence_heuristic
conflict,/Volumes/KmiDi-external/KmiDi_MASTER_VAULTEXTERNAL/KmiDi/legacy/RECOVERY_SOURCE/Datasets_Project/KmiDi/cmake/ArchitectureChecks.cmake,cmake/FindRTNeural.cmake,0.8491,cmake/FindONNXRuntime.cmake,0.8031,ambiguous_or_medium_confidence_heuristic
candidate_match,/Volumes/KmiDi-external/KmiDi_MASTER_VAULTEXTERNAL/KmiDi/legacy/RECOVERY_SOURCE/Datasets_Project/KmiDi/config/emotion_recognizer.yaml,configs/emotion_recognizer.yaml,0.9652,configs/instrument_recognizer.yaml,0.8487,high_confidence_heuristic
conflict,/Volumes/KmiDi-external/KmiDi_MASTER_VAULTEXTERNAL/KmiDi/legacy/RECOVERY_SOURCE/Datasets_Project/KmiDi/config/models.yaml,config/build-dev-mac.yaml,0.8186,configs/melody_transformer.yaml,0.8161,ambiguous_or_medium_confidence_heuristic
candidate_match,/Volumes/KmiDi-external/KmiDi_MASTER_VAULTEXTERNAL/KmiDi/legacy/RECOVERY_SOURCE/Datasets_Project/KmiDi/configs/__init__.py,configs/__init__.py,1.0000,configs/storage.py,0.7695,high_confidence_heuristic
candidate_match,/Volumes/KmiDi-external/KmiDi_MASTER_VAULTEXTERNAL/KmiDi/legacy/RECOVERY_SOURCE/Datasets_Project/KmiDi/configs/config_loader.py,configs/config_loader.py,0.9990,configs/storage.py,0.8125,high_confidence_heuristic
conflict,/Volumes/KmiDi-external/KmiDi_MASTER_VAULTEXTERNAL/KmiDi/legacy/RECOVERY_SOURCE/Datasets_Project/KmiDi/docs/AI_CONTROL_LAYER.md,docs/ANALYSIS_CODE_STRUCTURE.md,0.8443,docs/Audio Feel Extractor.md,0.8440,ambiguous_or_medium_confidence_heuristic
conflict,/Volumes/KmiDi-external/KmiDi_MASTER_VAULTEXTERNAL/KmiDi/legacy/RECOVERY_SOURCE/Datasets_Project/KmiDi/docs/API.md,docs/ROADMAP.md,0.8596,docs/MIGRATION.md,0.8468,ambiguous_or_medium_confidence_heuristic
candidate_match,/Volumes/KmiDi-external/KmiDi_MASTER_VAULTEXTERNAL/KmiDi/legacy/RECOVERY_SOURCE/Datasets_Project/KmiDi/docs/ARCHITECTURE.md,docs/ARCHITECTURE.md,0.9559,docs/cpp_audio_architecture.md,0.8923,high_confidence_heuristic
conflict,/Volumes/KmiDi-external/KmiDi_MASTER_VAULTEXTERNAL/KmiDi/legacy/RECOVERY_SOURCE/Datasets_Project/KmiDi/docs/CLOUD_TRAINING_GUIDE.md,docs/MK_TRAINING_GUIDELINES.md,0.9169,docs/HARDWARE_TRAINING_SPECS.md,0.8740,ambiguous_or_medium_confidence_heuristic
conflict,/Volumes/KmiDi-external/KmiDi_MASTER_VAULTEXTERNAL/KmiDi/legacy/RECOVERY_SOURCE/Datasets_Project/KmiDi/docs/DEBUGGING_GUIDE.md,docs/DEPENDENCY_SETUP_GUIDE.md,0.8490,docs/MK_TRAINING_GUIDELINES.md,0.8304,ambiguous_or_medium_confidence_heuristic
conflict,/Volumes/KmiDi-external/KmiDi_MASTER_VAULTEXTERNAL/KmiDi/legacy/RECOVERY_SOURCE/Datasets_Project/KmiDi/docs/DEVELOPMENT.md,docs/hybrid_development_roadmap.md,0.8763,docs/DEVELOPMENT_ROADMAP_music-brain.md,0.8564,ambiguous_or_medium_confidence_heuristic
conflict,/Volumes/KmiDi-external/KmiDi_MASTER_VAULTEXTERNAL/KmiDi/legacy/RECOVERY_SOURCE/Datasets_Project/KmiDi/docs/DSP_CORE_API.md,docs/ROADMAP_penta-core.md,0.8598,docs/README_penta-core.md,0.8518,ambiguous_or_medium_confidence_heuristic
conflict,/Volumes/KmiDi-external/KmiDi_MASTER_VAULTEXTERNAL/KmiDi/legacy/RECOVERY_SOURCE/Datasets_Project/KmiDi/docs/DUPLICATE_CODE_ANALYSIS.md,docs/critical_broken_code_analysis.md,0.8802,docs/Audio Cataloger Setup.md,0.8351,ambiguous_or_medium_confidence_heuristic
conflict,/Volumes/KmiDi-external/KmiDi_MASTER_VAULTEXTERNAL/KmiDi/legacy/RECOVERY_SOURCE/Datasets_Project/KmiDi/docs/ENVIRONMENT.md,docs/MAIN_DOCUMENTATION.md,0.8535,docs/MIGRATION.md,0.8526,ambiguous_or_medium_confidence_heuristic
conflict,/Volumes/KmiDi-external/KmiDi_MASTER_VAULTEXTERNAL/KmiDi/legacy/RECOVERY_SOURCE/Datasets_Project/KmiDi/docs/HOST_GLUE_ARCHITECTURE.md,docs/ARCHITECTURE.md,0.8831,docs/cpp_audio_architecture.md,0.8777,ambiguous_or_medium_confidence_heuristic
conflict,/Volumes/KmiDi-external/KmiDi_MASTER_VAULTEXTERNAL/KmiDi/legacy/RECOVERY_SOURCE/Datasets_Project/KmiDi/docs/INTENT_IR_SPEC.md,docs/TEST_README.md,0.8712,docs/LICENSE.md,0.8666,ambiguous_or_medium_confidence_heuristic
conflict,/Volumes/KmiDi-external/KmiDi_MASTER_VAULTEXTERNAL/KmiDi/legacy/RECOVERY_SOURCE/Datasets_Project/KmiDi/docs/MERGE_LOG.md,docs/MODEL_CARD_TEMPLATE.md,0.8234,docs/ARCHITECTURE.md,0.8206,ambiguous_or_medium_confidence_heuristic
conflict,/Volumes/KmiDi-external/KmiDi_MASTER_VAULTEXTERNAL/KmiDi/legacy/RECOVERY_SOURCE/Datasets_Project/KmiDi/docs/ML_TRAINING_STATUS.md,docs/MK_TRAINING_GUIDELINES.md,0.8860,docs/HARDWARE_TRAINING_SPECS.md,0.8678,ambiguous_or_medium_confidence_heuristic
conflict,/Volumes/KmiDi-external/KmiDi_MASTER_VAULTEXTERNAL/KmiDi/legacy/RECOVERY_SOURCE/Datasets_Project/KmiDi/docs/NAMING_CONVENTIONS.md,docs/MAIN_DOCUMENTATION.md,0.8837,docs/MIGRATION.md,0.8590,ambiguous_or_medium_confidence_heuristic
conflict,/Volumes/KmiDi-external/KmiDi_MASTER_VAULTEXTERNAL/KmiDi/legacy/RECOVERY_SOURCE/Datasets_Project/KmiDi/docs/STASH_INTEGRATION_LOG.md,docs/CUSTOM_GPT_INSTRUCTIONS.md,0.8611,docs/MIGRATION.md,0.8489,ambiguous_or_medium_confidence_heuristic
conflict,/Volumes/KmiDi-external/KmiDi_MASTER_VAULTEXTERNAL/KmiDi/legacy/RECOVERY_SOURCE/Datasets_Project/KmiDi/docs/STASH_INVENTORY.md,docs/QUICKSTART_penta-core.md,0.8420,docs/README_penta-core.md,0.8293,ambiguous_or_medium_confidence_heuristic
new_file,/Volumes/KmiDi-external/KmiDi_MASTER_VAULTEXTERNAL/KmiDi/legacy/RECOVERY_SOURCE/Datasets_Project/KmiDi/docs/STRUCTURE_CROSS_EXAMINATION/00_CROSS_EXAMINATION_INDEX.md,docs/integrations/INTEGRATION_GUIDE.md,0.6200,,0.0000,no_valid_candidate_above_threshold
new_file,/Volumes/KmiDi-external/KmiDi_MASTER_VAULTEXTERNAL/KmiDi/legacy/RECOVERY_SOURCE/Datasets_Project/KmiDi/docs/STRUCTURE_CROSS_EXAMINATION/01_DOCUMENTATION_STRUCTURE_MAP.md,docs/integrations/Integration_Architecture.md,0.6385,docs/integrations/INTEGRATION_GUIDE.md,0.6149,no_valid_candidate_above_threshold
new_file,/Volumes/KmiDi-external/KmiDi_MASTER_VAULTEXTERNAL/KmiDi/legacy/RECOVERY_SOURCE/Datasets_Project/KmiDi/docs/STRUCTURE_CROSS_EXAMINATION/02_SPEC_COVERAGE_ANALYSIS.md,,0.0000,,0.0000,no_candidate
new_file,/Volumes/KmiDi-external/KmiDi_MASTER_VAULTEXTERNAL/KmiDi/legacy/RECOVERY_SOURCE/Datasets_Project/KmiDi/docs/STRUCTURE_CROSS_EXAMINATION/03_CODE_ARCHITECTURE_REPORT.md,docs/integrations/Integration_Architecture.md,0.6487,,0.0000,no_valid_candidate_above_threshold
new_file,/Volumes/KmiDi-external/KmiDi_MASTER_VAULTEXTERNAL/KmiDi/legacy/RECOVERY_SOURCE/Datasets_Project/KmiDi/docs/STRUCTURE_CROSS_EXAMINATION/04_UI_UX_COMPLIANCE_REPORT.md,,0.0000,,0.0000,no_candidate
new_file,/Volumes/KmiDi-external/KmiDi_MASTER_VAULTEXTERNAL/KmiDi/legacy/RECOVERY_SOURCE/Datasets_Project/KmiDi/docs/STRUCTURE_CROSS_EXAMINATION/05_SELECTED_FILES_DEEP_DIVE.md,,0.0000,,0.0000,no_candidate
new_file,/Volumes/KmiDi-external/KmiDi_MASTER_VAULTEXTERNAL/KmiDi/legacy/RECOVERY_SOURCE/Datasets_Project/KmiDi/docs/STRUCTURE_CROSS_EXAMINATION/06_GAP_ANALYSIS_AND_RECOMMENDATIONS.md,,0.0000,,0.0000,no_candidate
new_file,/Volumes/KmiDi-external/KmiDi_MASTER_VAULTEXTERNAL/KmiDi/legacy/RECOVERY_SOURCE/Datasets_Project/KmiDi/docs/STRUCTURE_CROSS_EXAMINATION/07_SPEC_TO_IMPLEMENTATION_MATRIX.md,docs/summaries/TODO_IMPLEMENTATION_SUMMARY.md,0.6366,docs/summaries/IMPLEMENTATION_SUMMARY.md,0.6249,no_valid_candidate_above_threshold
new_file,/Volumes/KmiDi-external/KmiDi_MASTER_VAULTEXTERNAL/KmiDi/legacy/RECOVERY_SOURCE/Datasets_Project/KmiDi/docs/STRUCTURE_CROSS_EXAMINATION/08_MODERN_STANDARDS_COMPLIANCE.md,,0.0000,,0.0000,no_candidate
conflict,/Volumes/KmiDi-external/KmiDi_MASTER_VAULTEXTERNAL/KmiDi/legacy/RECOVERY_SOURCE/Datasets_Project/KmiDi/docs/UI_BOUNDARY_RULES.md,docs/music_brain_vault_analysis_report.md,0.8479,docs/audio-interfaces.md,0.8415,ambiguous_or_medium_confidence_heuristic
new_file,/Volumes/KmiDi-external/KmiDi_MASTER_VAULTEXTERNAL/KmiDi/legacy/RECOVERY_SOURCE/Datasets_Project/KmiDi/docs/audit/build_verification_report.md,docs/summaries/FINAL_TODO_COMPLETION_REPORT.md,0.6713,docs/summaries/INTEGRATION_COMPLETE.md,0.6590,no_valid_candidate_above_threshold
new_file,/Volumes/KmiDi-external/KmiDi_MASTER_VAULTEXTERNAL/KmiDi/legacy/RECOVERY_SOURCE/Datasets_Project/KmiDi/docs/audit/plugin_compliance_audit.md,docs/sprints/SPRINT_5_COMPLETION_SUMMARY.md,0.6826,docs/summaries/MVP_COMPLETE.md,0.6733,no_valid_candidate_above_threshold
new_file,/Volumes/KmiDi-external/KmiDi_MASTER_VAULTEXTERNAL/KmiDi/legacy/RECOVERY_SOURCE/Datasets_Project/KmiDi/docs/audit/standalone_compliance_audit.md,docs/summaries/FINAL_TODO_COMPLETION_REPORT.md,0.6784,docs/summaries/INTEGRATION_COMPLETE.md,0.6754,no_valid_candidate_above_threshold
conflict,/Volumes/KmiDi-external/KmiDi_MASTER_VAULTEXTERNAL/KmiDi/legacy/RECOVERY_SOURCE/Datasets_Project/KmiDi/docs/control_trust.md,docs/CONTRIBUTING.md,0.8610,docs/TRIAL_RUN_CHECKLIST.md,0.8432,ambiguous_or_medium_confidence_heuristic
conflict,/Volumes/KmiDi-external/KmiDi_MASTER_VAULTEXTERNAL/KmiDi/legacy/RECOVERY_SOURCE/Datasets_Project/KmiDi/docs/output_verification.md,docs/CUSTOM_GPT_INSTRUCTIONS.md,0.8446,docs/AI_AU_Plugin_Reference.md,0.8233,ambiguous_or_medium_confidence_heuristic
conflict,/Volumes/KmiDi-external/KmiDi_MASTER_VAULTEXTERNAL/KmiDi/legacy/RECOVERY_SOURCE/Datasets_Project/KmiDi/docs/previews/README.md,docs/penta_core/README.md,0.7587,docs/mixer/README.md,0.7357,ambiguous_or_medium_confidence_heuristic
conflict,/Volumes/KmiDi-external/KmiDi_MASTER_VAULTEXTERNAL/KmiDi/legacy/RECOVERY_SOURCE/Datasets_Project/KmiDi/docs/screenshots/README.md,tools/scripts/README.md,0.7524,docs/penta_core/README.md,0.7369,ambiguous_or_medium_confidence_heuristic
new_file,/Volumes/KmiDi-external/KmiDi_MASTER_VAULTEXTERNAL/KmiDi/legacy/RECOVERY_SOURCE/Datasets_Project/KmiDi/docs/source/api/index.rst,,0.0000,,0.0000,no_candidate
new_file,/Volumes/KmiDi-external/KmiDi_MASTER_VAULTEXTERNAL/KmiDi/legacy/RECOVERY_SOURCE/Datasets_Project/KmiDi/docs/source/conf.py,daiw_mcp/tests/conftest.py,0.6093,,0.0000,no_valid_candidate_above_threshold
new_file,/Volumes/KmiDi-external/KmiDi_MASTER_VAULTEXTERNAL/KmiDi/legacy/RECOVERY_SOURCE/Datasets_Project/KmiDi/docs/source/guides/architecture.rst,,0.0000,,0.0000,no_candidate
new_file,/Volumes/KmiDi-external/KmiDi_MASTER_VAULTEXTERNAL/KmiDi/legacy/RECOVERY_SOURCE/Datasets_Project/KmiDi/docs/source/guides/contributing.rst,,0.0000,,0.0000,no_candidate
new_file,/Volumes/KmiDi-external/KmiDi_MASTER_VAULTEXTERNAL/KmiDi/legacy/RECOVERY_SOURCE/Datasets_Project/KmiDi/docs/source/guides/index.rst,,0.0000,,0.0000,no_candidate
new_file,/Volumes/KmiDi-external/KmiDi_MASTER_VAULTEXTERNAL/KmiDi/legacy/RECOVERY_SOURCE/Datasets_Project/KmiDi/docs/source/guides/onboarding.rst,,0.0000,,0.0000,no_candidate
new_file,/Volumes/KmiDi-external/KmiDi_MASTER_VAULTEXTERNAL/KmiDi/legacy/RECOVERY_SOURCE/Datasets_Project/KmiDi/docs/source/guides/troubleshooting.rst,,0.0000,,0.0000,no_candidate
new_file,/Volumes/KmiDi-external/KmiDi_MASTER_VAULTEXTERNAL/KmiDi/legacy/RECOVERY_SOURCE/Datasets_Project/KmiDi/docs/source/index.rst,,0.0000,,0.0000,no_candidate
new_file,/Volumes/KmiDi-external/KmiDi_MASTER_VAULTEXTERNAL/KmiDi/legacy/RECOVERY_SOURCE/Datasets_Project/KmiDi/docs/specs/01_FOUNDATION_SYSTEM_UI.md,docs/sprints/SPRINT_5_COMPLETION_SUMMARY.md,0.6972,docs/summaries/IMPLEMENTATION_SUMMARY.md,0.6886,no_valid_candidate_above_threshold
new_file,/Volumes/KmiDi-external/KmiDi_MASTER_VAULTEXTERNAL/KmiDi/legacy/RECOVERY_SOURCE/Datasets_Project/KmiDi/docs/specs/02_LAYOUT_NAVIGATION.md,docs/sprints/Sprint_2_Core_Integration.md,0.6885,docs/MIGRATION.md,0.6639,no_valid_candidate_above_threshold
new_file,/Volumes/KmiDi-external/KmiDi_MASTER_VAULTEXTERNAL/KmiDi/legacy/RECOVERY_SOURCE/Datasets_Project/KmiDi/docs/specs/03_VISUAL_SYSTEM.md,docs/sprints/Sprint_8_Enterprise_Ecosystem.md,0.6957,docs/ANALYSIS_BUILD_SYSTEM.md,0.6809,no_valid_candidate_above_threshold
new_file,/Volumes/KmiDi-external/KmiDi_MASTER_VAULTEXTERNAL/KmiDi/legacy/RECOVERY_SOURCE/Datasets_Project/KmiDi/docs/specs/04_CORE_MUSICAL_UI.md,docs/penta_core/daiw-music-brain.md,0.6866,docs/sprints/Sprint_6_Advanced_Music_Theory_and_AI.md,0.6863,no_valid_candidate_above_threshold
new_file,/Volumes/KmiDi-external/KmiDi_MASTER_VAULTEXTERNAL/KmiDi/legacy/RECOVERY_SOURCE/Datasets_Project/KmiDi/docs/specs/05_AI_ML_VISIBILITY.md,docs/penta_core/daw-engine-stability.md,0.6846,docs/penta_core/daiw-music-brain.md,0.6703,no_valid_candidate_above_threshold
new_file,/Volumes/KmiDi-external/KmiDi_MASTER_VAULTEXTERNAL/KmiDi/legacy/RECOVERY_SOURCE/Datasets_Project/KmiDi/docs/specs/06_CONTROL_TRUST.md,docs/summaries/progress.md,0.6837,docs/sprints/Sprint_2_Core_Integration.md,0.6622,no_valid_candidate_above_threshold
new_file,/Volumes/KmiDi-external/KmiDi_MASTER_VAULTEXTERNAL/KmiDi/legacy/RECOVERY_SOURCE/Datasets_Project/KmiDi/docs/specs/07_PLUGIN_SPECIFIC.md,docs/sprints/SPRINT_5_COMPLETION_SUMMARY.md,0.6679,docs/summaries/progress.md,0.6606,no_valid_candidate_above_threshold
new_file,/Volumes/KmiDi-external/KmiDi_MASTER_VAULTEXTERNAL/KmiDi/legacy/RECOVERY_SOURCE/Datasets_Project/KmiDi/docs/specs/08_OUTPUT_VERIFICATION.md,docs/sprints/Sprint_2_Core_Integration.md,0.6829,docs/sprints/SPRINT_5_COMPLETION_SUMMARY.md,0.6789,no_valid_candidate_above_threshold
new_file,/Volumes/KmiDi-external/KmiDi_MASTER_VAULTEXTERNAL/KmiDi/legacy/RECOVERY_SOURCE/Datasets_Project/KmiDi/docs/specs/09_DOCUMENTATION_REPO.md,docs/sprints/Sprint_3_Documentation_and_Examples.md,0.7325,docs/summaries/FINAL_TODO_COMPLETION_REPORT.md,0.7185,no_valid_candidate_above_threshold
conflict,/Volumes/KmiDi-external/KmiDi_MASTER_VAULTEXTERNAL/KmiDi/legacy/RECOVERY_SOURCE/Datasets_Project/KmiDi/examples/spectocloud_animation.py,examples/integration_demo.py,0.7845,examples/integration_example.py,0.7827,ambiguous_or_medium_confidence_heuristic
conflict,/Volumes/KmiDi-external/KmiDi_MASTER_VAULTEXTERNAL/KmiDi/legacy/RECOVERY_SOURCE/Datasets_Project/KmiDi/examples/spectocloud_example.py,examples/teacher_example.py,0.8910,examples/integration_example.py,0.8575,ambiguous_or_medium_confidence_heuristic
conflict,/Volumes/KmiDi-external/KmiDi_MASTER_VAULTEXTERNAL/KmiDi/legacy/RECOVERY_SOURCE/Datasets_Project/KmiDi/execute_safe_cleanup.sh,cleanup_and_fix_gitignore.sh,0.8124,cleanup_unnecessary_files.sh,0.7960,ambiguous_or_medium_confidence_heuristic
new_file,/Volumes/KmiDi-external/KmiDi_MASTER_VAULTEXTERNAL/KmiDi/legacy/RECOVERY_SOURCE/Datasets_Project/KmiDi/experiments/EXPERIMENTAL_FILES_ANALYSIS.md,docs/sprints/Sprint_1_Core_Testing_and_Quality.md,0.6336,docs/sprints/Sprint_3_Documentation_and_Examples.md,0.6227,no_valid_candidate_above_threshold
new_file,/Volumes/KmiDi-external/KmiDi_MASTER_VAULTEXTERNAL/KmiDi/legacy/RECOVERY_SOURCE/Datasets_Project/KmiDi/experiments/downloads-backup/HarmonyEngine.cpp,src_penta-core/harmony/HarmonyEngine.cpp,0.6367,,0.0000,no_valid_candidate_above_threshold
new_file,/Volumes/KmiDi-external/KmiDi_MASTER_VAULTEXTERNAL/KmiDi/legacy/RECOVERY_SOURCE/Datasets_Project/KmiDi/experiments/downloads-backup/KellyBrain.cpp,src/engine/KellyBrain.cpp,0.6336,,0.0000,no_valid_candidate_above_threshold
new_file,/Volumes/KmiDi-external/KmiDi_MASTER_VAULTEXTERNAL/KmiDi/legacy/RECOVERY_SOURCE/Datasets_Project/KmiDi/experiments/downloads-backup/KellyBrain.h,src/engine/KellyBrain.h,0.6301,,0.0000,no_valid_candidate_above_threshold
new_file,/Volumes/KmiDi-external/KmiDi_MASTER_VAULTEXTERNAL/KmiDi/legacy/RECOVERY_SOURCE/Datasets_Project/KmiDi/experiments/downloads-backup/KellyTypes.h,src/common/KellyTypes.h,0.6065,,0.0000,no_valid_candidate_above_threshold
new_file,/Volumes/KmiDi-external/KmiDi_MASTER_VAULTEXTERNAL/KmiDi/legacy/RECOVERY_SOURCE/Datasets_Project/KmiDi/experiments/downloads-backup/MLBridge.cpp,src/ml/MLBridge.cpp,0.6292,,0.0000,no_valid_candidate_above_threshold
new_file,/Volumes/KmiDi-external/KmiDi_MASTER_VAULTEXTERNAL/KmiDi/legacy/RECOVERY_SOURCE/Datasets_Project/KmiDi/experiments/downloads-backup/MLBridge.h,external/JUCE/examples/Assets/Box2DTests/Bridge.h,0.6382,src/ml/MLBridge.h,0.6267,no_valid_candidate_above_threshold
new_file,/Volumes/KmiDi-external/KmiDi_MASTER_VAULTEXTERNAL/KmiDi/legacy/RECOVERY_SOURCE/Datasets_Project/KmiDi/experiments/downloads-backup/MultiModelProcessor.h,src/ml/MultiModelProcessor.h,0.6044,,0.0000,no_valid_candidate_above_threshold
new_file,/Volumes/KmiDi-external/KmiDi_MASTER_VAULTEXTERNAL/KmiDi/legacy/RECOVERY_SOURCE/Datasets_Project/KmiDi/experiments/downloads-backup/PluginEditor.cpp,external/JUCE/examples/CMake/AudioPlugin/PluginEditor.cpp,0.6538,external/JUCE/examples/CMake/AudioPlugin/PluginProcessor.cpp,0.6103,no_valid_candidate_above_threshold
new_file,/Volumes/KmiDi-external/KmiDi_MASTER_VAULTEXTERNAL/KmiDi/legacy/RECOVERY_SOURCE/Datasets_Project/KmiDi/experiments/downloads-backup/PluginEditor.h,external/JUCE/examples/CMake/AudioPlugin/PluginEditor.h,0.6799,external/JUCE/extras/AudioPluginHost/Source/UI/PluginWindow.h,0.6010,no_valid_candidate_above_threshold
new_file,/Volumes/KmiDi-external/KmiDi_MASTER_VAULTEXTERNAL/KmiDi/legacy/RECOVERY_SOURCE/Datasets_Project/KmiDi/experiments/downloads-backup/PluginEditor_1.h,external/JUCE/examples/CMake/AudioPlugin/PluginEditor.h,0.6599,,0.0000,no_valid_candidate_above_threshold
new_file,/Volumes/KmiDi-external/KmiDi_MASTER_VAULTEXTERNAL/KmiDi/legacy/RECOVERY_SOURCE/Datasets_Project/KmiDi/experiments/downloads-backup/PyHarmony.cpp,,0.0000,,0.0000,no_candidate
new_file,/Volumes/KmiDi-external/KmiDi_MASTER_VAULTEXTERNAL/KmiDi/legacy/RECOVERY_SOURCE/Datasets_Project/KmiDi/experiments/downloads-backup/plugin_editor.cpp,external/JUCE/examples/CMake/AudioPlugin/PluginEditor.cpp,0.6381,src/plugin/PluginEditor.cpp,0.6112,no_valid_candidate_above_threshold
new_file,/Volumes/KmiDi-external/KmiDi_MASTER_VAULTEXTERNAL/KmiDi/legacy/RECOVERY_SOURCE/Datasets_Project/KmiDi/experiments/downloads-backup/plugin_editor.h,external/JUCE/examples/CMake/AudioPlugin/PluginEditor.h,0.6396,external/JUCE/extras/AudioPluginHost/Source/UI/PluginWindow.h,0.6230,no_valid_candidate_above_threshold
new_file,/Volumes/KmiDi-external/KmiDi_MASTER_VAULTEXTERNAL/KmiDi/legacy/RECOVERY_SOURCE/Datasets_Project/KmiDi/experiments/downloads-backup/plugin_processor.cpp,external/JUCE/examples/CMake/AudioPlugin/PluginProcessor.cpp,0.6830,external/JUCE/modules/juce_audio_processors/juce_audio_processors.cpp,0.6082,no_valid_candidate_above_threshold
new_file,/Volumes/KmiDi-external/KmiDi_MASTER_VAULTEXTERNAL/KmiDi/legacy/RECOVERY_SOURCE/Datasets_Project/KmiDi/experiments/downloads-backup/plugin_processor.h,external/JUCE/examples/CMake/AudioPlugin/PluginProcessor.h,0.6720,,0.0000,no_valid_candidate_above_threshold
new_file,/Volumes/KmiDi-external/KmiDi_MASTER_VAULTEXTERNAL/KmiDi/legacy/RECOVERY_SOURCE/Datasets_Project/KmiDi/experiments/downloads-backup/test_harmony 2.cpp,,0.0000,,0.0000,no_candidate
conflict,/Volumes/KmiDi-external/KmiDi_MASTER_VAULTEXTERNAL/KmiDi/legacy/RECOVERY_SOURCE/Datasets_Project/KmiDi/generate_aggressive_cleanup_plan.sh,cleanup_and_fix_gitignore.sh,0.8177,cleanup_unnecessary_files.sh,0.7932,ambiguous_or_medium_confidence_heuristic
conflict,/Volumes/KmiDi-external/KmiDi_MASTER_VAULTEXTERNAL/KmiDi/legacy/RECOVERY_SOURCE/Datasets_Project/KmiDi/generate_deletion_plan.sh,cleanup_unnecessary_files.sh,0.7816,cleanup_and_fix_gitignore.sh,0.7767,ambiguous_or_medium_confidence_heuristic
conflict,/Volumes/KmiDi-external/KmiDi_MASTER_VAULTEXTERNAL/KmiDi/legacy/RECOVERY_SOURCE/Datasets_Project/KmiDi/generate_git_safe_cleanup_plan.sh,cleanup_and_fix_gitignore.sh,0.7999,cleanup_unnecessary_files.sh,0.7792,ambiguous_or_medium_confidence_heuristic
conflict,/Volumes/KmiDi-external/KmiDi_MASTER_VAULTEXTERNAL/KmiDi/legacy/RECOVERY_SOURCE/Datasets_Project/KmiDi/include/daiw/core.hpp,include/daiw/memory.hpp,0.8516,include/daiw/types.hpp,0.8286,ambiguous_or_medium_confidence_heuristic
candidate_match,/Volumes/KmiDi-external/KmiDi_MASTER_VAULTEXTERNAL/KmiDi/legacy/RECOVERY_SOURCE/Datasets_Project/KmiDi/include/daiw/memory.hpp,include/daiw/memory.hpp,0.9993,include/daiw/types.hpp,0.8438,high_confidence_heuristic
conflict,/Volumes/KmiDi-external/KmiDi_MASTER_VAULTEXTERNAL/KmiDi/legacy/RECOVERY_SOURCE/Datasets_Project/KmiDi/include/daiw/midi.hpp,include/daiw/memory.hpp,0.8299,cpp_music_brain/include/daiw/midi.hpp,0.8198,ambiguous_or_medium_confidence_heuristic
candidate_match,/Volumes/KmiDi-external/KmiDi_MASTER_VAULTEXTERNAL/KmiDi/legacy/RECOVERY_SOURCE/Datasets_Project/KmiDi/include/daiw/midi/MidiSequence.h,include/daiw/midi/MidiSequence.h,0.9996,include/daiw/midi/MidiMessage.h,0.8751,high_confidence_heuristic
conflict,/Volumes/KmiDi-external/KmiDi_MASTER_VAULTEXTERNAL/KmiDi/legacy/RECOVERY_SOURCE/Datasets_Project/KmiDi/include/daiw/simd.hpp,include/daiw/types.hpp,0.8463,include/daiw/memory.hpp,0.8439,ambiguous_or_medium_confidence_heuristic
new_file,/Volumes/KmiDi-external/KmiDi_MASTER_VAULTEXTERNAL/KmiDi/legacy/RECOVERY_SOURCE/Datasets_Project/KmiDi/include/kmidi/IntentIR.h,include/daiw/midi/MidiSequence.h,0.7326,include/daiw/midi/MidiMessage.h,0.7142,no_valid_candidate_above_threshold
new_file,/Volumes/KmiDi-external/KmiDi_MASTER_VAULTEXTERNAL/KmiDi/legacy/RECOVERY_SOURCE/Datasets_Project/KmiDi/include/kmidi/IntentIR_JSON.h,include/daiw/midi/MidiIO.h,0.7113,include/daiw/midi/MidiMessage.h,0.6754,no_valid_candidate_above_threshold
candidate_match,/Volumes/KmiDi-external/KmiDi_MASTER_VAULTEXTERNAL/KmiDi/legacy/RECOVERY_SOURCE/Datasets_Project/KmiDi/include/penta/common/Platform.h,include/penta/common/Platform.h,0.9808,include/penta/common/RTLogger.h,0.8216,high_confidence_heuristic
candidate_match,/Volumes/KmiDi-external/KmiDi_MASTER_VAULTEXTERNAL/KmiDi/legacy/RECOVERY_SOURCE/Datasets_Project/KmiDi/include/penta/diagnostics/AudioAnalyzer.h,include/penta/diagnostics/AudioAnalyzer.h,0.9986,include/penta/diagnostics/PerformanceMonitor.h,0.8159,high_confidence_heuristic
candidate_match,/Volumes/KmiDi-external/KmiDi_MASTER_VAULTEXTERNAL/KmiDi/legacy/RECOVERY_SOURCE/Datasets_Project/KmiDi/include/penta/diagnostics/PerformanceMonitor.h,include/penta/diagnostics/PerformanceMonitor.h,0.9988,include/penta/diagnostics/AudioAnalyzer.h,0.8135,high_confidence_heuristic
candidate_match,/Volumes/KmiDi-external/KmiDi_MASTER_VAULTEXTERNAL/KmiDi/legacy/RECOVERY_SOURCE/Datasets_Project/KmiDi/include/penta/groove/GrooveEngine.h,include/penta/groove/GrooveEngine.h,0.9996,include/penta/harmony/HarmonyEngine.h,0.8063,high_confidence_heuristic
candidate_match,/Volumes/KmiDi-external/KmiDi_MASTER_VAULTEXTERNAL/KmiDi/legacy/RECOVERY_SOURCE/Datasets_Project/KmiDi/include/penta/groove/OnsetDetector.h,include/penta/groove/OnsetDetector.h,0.9868,include/penta/groove/TempoEstimator.h,0.8282,high_confidence_heuristic
candidate_match,/Volumes/KmiDi-external/KmiDi_MASTER_VAULTEXTERNAL/KmiDi/legacy/RECOVERY_SOURCE/Datasets_Project/KmiDi/include/penta/groove/RhythmQuantizer.h,include/penta/groove/RhythmQuantizer.h,0.9898,include/penta/groove/TempoEstimator.h,0.8169,high_confidence_heuristic
candidate_match,/Volumes/KmiDi-external/KmiDi_MASTER_VAULTEXTERNAL/KmiDi/legacy/RECOVERY_SOURCE/Datasets_Project/KmiDi/include/penta/harmony/HarmonyEngine.h,include/penta/harmony/HarmonyEngine.h,0.9928,include/penta/groove/GrooveEngine.h,0.8021,high_confidence_heuristic
candidate_match,/Volumes/KmiDi-external/KmiDi_MASTER_VAULTEXTERNAL/KmiDi/legacy/RECOVERY_SOURCE/Datasets_Project/KmiDi/include/penta/osc/OSCClient.h,include/penta/osc/OSCClient.h,0.9968,include/penta/osc/OSCServer.h,0.8590,high_confidence_heuristic
candidate_match,/Volumes/KmiDi-external/KmiDi_MASTER_VAULTEXTERNAL/KmiDi/legacy/RECOVERY_SOURCE/Datasets_Project/KmiDi/include/penta/osc/OSCHub.h,include/penta/osc/OSCHub.h,0.9969,include/penta/osc/OSCClient.h,0.8375,high_confidence_heuristic
candidate_match,/Volumes/KmiDi-external/KmiDi_MASTER_VAULTEXTERNAL/KmiDi/legacy/RECOVERY_SOURCE/Datasets_Project/KmiDi/include/penta/osc/OSCMessage.h,include/penta/osc/OSCMessage.h,0.9805,include/penta/osc/RTMessageQueue.h,0.8828,high_confidence_heuristic
candidate_match,/Volumes/KmiDi-external/KmiDi_MASTER_VAULTEXTERNAL/KmiDi/legacy/RECOVERY_SOURCE/Datasets_Project/KmiDi/include/penta/osc/OSCServer.h,include/penta/osc/OSCServer.h,0.9885,include/penta/osc/OSCMessage.h,0.8689,high_confidence_heuristic
candidate_match,/Volumes/KmiDi-external/KmiDi_MASTER_VAULTEXTERNAL/KmiDi/legacy/RECOVERY_SOURCE/Datasets_Project/KmiDi/include/penta/osc/RTMessageQueue.h,include/penta/osc/RTMessageQueue.h,0.9877,include/penta/osc/OSCMessage.h,0.8716,high_confidence_heuristic
conflict,/Volumes/KmiDi-external/KmiDi_MASTER_VAULTEXTERNAL/KmiDi/legacy/RECOVERY_SOURCE/Datasets_Project/KmiDi/include/prrot/PRROTEngine.h,include/penta/groove/GrooveEngine.h,0.7598,include/daiw/project/ProjectFile.h,0.7528,ambiguous_or_medium_confidence_heuristic
candidate_match,/Volumes/KmiDi-external/KmiDi_MASTER_VAULTEXTERNAL/KmiDi/legacy/RECOVERY_SOURCE/Datasets_Project/KmiDi/music_brain/__init__.py,music_brain/__init__.py,0.9592,music_brain/utils/__init__.py,0.9035,high_confidence_heuristic
candidate_match,/Volumes/KmiDi-external/KmiDi_MASTER_VAULTEXTERNAL/KmiDi/legacy/RECOVERY_SOURCE/Datasets_Project/KmiDi/music_brain/api.py,music_brain/api.py,0.9691,music_brain/cli.py,0.8593,high_confidence_heuristic
conflict,/Volumes/KmiDi-external/KmiDi_MASTER_VAULTEXTERNAL/KmiDi/legacy/RECOVERY_SOURCE/Datasets_Project/KmiDi/music_brain/api_misc.py,music_brain/api.py,0.9037,music_brain/mac_optimization.py,0.8474,ambiguous_or_medium_confidence_heuristic
conflict,/Volumes/KmiDi-external/KmiDi_MASTER_VAULTEXTERNAL/KmiDi/legacy/RECOVERY_SOURCE/Datasets_Project/KmiDi/music_brain/audio/frequency.py,music_brain/audio/frequency_analysis.py,0.9002,music_brain/audio/feel.py,0.8683,ambiguous_or_medium_confidence_heuristic
conflict,/Volumes/KmiDi-external/KmiDi_MASTER_VAULTEXTERNAL/KmiDi/legacy/RECOVERY_SOURCE/Datasets_Project/KmiDi/music_brain/data_utils/harmony_generator.py,music_brain/tier1/audio_generator.py,0.7912,music_brain/tier1/midi_generator.py,0.7886,ambiguous_or_medium_confidence_heuristic
conflict,/Volumes/KmiDi-external/KmiDi_MASTER_VAULTEXTERNAL/KmiDi/legacy/RECOVERY_SOURCE/Datasets_Project/KmiDi/music_brain/daw/functions.py,music_brain/daw/fl_studio.py,0.8719,music_brain/daw/pro_tools.py,0.8400,ambiguous_or_medium_confidence_heuristic
conflict,/Volumes/KmiDi-external/KmiDi_MASTER_VAULTEXTERNAL/KmiDi/legacy/RECOVERY_SOURCE/Datasets_Project/KmiDi/music_brain/effects/effects.py,music_brain/agents/events.py,0.8073,music_brain/agents/telemetry.py,0.7623,ambiguous_or_medium_confidence_heuristic
new_file,/Volumes/KmiDi-external/KmiDi_MASTER_VAULTEXTERNAL/KmiDi/legacy/RECOVERY_SOURCE/Datasets_Project/KmiDi/music_brain/effects/guitar_fx.py,music_brain/agents/__init__.py,0.7442,music_brain/agents/voice_profiles.py,0.7360,no_valid_candidate_above_threshold
candidate_match,/Volumes/KmiDi-external/KmiDi_MASTER_VAULTEXTERNAL/KmiDi/legacy/RECOVERY_SOURCE/Datasets_Project/KmiDi/music_brain/emotion/__init__.py,music_brain/emotion/__init__.py,0.9992,music_brain/production/__init__.py,0.9173,high_confidence_heuristic
candidate_match,/Volumes/KmiDi-external/KmiDi_MASTER_VAULTEXTERNAL/KmiDi/legacy/RECOVERY_SOURCE/Datasets_Project/KmiDi/music_brain/emotion/emotion_production.py,music_brain/emotion/emotion_production.py,0.9622,music_brain/production/emotion_production.py,0.9016,high_confidence_heuristic
conflict,/Volumes/KmiDi-external/KmiDi_MASTER_VAULTEXTERNAL/KmiDi/legacy/RECOVERY_SOURCE/Datasets_Project/KmiDi/music_brain/emotion/emotion_thesaurus.py,music_brain/emotion_thesaurus.py,0.8799,music_brain/emotion/emotion_production.py,0.8356,ambiguous_or_medium_confidence_heuristic
conflict,/Volumes/KmiDi-external/KmiDi_MASTER_VAULTEXTERNAL/KmiDi/legacy/RECOVERY_SOURCE/Datasets_Project/KmiDi/music_brain/emotion/multimodal_emotion.py,music_brain/emotion/emotion_production.py,0.8013,music_brain/editing/midi_editor.py,0.7599,ambiguous_or_medium_confidence_heuristic
conflict,/Volumes/KmiDi-external/KmiDi_MASTER_VAULTEXTERNAL/KmiDi/legacy/RECOVERY_SOURCE/Datasets_Project/KmiDi/music_brain/emotion/text_emotion_parser.py,music_brain/emotion/emotion_production.py,0.8421,music_brain/export/emotion_stem_exporter.py,0.8032,ambiguous_or_medium_confidence_heuristic
candidate_match,/Volumes/KmiDi-external/KmiDi_MASTER_VAULTEXTERNAL/KmiDi/legacy/RECOVERY_SOURCE/Datasets_Project/KmiDi/music_brain/emotion_kmidi/__init__.py,music_brain/emotion/__init__.py,0.9378,music_brain/production/__init__.py,0.8697,high_confidence_heuristic
conflict,/Volumes/KmiDi-external/KmiDi_MASTER_VAULTEXTERNAL/KmiDi/legacy/RECOVERY_SOURCE/Datasets_Project/KmiDi/music_brain/emotion_kmidi/emotion_production.py,music_brain/emotion/emotion_production.py,0.9008,music_brain/production/emotion_production.py,0.8539,ambiguous_or_medium_confidence_heuristic
conflict,/Volumes/KmiDi-external/KmiDi_MASTER_VAULTEXTERNAL/KmiDi/legacy/RECOVERY_SOURCE/Datasets_Project/KmiDi/music_brain/emotion_kmidi/emotion_thesaurus.py,music_brain/emotion_thesaurus.py,0.8249,music_brain/emotion/emotion_production.py,0.7742,ambiguous_or_medium_confidence_heuristic
new_file,/Volumes/KmiDi-external/KmiDi_MASTER_VAULTEXTERNAL/KmiDi/legacy/RECOVERY_SOURCE/Datasets_Project/KmiDi/music_brain/emotion_kmidi/multimodal_emotion.py,music_brain/emotion/emotion_production.py,0.7399,music_brain/editing/midi_editor.py,0.7083,no_valid_candidate_above_threshold
conflict,/Volumes/KmiDi-external/KmiDi_MASTER_VAULTEXTERNAL/KmiDi/legacy/RECOVERY_SOURCE/Datasets_Project/KmiDi/music_brain/emotion_kmidi/text_emotion_parser.py,music_brain/emotion/emotion_production.py,0.7807,music_brain/export/emotion_stem_exporter.py,0.7523,ambiguous_or_medium_confidence_heuristic
candidate_match,/Volumes/KmiDi-external/KmiDi_MASTER_VAULTEXTERNAL/KmiDi/legacy/RECOVERY_SOURCE/Datasets_Project/KmiDi/music_brain/emotion_scale/__init__.py,music_brain/emotion/__init__.py,0.9380,music_brain/integrations/__init__.py,0.8731,high_confidence_heuristic
conflict,/Volumes/KmiDi-external/KmiDi_MASTER_VAULTEXTERNAL/KmiDi/legacy/RECOVERY_SOURCE/Datasets_Project/KmiDi/music_brain/emotion_scale/audio_refinery.py,music_brain/audio/refinery.py,0.7857,music_brain/tier1/audio_generator.py,0.7668,ambiguous_or_medium_confidence_heuristic
conflict,/Volumes/KmiDi-external/KmiDi_MASTER_VAULTEXTERNAL/KmiDi/legacy/RECOVERY_SOURCE/Datasets_Project/KmiDi/music_brain/emotion_scale/feel.py,music_brain/audio/feel.py,0.8496,music_brain/integrations/penta_core.py,0.7291,ambiguous_or_medium_confidence_heuristic
new_file,/Volumes/KmiDi-external/KmiDi_MASTER_VAULTEXTERNAL/KmiDi/legacy/RECOVERY_SOURCE/Datasets_Project/KmiDi/music_brain/emotion_scale/freesound_downloader.py,music_brain/emotion/emotion_production.py,0.7114,music_brain/emotion/__init__.py,0.6874,no_valid_candidate_above_threshold
new_file,/Volumes/KmiDi-external/KmiDi_MASTER_VAULTEXTERNAL/KmiDi/legacy/RECOVERY_SOURCE/Datasets_Project/KmiDi/music_brain/emotion_scale/generate_demo_samples.py,music_brain/session/melody_generator.py,0.7304,music_brain/emotion/__init__.py,0.7214,no_valid_candidate_above_threshold
new_file,/Volumes/KmiDi-external/KmiDi_MASTER_VAULTEXTERNAL/KmiDi/legacy/RECOVERY_SOURCE/Datasets_Project/KmiDi/music_brain/emotion_scale/mvp_test.py,music_brain/emotion/__init__.py,0.7490,music_brain/session/intent.py,0.7208,no_valid_candidate_above_threshold
conflict,/Volumes/KmiDi-external/KmiDi_MASTER_VAULTEXTERNAL/KmiDi/legacy/RECOVERY_SOURCE/Datasets_Project/KmiDi/music_brain/generative/emotion_conditioned.py,music_brain/interactive/gesture_controls.py,0.7791,music_brain/export/emotion_stem_exporter.py,0.7667,ambiguous_or_medium_confidence_heuristic
candidate_match,/Volumes/KmiDi-external/KmiDi_MASTER_VAULTEXTERNAL/KmiDi/legacy/RECOVERY_SOURCE/Datasets_Project/KmiDi/music_brain/groove_kmidi/__init__.py,music_brain/groove/__init__.py,0.9282,music_brain/audio/__init__.py,0.8507,high_confidence_heuristic
conflict,/Volumes/KmiDi-external/KmiDi_MASTER_VAULTEXTERNAL/KmiDi/legacy/RECOVERY_SOURCE/Datasets_Project/KmiDi/music_brain/groove_kmidi/bass_humanizer.py,music_brain/groove/drum_humanizer.py,0.8444,music_brain/production/drum_humanizer.py,0.7582,ambiguous_or_medium_confidence_heuristic
conflict,/Volumes/KmiDi-external/KmiDi_MASTER_VAULTEXTERNAL/KmiDi/legacy/RECOVERY_SOURCE/Datasets_Project/KmiDi/music_brain/groove_kmidi/drum_analysis.py,music_brain/groove/drum_analysis.py,0.9120,music_brain/groove/drum_humanizer.py,0.8006,ambiguous_or_medium_confidence_heuristic
conflict,/Volumes/KmiDi-external/KmiDi_MASTER_VAULTEXTERNAL/KmiDi/legacy/RECOVERY_SOURCE/Datasets_Project/KmiDi/music_brain/groove_kmidi/drum_humanizer.py,music_brain/groove/drum_humanizer.py,0.9057,music_brain/production/drum_humanizer.py,0.8100,ambiguous_or_medium_confidence_heuristic
candidate_match,/Volumes/KmiDi-external/KmiDi_MASTER_VAULTEXTERNAL/KmiDi/legacy/RECOVERY_SOURCE/Datasets_Project/KmiDi/music_brain/groove_kmidi/extractor.py,music_brain/groove/extractor.py,0.9350,music_brain/groove/applicator.py,0.8094,high_confidence_heuristic
new_file,/Volumes/KmiDi-external/KmiDi_MASTER_VAULTEXTERNAL/KmiDi/legacy/RECOVERY_SOURCE/Datasets_Project/KmiDi/music_brain/groove_kmidi/fan_feedback.py,music_brain/groove/extractor.py,0.7463,music_brain/groove/drum_humanizer.py,0.7404,no_valid_candidate_above_threshold
candidate_match,/Volumes/KmiDi-external/KmiDi_MASTER_VAULTEXTERNAL/KmiDi/legacy/RECOVERY_SOURCE/Datasets_Project/KmiDi/music_brain/groove_kmidi/groove_engine.py,music_brain/groove/groove_engine.py,0.9348,music_brain/groove/groove.py,0.8080,high_confidence_heuristic
conflict,/Volumes/KmiDi-external/KmiDi_MASTER_VAULTEXTERNAL/KmiDi/legacy/RECOVERY_SOURCE/Datasets_Project/KmiDi/music_brain/groove_kmidi/guide_parser.py,music_brain/groove/templates.py,0.7682,music_brain/groove/extractor.py,0.7551,ambiguous_or_medium_confidence_heuristic
conflict,/Volumes/KmiDi-external/KmiDi_MASTER_VAULTEXTERNAL/KmiDi/legacy/RECOVERY_SOURCE/Datasets_Project/KmiDi/music_brain/groove_kmidi/guitar_humanizer.py,music_brain/groove/drum_humanizer.py,0.8479,music_brain/production/drum_humanizer.py,0.7616,ambiguous_or_medium_confidence_heuristic
conflict,/Volumes/KmiDi-external/KmiDi_MASTER_VAULTEXTERNAL/KmiDi/legacy/RECOVERY_SOURCE/Datasets_Project/KmiDi/music_brain/groove_kmidi/humanizer.py,music_brain/groove/drum_humanizer.py,0.8684,music_brain/groove/templates.py,0.7804,ambiguous_or_medium_confidence_heuristic
conflict,/Volumes/KmiDi-external/KmiDi_MASTER_VAULTEXTERNAL/KmiDi/legacy/RECOVERY_SOURCE/Datasets_Project/KmiDi/music_brain/groove_kmidi/sound_tech.py,music_brain/groove/groove.py,0.7596,music_brain/groove/drum_humanizer.py,0.7487,ambiguous_or_medium_confidence_heuristic
candidate_match,/Volumes/KmiDi-external/KmiDi_MASTER_VAULTEXTERNAL/KmiDi/legacy/RECOVERY_SOURCE/Datasets_Project/KmiDi/music_brain/groove_kmidi/templates.py,music_brain/groove/templates.py,0.9322,music_brain/arrangement/templates.py,0.8231,high_confidence_heuristic
conflict,/Volumes/KmiDi-external/KmiDi_MASTER_VAULTEXTERNAL/KmiDi/legacy/RECOVERY_SOURCE/Datasets_Project/KmiDi/music_brain/harmony_utils/__init__.py,music_brain/utils/__init__.py,0.8825,music_brain/samples/__init__.py,0.8672,ambiguous_or_medium_confidence_heuristic
candidate_match,/Volumes/KmiDi-external/KmiDi_MASTER_VAULTEXTERNAL/KmiDi/legacy/RECOVERY_SOURCE/Datasets_Project/KmiDi/music_brain/integrations/__init__.py,music_brain/integrations/__init__.py,0.9645,music_brain/interactive/__init__.py,0.9110,high_confidence_heuristic
conflict,/Volumes/KmiDi-external/KmiDi_MASTER_VAULTEXTERNAL/KmiDi/legacy/RECOVERY_SOURCE/Datasets_Project/KmiDi/music_brain/integrations/dynamics_integration.py,music_brain/integrations/llama_onnx.py,0.7958,music_brain/integrations/__init__.py,0.7743,ambiguous_or_medium_confidence_heuristic
candidate_match,/Volumes/KmiDi-external/KmiDi_MASTER_VAULTEXTERNAL/KmiDi/legacy/RECOVERY_SOURCE/Datasets_Project/KmiDi/music_brain/integrations/penta_core.py,music_brain/integrations/penta_core.py,0.9624,music_brain/integrations/__init__.py,0.8005,high_confidence_heuristic
candidate_match,/Volumes/KmiDi-external/KmiDi_MASTER_VAULTEXTERNAL/KmiDi/legacy/RECOVERY_SOURCE/Datasets_Project/KmiDi/music_brain/intelligence/__init__.py,music_brain/intelligence/__init__.py,0.9805,music_brain/interactive/__init__.py,0.8819,high_confidence_heuristic
conflict,/Volumes/KmiDi-external/KmiDi_MASTER_VAULTEXTERNAL/KmiDi/legacy/RECOVERY_SOURCE/Datasets_Project/KmiDi/music_brain/intelligence/ollama_bridge.py,music_brain/intelligence/engine_bridge.py,0.8858,music_brain/intelligence/context_bridge.py,0.8796,ambiguous_or_medium_confidence_heuristic
conflict,/Volumes/KmiDi-external/KmiDi_MASTER_VAULTEXTERNAL/KmiDi/legacy/RECOVERY_SOURCE/Datasets_Project/KmiDi/music_brain/intent_ir/__init__.py,music_brain/interactive/__init__.py,0.8735,music_brain/agents/__init__.py,0.8725,ambiguous_or_medium_confidence_heuristic
conflict,/Volumes/KmiDi-external/KmiDi_MASTER_VAULTEXTERNAL/KmiDi/legacy/RECOVERY_SOURCE/Datasets_Project/KmiDi/music_brain/intent_ir/emitter.py,music_brain/interactive/gesture_controls.py,0.7510,music_brain/arrangement/templates.py,0.7493,ambiguous_or_medium_confidence_heuristic
conflict,/Volumes/KmiDi-external/KmiDi_MASTER_VAULTEXTERNAL/KmiDi/legacy/RECOVERY_SOURCE/Datasets_Project/KmiDi/music_brain/kelly/core/midi_generator.py,music_brain/tier1/midi_generator.py,0.8722,src/kelly/core/midi_generator.py,0.8705,ambiguous_or_medium_confidence_heuristic
conflict,/Volumes/KmiDi-external/KmiDi_MASTER_VAULTEXTERNAL/KmiDi/legacy/RECOVERY_SOURCE/Datasets_Project/KmiDi/music_brain/kelly_companion/__init__.py,music_brain/emotion/__init__.py,0.8702,music_brain/integrations/__init__.py,0.8448,ambiguous_or_medium_confidence_heuristic
new_file,/Volumes/KmiDi-external/KmiDi_MASTER_VAULTEXTERNAL/KmiDi/legacy/RECOVERY_SOURCE/Datasets_Project/KmiDi/music_brain/kelly_companion/core/arrangement_engine.py,music_brain/learning/arrangement_learning.py,0.7494,music_brain/intelligence/suggestion_engine.py,0.6922,no_valid_candidate_above_threshold
conflict,/Volumes/KmiDi-external/KmiDi_MASTER_VAULTEXTERNAL/KmiDi/legacy/RECOVERY_SOURCE/Datasets_Project/KmiDi/music_brain/kelly_companion/core/emotion_thesaurus.py,src/kelly/core/emotion_thesaurus.py,0.7782,music_brain/emotion_thesaurus.py,0.7562,ambiguous_or_medium_confidence_heuristic
conflict,/Volumes/KmiDi-external/KmiDi_MASTER_VAULTEXTERNAL/KmiDi/legacy/RECOVERY_SOURCE/Datasets_Project/KmiDi/music_brain/kelly_companion/core/interrogator.py,music_brain/session/interrogator.py,0.8011,music_brain/session/generator.py,0.7260,ambiguous_or_medium_confidence_heuristic
conflict,/Volumes/KmiDi-external/KmiDi_MASTER_VAULTEXTERNAL/KmiDi/legacy/RECOVERY_SOURCE/Datasets_Project/KmiDi/music_brain/kelly_companion/data/__init__.py,music_brain/emotion/__init__.py,0.8435,music_brain/data/__init__.py,0.8350,ambiguous_or_medium_confidence_heuristic
new_file,/Volumes/KmiDi-external/KmiDi_MASTER_VAULTEXTERNAL/KmiDi/legacy/RECOVERY_SOURCE/Datasets_Project/KmiDi/music_brain/kelly_companion/data/emotion_trajectory.json,music_brain/data/song_intent_examples.json,0.6417,music_brain/data/chord_progression_families.json,0.6378,no_valid_candidate_above_threshold
conflict,/Volumes/KmiDi-external/KmiDi_MASTER_VAULTEXTERNAL/KmiDi/legacy/RECOVERY_SOURCE/Datasets_Project/KmiDi/music_brain/kelly_companion/data/song_intent_schema.yaml,music_brain/data/song_intent_schema.yaml,0.8498,,0.0000,ambiguous_or_medium_confidence_heuristic
conflict,/Volumes/KmiDi-external/KmiDi_MASTER_VAULTEXTERNAL/KmiDi/legacy/RECOVERY_SOURCE/Datasets_Project/KmiDi/music_brain/kelly_companion/emotion_thesaurus.py,music_brain/emotion_thesaurus.py,0.7947,src/kelly/core/emotion_thesaurus.py,0.7510,ambiguous_or_medium_confidence_heuristic
conflict,/Volumes/KmiDi-external/KmiDi_MASTER_VAULTEXTERNAL/KmiDi/legacy/RECOVERY_SOURCE/Datasets_Project/KmiDi/music_brain/kelly_companion/engines/__init__.py,music_brain/learning/__init__.py,0.8387,music_brain/collaboration/__init__.py,0.8332,ambiguous_or_medium_confidence_heuristic
new_file,/Volumes/KmiDi-external/KmiDi_MASTER_VAULTEXTERNAL/KmiDi/legacy/RECOVERY_SOURCE/Datasets_Project/KmiDi/music_brain/kelly_companion/engines/bass_engine.py,music_brain/intelligence/suggestion_engine.py,0.7444,music_brain/learning/bass_learning.py,0.7276,no_valid_candidate_above_threshold
new_file,/Volumes/KmiDi-external/KmiDi_MASTER_VAULTEXTERNAL/KmiDi/legacy/RECOVERY_SOURCE/Datasets_Project/KmiDi/music_brain/kelly_companion/engines/counter_melody_engine.py,music_brain/intelligence/suggestion_engine.py,0.7006,music_brain/learning/melody_learning.py,0.6981,no_valid_candidate_above_threshold
conflict,/Volumes/KmiDi-external/KmiDi_MASTER_VAULTEXTERNAL/KmiDi/legacy/RECOVERY_SOURCE/Datasets_Project/KmiDi/music_brain/kelly_companion/engines/dynamics_engine.py,music_brain/production/dynamics_engine.py,0.7577,music_brain/intelligence/suggestion_engine.py,0.7001,ambiguous_or_medium_confidence_heuristic
new_file,/Volumes/KmiDi-external/KmiDi_MASTER_VAULTEXTERNAL/KmiDi/legacy/RECOVERY_SOURCE/Datasets_Project/KmiDi/music_brain/kelly_companion/engines/fill_engine.py,music_brain/intelligence/suggestion_engine.py,0.7254,music_brain/agents/ml_pipeline.py,0.6999,no_valid_candidate_above_threshold
new_file,/Volumes/KmiDi-external/KmiDi_MASTER_VAULTEXTERNAL/KmiDi/legacy/RECOVERY_SOURCE/Datasets_Project/KmiDi/music_brain/kelly_companion/engines/melody_engine.py,music_brain/learning/melody_learning.py,0.7404,music_brain/intelligence/suggestion_engine.py,0.7333,no_valid_candidate_above_threshold
new_file,/Volumes/KmiDi-external/KmiDi_MASTER_VAULTEXTERNAL/KmiDi/legacy/RECOVERY_SOURCE/Datasets_Project/KmiDi/music_brain/kelly_companion/engines/orchestration.py,music_brain/orchestrator/orchestrator.py,0.7309,music_brain/learning/resources.py,0.7128,no_valid_candidate_above_threshold
new_file,/Volumes/KmiDi-external/KmiDi_MASTER_VAULTEXTERNAL/KmiDi/legacy/RECOVERY_SOURCE/Datasets_Project/KmiDi/music_brain/kelly_companion/engines/pad_engine.py,music_brain/intelligence/suggestion_engine.py,0.7100,music_brain/intelligence/engine_bridge.py,0.6915,no_valid_candidate_above_threshold
new_file,/Volumes/KmiDi-external/KmiDi_MASTER_VAULTEXTERNAL/KmiDi/legacy/RECOVERY_SOURCE/Datasets_Project/KmiDi/music_brain/kelly_companion/engines/rhythm_engine.py,music_brain/intelligence/suggestion_engine.py,0.7189,music_brain/agents/ml_pipeline.py,0.6907,no_valid_candidate_above_threshold
conflict,/Volumes/KmiDi-external/KmiDi_MASTER_VAULTEXTERNAL/KmiDi/legacy/RECOVERY_SOURCE/Datasets_Project/KmiDi/music_brain/kelly_companion/engines/string_engine.py,music_brain/intelligence/suggestion_engine.py,0.7646,music_brain/learning/instruments.py,0.7034,ambiguous_or_medium_confidence_heuristic
conflict,/Volumes/KmiDi-external/KmiDi_MASTER_VAULTEXTERNAL/KmiDi/legacy/RECOVERY_SOURCE/Datasets_Project/KmiDi/music_brain/kelly_companion/engines/tension_engine.py,music_brain/intelligence/suggestion_engine.py,0.7525,music_brain/learning/expression_learning.py,0.6886,ambiguous_or_medium_confidence_heuristic
conflict,/Volumes/KmiDi-external/KmiDi_MASTER_VAULTEXTERNAL/KmiDi/legacy/RECOVERY_SOURCE/Datasets_Project/KmiDi/music_brain/kelly_companion/engines/transition_engine.py,music_brain/intelligence/suggestion_engine.py,0.7520,music_brain/learning/expression_learning.py,0.6758,ambiguous_or_medium_confidence_heuristic
new_file,/Volumes/KmiDi-external/KmiDi_MASTER_VAULTEXTERNAL/KmiDi/legacy/RECOVERY_SOURCE/Datasets_Project/KmiDi/music_brain/kelly_companion/engines/variation_engine.py,music_brain/intelligence/suggestion_engine.py,0.7403,music_brain/learning/harmony_learning.py,0.6802,no_valid_candidate_above_threshold
conflict,/Volumes/KmiDi-external/KmiDi_MASTER_VAULTEXTERNAL/KmiDi/legacy/RECOVERY_SOURCE/Datasets_Project/KmiDi/music_brain/kelly_companion/groove/applicator.py,music_brain/groove/applicator.py,0.8613,music_brain/groove/extractor.py,0.7359,ambiguous_or_medium_confidence_heuristic
conflict,/Volumes/KmiDi-external/KmiDi_MASTER_VAULTEXTERNAL/KmiDi/legacy/RECOVERY_SOURCE/Datasets_Project/KmiDi/music_brain/kelly_companion/groove/extractor.py,music_brain/groove/extractor.py,0.8601,music_brain/groove/applicator.py,0.7366,ambiguous_or_medium_confidence_heuristic
conflict,/Volumes/KmiDi-external/KmiDi_MASTER_VAULTEXTERNAL/KmiDi/legacy/RECOVERY_SOURCE/Datasets_Project/KmiDi/music_brain/kelly_companion/groove/groove_engine.py,music_brain/groove/groove_engine.py,0.8615,music_brain/learning/groove_learning.py,0.7475,ambiguous_or_medium_confidence_heuristic
conflict,/Volumes/KmiDi-external/KmiDi_MASTER_VAULTEXTERNAL/KmiDi/legacy/RECOVERY_SOURCE/Datasets_Project/KmiDi/music_brain/kelly_companion/groove/templates.py,music_brain/groove/templates.py,0.8537,music_brain/arrangement/templates.py,0.7649,ambiguous_or_medium_confidence_heuristic
conflict,/Volumes/KmiDi-external/KmiDi_MASTER_VAULTEXTERNAL/KmiDi/legacy/RECOVERY_SOURCE/Datasets_Project/KmiDi/music_brain/kelly_companion/harmony_system.py,music_brain/learning/harmony_learning.py,0.7595,music_brain/collaboration/version_control.py,0.7094,ambiguous_or_medium_confidence_heuristic
new_file,/Volumes/KmiDi-external/KmiDi_MASTER_VAULTEXTERNAL/KmiDi/legacy/RECOVERY_SOURCE/Datasets_Project/KmiDi/music_brain/kelly_companion/kellymidicompanion_arrangement_engine.py,music_brain/learning/arrangement_learning.py,0.7067,music_brain/learning/instruments.py,0.6705,no_valid_candidate_above_threshold
new_file,/Volumes/KmiDi-external/KmiDi_MASTER_VAULTEXTERNAL/KmiDi/legacy/RECOVERY_SOURCE/Datasets_Project/KmiDi/music_brain/kelly_companion/kellymidicompanion_bass_engine.py,music_brain/intelligence/suggestion_engine.py,0.6836,music_brain/production/dynamics_engine.py,0.6762,no_valid_candidate_above_threshold
new_file,/Volumes/KmiDi-external/KmiDi_MASTER_VAULTEXTERNAL/KmiDi/legacy/RECOVERY_SOURCE/Datasets_Project/KmiDi/music_brain/kelly_companion/kellymidicompanion_counter_melody_engine.py,music_brain/collaboration/version_control.py,0.6872,music_brain/session/interactive_challenges.py,0.6759,no_valid_candidate_above_threshold
new_file,/Volumes/KmiDi-external/KmiDi_MASTER_VAULTEXTERNAL/KmiDi/legacy/RECOVERY_SOURCE/Datasets_Project/KmiDi/music_brain/kelly_companion/kellymidicompanion_data/kellymidicompanion_emotional_mapping.py,music_brain/data/emotional_mapping.py,0.6341,music_brain/learning/music_learning_manager.py,0.6028,no_valid_candidate_above_threshold
new_file,/Volumes/KmiDi-external/KmiDi_MASTER_VAULTEXTERNAL/KmiDi/legacy/RECOVERY_SOURCE/Datasets_Project/KmiDi/music_brain/kelly_companion/kellymidicompanion_dynamics_engine.py,music_brain/production/dynamics_engine.py,0.6953,music_brain/learning/expression_learning.py,0.6675,no_valid_candidate_above_threshold
new_file,/Volumes/KmiDi-external/KmiDi_MASTER_VAULTEXTERNAL/KmiDi/legacy/RECOVERY_SOURCE/Datasets_Project/KmiDi/music_brain/kelly_companion/kellymidicompanion_emotion_api.py,music_brain/emotion_api.py,0.6862,music_brain/emotion/emotion_production.py,0.6845,no_valid_candidate_above_threshold
new_file,/Volumes/KmiDi-external/KmiDi_MASTER_VAULTEXTERNAL/KmiDi/legacy/RECOVERY_SOURCE/Datasets_Project/KmiDi/music_brain/kelly_companion/kellymidicompanion_fill_engine.py,music_brain/intelligence/suggestion_engine.py,0.6823,music_brain/collaboration/editing.py,0.6729,no_valid_candidate_above_threshold
new_file,/Volumes/KmiDi-external/KmiDi_MASTER_VAULTEXTERNAL/KmiDi/legacy/RECOVERY_SOURCE/Datasets_Project/KmiDi/music_brain/kelly_companion/kellymidicompanion_groove/kellymidicompanion___init__.py,music_brain/groove/__init__.py,0.6300,music_brain/collaboration/__init__.py,0.6209,no_valid_candidate_above_threshold
new_file,/Volumes/KmiDi-external/KmiDi_MASTER_VAULTEXTERNAL/KmiDi/legacy/RECOVERY_SOURCE/Datasets_Project/KmiDi/music_brain/kelly_companion/kellymidicompanion_groove/kellymidicompanion_applicator.py,music_brain/groove/applicator.py,0.6509,,0.0000,no_valid_candidate_above_threshold
new_file,/Volumes/KmiDi-external/KmiDi_MASTER_VAULTEXTERNAL/KmiDi/legacy/RECOVERY_SOURCE/Datasets_Project/KmiDi/music_brain/kelly_companion/kellymidicompanion_groove/kellymidicompanion_extractor.py,music_brain/groove/extractor.py,0.6442,music_brain/visualization/emotion_trajectory.py,0.6229,no_valid_candidate_above_threshold
new_file,/Volumes/KmiDi-external/KmiDi_MASTER_VAULTEXTERNAL/KmiDi/legacy/RECOVERY_SOURCE/Datasets_Project/KmiDi/music_brain/kelly_companion/kellymidicompanion_groove/kellymidicompanion_groove_engine.py,music_brain/groove/groove_engine.py,0.6663,,0.0000,no_valid_candidate_above_threshold
new_file,/Volumes/KmiDi-external/KmiDi_MASTER_VAULTEXTERNAL/KmiDi/legacy/RECOVERY_SOURCE/Datasets_Project/KmiDi/music_brain/kelly_companion/kellymidicompanion_groove/kellymidicompanion_templates.py,music_brain/groove/templates.py,0.6379,,0.0000,no_valid_candidate_above_threshold
new_file,/Volumes/KmiDi-external/KmiDi_MASTER_VAULTEXTERNAL/KmiDi/legacy/RECOVERY_SOURCE/Datasets_Project/KmiDi/music_brain/kelly_companion/kellymidicompanion_interrogator.py,music_brain/session/interrogator.py,0.7155,music_brain/emotion/emotion_production.py,0.6901,no_valid_candidate_above_threshold
new_file,/Volumes/KmiDi-external/KmiDi_MASTER_VAULTEXTERNAL/KmiDi/legacy/RECOVERY_SOURCE/Datasets_Project/KmiDi/music_brain/kelly_companion/kellymidicompanion_melody_engine.py,music_brain/learning/melody_learning.py,0.6891,music_brain/intelligence/suggestion_engine.py,0.6786,no_valid_candidate_above_threshold
new_file,/Volumes/KmiDi-external/KmiDi_MASTER_VAULTEXTERNAL/KmiDi/legacy/RECOVERY_SOURCE/Datasets_Project/KmiDi/music_brain/kelly_companion/kellymidicompanion_orchestration.py,music_brain/emotion/emotion_production.py,0.7098,music_brain/learning/resources.py,0.6872,no_valid_candidate_above_threshold
new_file,/Volumes/KmiDi-external/KmiDi_MASTER_VAULTEXTERNAL/KmiDi/legacy/RECOVERY_SOURCE/Datasets_Project/KmiDi/music_brain/kelly_companion/kellymidicompanion_pad_engine.py,music_brain/emotion/emotion_production.py,0.6846,music_brain/intelligence/suggestion_engine.py,0.6822,no_valid_candidate_above_threshold
new_file,/Volumes/KmiDi-external/KmiDi_MASTER_VAULTEXTERNAL/KmiDi/legacy/RECOVERY_SOURCE/Datasets_Project/KmiDi/music_brain/kelly_companion/kellymidicompanion_rhythm_engine.py,music_brain/intelligence/suggestion_engine.py,0.6808,music_brain/emotion/emotion_production.py,0.6777,no_valid_candidate_above_threshold
new_file,/Volumes/KmiDi-external/KmiDi_MASTER_VAULTEXTERNAL/KmiDi/legacy/RECOVERY_SOURCE/Datasets_Project/KmiDi/music_brain/kelly_companion/kellymidicompanion_session/kellymidicompanion___init__.py,music_brain/session/__init__.py,0.6408,music_brain/collaboration/__init__.py,0.6219,no_valid_candidate_above_threshold
new_file,/Volumes/KmiDi-external/KmiDi_MASTER_VAULTEXTERNAL/KmiDi/legacy/RECOVERY_SOURCE/Datasets_Project/KmiDi/music_brain/kelly_companion/kellymidicompanion_session/kellymidicompanion_intent_processor.py,music_brain/session/intent_processor.py,0.6842,music_brain/session/intent_schema.py,0.6020,no_valid_candidate_above_threshold
new_file,/Volumes/KmiDi-external/KmiDi_MASTER_VAULTEXTERNAL/KmiDi/legacy/RECOVERY_SOURCE/Datasets_Project/KmiDi/music_brain/kelly_companion/kellymidicompanion_session/kellymidicompanion_intent_schema.py,music_brain/session/intent_schema.py,0.6496,,0.0000,no_valid_candidate_above_threshold
new_file,/Volumes/KmiDi-external/KmiDi_MASTER_VAULTEXTERNAL/KmiDi/legacy/RECOVERY_SOURCE/Datasets_Project/KmiDi/music_brain/kelly_companion/kellymidicompanion_session/kellymidicompanion_teaching.py,music_brain/session/teaching.py,0.6452,music_brain/collaboration/editing.py,0.6046,no_valid_candidate_above_threshold
new_file,/Volumes/KmiDi-external/KmiDi_MASTER_VAULTEXTERNAL/KmiDi/legacy/RECOVERY_SOURCE/Datasets_Project/KmiDi/music_brain/kelly_companion/kellymidicompanion_string_engine.py,music_brain/learning/instruments.py,0.6968,music_brain/collaboration/editing.py,0.6806,no_valid_candidate_above_threshold
new_file,/Volumes/KmiDi-external/KmiDi_MASTER_VAULTEXTERNAL/KmiDi/legacy/RECOVERY_SOURCE/Datasets_Project/KmiDi/music_brain/kelly_companion/kellymidicompanion_tempo_key_adapter.py,music_brain/export/emotion_stem_exporter.py,0.6967,music_brain/collaboration/version_control.py,0.6821,no_valid_candidate_above_threshold
new_file,/Volumes/KmiDi-external/KmiDi_MASTER_VAULTEXTERNAL/KmiDi/legacy/RECOVERY_SOURCE/Datasets_Project/KmiDi/music_brain/kelly_companion/kellymidicompanion_tension_engine.py,music_brain/emotion/emotion_production.py,0.6845,music_brain/learning/expression_learning.py,0.6798,no_valid_candidate_above_threshold
new_file,/Volumes/KmiDi-external/KmiDi_MASTER_VAULTEXTERNAL/KmiDi/legacy/RECOVERY_SOURCE/Datasets_Project/KmiDi/music_brain/kelly_companion/kellymidicompanion_transition_engine.py,music_brain/intelligence/suggestion_engine.py,0.6822,music_brain/learning/expression_learning.py,0.6731,no_valid_candidate_above_threshold
new_file,/Volumes/KmiDi-external/KmiDi_MASTER_VAULTEXTERNAL/KmiDi/legacy/RECOVERY_SOURCE/Datasets_Project/KmiDi/music_brain/kelly_companion/kellymidicompanion_variation_engine.py,music_brain/learning/expression_learning.py,0.6749,music_brain/intelligence/suggestion_engine.py,0.6726,no_valid_candidate_above_threshold
conflict,/Volumes/KmiDi-external/KmiDi_MASTER_VAULTEXTERNAL/KmiDi/legacy/RECOVERY_SOURCE/Datasets_Project/KmiDi/music_brain/kelly_companion/session/intent_processor.py,music_brain/session/intent_processor.py,0.8666,music_brain/session/intent_schema.py,0.7568,ambiguous_or_medium_confidence_heuristic
conflict,/Volumes/KmiDi-external/KmiDi_MASTER_VAULTEXTERNAL/KmiDi/legacy/RECOVERY_SOURCE/Datasets_Project/KmiDi/music_brain/kelly_companion/session/intent_schema.py,music_brain/session/intent_schema.py,0.8438,music_brain/session/intent_processor.py,0.7446,ambiguous_or_medium_confidence_heuristic
conflict,/Volumes/KmiDi-external/KmiDi_MASTER_VAULTEXTERNAL/KmiDi/legacy/RECOVERY_SOURCE/Datasets_Project/KmiDi/music_brain/kelly_companion/session/teaching.py,music_brain/session/teaching.py,0.8666,music_brain/collaboration/editing.py,0.7231,ambiguous_or_medium_confidence_heuristic
new_file,/Volumes/KmiDi-external/KmiDi_MASTER_VAULTEXTERNAL/KmiDi/legacy/RECOVERY_SOURCE/Datasets_Project/KmiDi/music_brain/kelly_companion/utils/harmony_system.py,music_brain/learning/harmony_learning.py,0.7222,music_brain/export/emotion_stem_exporter.py,0.6750,no_valid_candidate_above_threshold
new_file,/Volumes/KmiDi-external/KmiDi_MASTER_VAULTEXTERNAL/KmiDi/legacy/RECOVERY_SOURCE/Datasets_Project/KmiDi/music_brain/kelly_companion/utils/tempo_key_adapter.py,music_brain/collaboration/websocket.py,0.6937,music_brain/arrangement/templates.py,0.6902,no_valid_candidate_above_threshold
candidate_match,/Volumes/KmiDi-external/KmiDi_MASTER_VAULTEXTERNAL/KmiDi/legacy/RECOVERY_SOURCE/Datasets_Project/KmiDi/music_brain/learning/__init__.py,music_brain/learning/__init__.py,0.9952,music_brain/editing/__init__.py,0.8843,high_confidence_heuristic
candidate_match,/Volumes/KmiDi-external/KmiDi_MASTER_VAULTEXTERNAL/KmiDi/legacy/RECOVERY_SOURCE/Datasets_Project/KmiDi/music_brain/learning/music_learning_manager.py,music_brain/learning/music_learning_manager.py,0.9927,music_brain/learning/bass_learning.py,0.8793,high_confidence_heuristic
conflict,/Volumes/KmiDi-external/KmiDi_MASTER_VAULTEXTERNAL/KmiDi/legacy/RECOVERY_SOURCE/Datasets_Project/KmiDi/music_brain/learning/openweight_learning.py,music_brain/learning/groove_learning.py,0.8796,music_brain/learning/harmony_learning.py,0.8767,ambiguous_or_medium_confidence_heuristic
conflict,/Volumes/KmiDi-external/KmiDi_MASTER_VAULTEXTERNAL/KmiDi/legacy/RECOVERY_SOURCE/Datasets_Project/KmiDi/music_brain/lyrics/__init__.py,music_brain/utils/__init__.py,0.8842,music_brain/voice/__init__.py,0.8727,ambiguous_or_medium_confidence_heuristic
conflict,/Volumes/KmiDi-external/KmiDi_MASTER_VAULTEXTERNAL/KmiDi/legacy/RECOVERY_SOURCE/Datasets_Project/KmiDi/music_brain/misc_code/__init__.py,music_brain/emotion/__init__.py,0.8796,music_brain/tier2/__init__.py,0.8749,ambiguous_or_medium_confidence_heuristic
conflict,/Volumes/KmiDi-external/KmiDi_MASTER_VAULTEXTERNAL/KmiDi/legacy/RECOVERY_SOURCE/Datasets_Project/KmiDi/music_brain/misc_code/analyzer.py,music_brain/audio/analyzer.py,0.8598,music_brain/analyzer.py,0.8430,ambiguous_or_medium_confidence_heuristic
conflict,/Volumes/KmiDi-external/KmiDi_MASTER_VAULTEXTERNAL/KmiDi/legacy/RECOVERY_SOURCE/Datasets_Project/KmiDi/music_brain/misc_code/api.py,music_brain/api.py,0.8513,music_brain/daw/reaper.py,0.7625,ambiguous_or_medium_confidence_heuristic
conflict,/Volumes/KmiDi-external/KmiDi_MASTER_VAULTEXTERNAL/KmiDi/legacy/RECOVERY_SOURCE/Datasets_Project/KmiDi/music_brain/misc_code/audio_refinery.py,music_brain/audio/refinery.py,0.8173,music_brain/tier1/audio_generator.py,0.7770,ambiguous_or_medium_confidence_heuristic
conflict,/Volumes/KmiDi-external/KmiDi_MASTER_VAULTEXTERNAL/KmiDi/legacy/RECOVERY_SOURCE/Datasets_Project/KmiDi/music_brain/misc_code/chord_detection.py,music_brain/audio/chord_detection.py,0.8805,tests/music_brain/test_chord_detection.py,0.7608,ambiguous_or_medium_confidence_heuristic
new_file,/Volumes/KmiDi-external/KmiDi_MASTER_VAULTEXTERNAL/KmiDi/legacy/RECOVERY_SOURCE/Datasets_Project/KmiDi/music_brain/misc_code/effects.py,music_brain/agents/events.py,0.7424,music_brain/structure/sections.py,0.7316,no_valid_candidate_above_threshold
conflict,/Volumes/KmiDi-external/KmiDi_MASTER_VAULTEXTERNAL/KmiDi/legacy/RECOVERY_SOURCE/Datasets_Project/KmiDi/music_brain/misc_code/feel.py,music_brain/audio/feel.py,0.8812,music_brain/cli.py,0.7387,ambiguous_or_medium_confidence_heuristic
new_file,/Volumes/KmiDi-external/KmiDi_MASTER_VAULTEXTERNAL/KmiDi/legacy/RECOVERY_SOURCE/Datasets_Project/KmiDi/music_brain/misc_code/freesound_downloader.py,music_brain/audio/reference_dna.py,0.7126,music_brain/voice/auto_tune.py,0.7006,no_valid_candidate_above_threshold
conflict,/Volumes/KmiDi-external/KmiDi_MASTER_VAULTEXTERNAL/KmiDi/legacy/RECOVERY_SOURCE/Datasets_Project/KmiDi/music_brain/misc_code/frequency.py,music_brain/audio/frequency_analysis.py,0.7818,music_brain/audio/feel.py,0.7499,ambiguous_or_medium_confidence_heuristic
conflict,/Volumes/KmiDi-external/KmiDi_MASTER_VAULTEXTERNAL/KmiDi/legacy/RECOVERY_SOURCE/Datasets_Project/KmiDi/music_brain/misc_code/functions.py,music_brain/structure/sections.py,0.7901,music_brain/voice/modulator.py,0.7506,ambiguous_or_medium_confidence_heuristic
new_file,/Volumes/KmiDi-external/KmiDi_MASTER_VAULTEXTERNAL/KmiDi/legacy/RECOVERY_SOURCE/Datasets_Project/KmiDi/music_brain/misc_code/generate_demo_samples.py,music_brain/voice/__init__.py,0.7194,music_brain/session/melody_generator.py,0.7181,no_valid_candidate_above_threshold
new_file,/Volumes/KmiDi-external/KmiDi_MASTER_VAULTEXTERNAL/KmiDi/legacy/RECOVERY_SOURCE/Datasets_Project/KmiDi/music_brain/misc_code/guitar_fx.py,music_brain/voice/modulator.py,0.7335,music_brain/voice/parrot.py,0.7243,no_valid_candidate_above_threshold
new_file,/Volumes/KmiDi-external/KmiDi_MASTER_VAULTEXTERNAL/KmiDi/legacy/RECOVERY_SOURCE/Datasets_Project/KmiDi/music_brain/misc_code/macos_speech.py,music_brain/audio/chord_detection.py,0.7353,music_brain/voice/modulator.py,0.7349,no_valid_candidate_above_threshold
conflict,/Volumes/KmiDi-external/KmiDi_MASTER_VAULTEXTERNAL/KmiDi/legacy/RECOVERY_SOURCE/Datasets_Project/KmiDi/music_brain/misc_code/modulator.py,music_brain/voice/modulator.py,0.8662,music_brain/voice/auto_tune.py,0.7471,ambiguous_or_medium_confidence_heuristic
new_file,/Volumes/KmiDi-external/KmiDi_MASTER_VAULTEXTERNAL/KmiDi/legacy/RECOVERY_SOURCE/Datasets_Project/KmiDi/music_brain/misc_code/mvp_test.py,music_brain/groove/templates.py,0.7373,music_brain/voice/auto_tune.py,0.7229,no_valid_candidate_above_threshold
conflict,/Volumes/KmiDi-external/KmiDi_MASTER_VAULTEXTERNAL/KmiDi/legacy/RECOVERY_SOURCE/Datasets_Project/KmiDi/music_brain/misc_code/neural_voice.py,music_brain/voice/neural_backend.py,0.7898,music_brain/voice/singing_voice.py,0.7626,ambiguous_or_medium_confidence_heuristic
conflict,/Volumes/KmiDi-external/KmiDi_MASTER_VAULTEXTERNAL/KmiDi/legacy/RECOVERY_SOURCE/Datasets_Project/KmiDi/music_brain/misc_code/parrot.py,music_brain/voice/parrot.py,0.8711,music_brain/daw/pro_tools.py,0.7443,ambiguous_or_medium_confidence_heuristic
conflict,/Volumes/KmiDi-external/KmiDi_MASTER_VAULTEXTERNAL/KmiDi/legacy/RECOVERY_SOURCE/Datasets_Project/KmiDi/music_brain/misc_code/synthesis.py,music_brain/voice/synthesizer.py,0.8564,music_brain/voice/synth.py,0.8018,ambiguous_or_medium_confidence_heuristic
conflict,/Volumes/KmiDi-external/KmiDi_MASTER_VAULTEXTERNAL/KmiDi/legacy/RECOVERY_SOURCE/Datasets_Project/KmiDi/music_brain/misc_code/synthesizer.py,music_brain/voice/synthesizer.py,0.8725,music_brain/voice/singing_synthesizer.py,0.8062,ambiguous_or_medium_confidence_heuristic
new_file,/Volumes/KmiDi-external/KmiDi_MASTER_VAULTEXTERNAL/KmiDi/legacy/RECOVERY_SOURCE/Datasets_Project/KmiDi/music_brain/misc_code/test_app_integration.py,tests/music_brain/test_daw_integration.py,0.7482,tests/music_brain/test_penta_core_integration.py,0.7467,no_valid_candidate_above_threshold
new_file,/Volumes/KmiDi-external/KmiDi_MASTER_VAULTEXTERNAL/KmiDi/legacy/RECOVERY_SOURCE/Datasets_Project/KmiDi/music_brain/misc_code/test_audio_analysis.py,music_brain/audio/frequency_analysis.py,0.7332,music_brain/groove/drum_analysis.py,0.7304,no_valid_candidate_above_threshold
new_file,/Volumes/KmiDi-external/KmiDi_MASTER_VAULTEXTERNAL/KmiDi/legacy/RECOVERY_SOURCE/Datasets_Project/KmiDi/music_brain/misc_code/test_audio_analyzer.py,music_brain/audio/analyzer.py,0.7377,music_brain/voice/auto_tune.py,0.7322,no_valid_candidate_above_threshold
conflict,/Volumes/KmiDi-external/KmiDi_MASTER_VAULTEXTERNAL/KmiDi/legacy/RECOVERY_SOURCE/Datasets_Project/KmiDi/music_brain/misc_code/theory_analyzer.py,music_brain/audio/analyzer.py,0.7778,music_brain/analyzer.py,0.7591,ambiguous_or_medium_confidence_heuristic
conflict,/Volumes/KmiDi-external/KmiDi_MASTER_VAULTEXTERNAL/KmiDi/legacy/RECOVERY_SOURCE/Datasets_Project/KmiDi/music_brain/mobile/ios_audio_unit.py,music_brain/tier1/audio_generator.py,0.7845,music_brain/voice/auto_tune.py,0.7832,ambiguous_or_medium_confidence_heuristic
candidate_match,/Volumes/KmiDi-external/KmiDi_MASTER_VAULTEXTERNAL/KmiDi/legacy/RECOVERY_SOURCE/Datasets_Project/KmiDi/music_brain/orchestrator/__init__.py,music_brain/orchestrator/__init__.py,0.9941,music_brain/orchestrator/processors/__init__.py,0.8935,high_confidence_heuristic
conflict,/Volumes/KmiDi-external/KmiDi_MASTER_VAULTEXTERNAL/KmiDi/legacy/RECOVERY_SOURCE/Datasets_Project/KmiDi/music_brain/penta_core/__init__.py,music_brain/data/__init__.py,0.8621,music_brain/text/__init__.py,0.8533,ambiguous_or_medium_confidence_heuristic
conflict,/Volumes/KmiDi-external/KmiDi_MASTER_VAULTEXTERNAL/KmiDi/legacy/RECOVERY_SOURCE/Datasets_Project/KmiDi/music_brain/penta_core/dsp/__init__.py,python/penta_core/dsp/__init__.py,0.8557,music_brain/interactive/__init__.py,0.8439,ambiguous_or_medium_confidence_heuristic
conflict,/Volumes/KmiDi-external/KmiDi_MASTER_VAULTEXTERNAL/KmiDi/legacy/RECOVERY_SOURCE/Datasets_Project/KmiDi/music_brain/penta_core/groove_penta/__init__.py,music_brain/groove/__init__.py,0.8499,python/penta_core/groove/__init__.py,0.8389,ambiguous_or_medium_confidence_heuristic
conflict,/Volumes/KmiDi-external/KmiDi_MASTER_VAULTEXTERNAL/KmiDi/legacy/RECOVERY_SOURCE/Datasets_Project/KmiDi/music_brain/penta_core/harmony/__init__.py,python/penta_core/harmony/__init__.py,0.8444,music_brain/interactive/__init__.py,0.8379,ambiguous_or_medium_confidence_heuristic
conflict,/Volumes/KmiDi-external/KmiDi_MASTER_VAULTEXTERNAL/KmiDi/legacy/RECOVERY_SOURCE/Datasets_Project/KmiDi/music_brain/penta_core/ml/__init__.py,python/penta_core/ml/__init__.py,0.8491,music_brain/structure/__init__.py,0.8418,ambiguous_or_medium_confidence_heuristic
conflict,/Volumes/KmiDi-external/KmiDi_MASTER_VAULTEXTERNAL/KmiDi/legacy/RECOVERY_SOURCE/Datasets_Project/KmiDi/music_brain/penta_core/ml/audio_dataset.py,python/penta_core/ml/audio_dataset.py,0.8500,ML Kelly Training/backup/python/penta_core/ml/audio_dataset.py,0.7994,ambiguous_or_medium_confidence_heuristic
conflict,/Volumes/KmiDi-external/KmiDi_MASTER_VAULTEXTERNAL/KmiDi/legacy/RECOVERY_SOURCE/Datasets_Project/KmiDi/music_brain/penta_core/ml/audio_downloader.py,python/penta_core/ml/datasets/audio_downloader.py,0.8000,ML Kelly Training/backup/python/penta_core/ml/datasets/audio_downloader.py,0.7710,ambiguous_or_medium_confidence_heuristic
conflict,/Volumes/KmiDi-external/KmiDi_MASTER_VAULTEXTERNAL/KmiDi/legacy/RECOVERY_SOURCE/Datasets_Project/KmiDi/music_brain/penta_core/ml/augmentation.py,python/penta_core/ml/augmentation.py,0.8500,python/penta_core/ml/training/augmentation.py,0.7979,ambiguous_or_medium_confidence_heuristic
conflict,/Volumes/KmiDi-external/KmiDi_MASTER_VAULTEXTERNAL/KmiDi/legacy/RECOVERY_SOURCE/Datasets_Project/KmiDi/music_brain/penta_core/ml/chord_predictor.py,python/penta_core/ml/chord_predictor.py,0.8499,music_brain/audio/chord_detection.py,0.7627,ambiguous_or_medium_confidence_heuristic
conflict,/Volumes/KmiDi-external/KmiDi_MASTER_VAULTEXTERNAL/KmiDi/legacy/RECOVERY_SOURCE/Datasets_Project/KmiDi/music_brain/penta_core/ml/export.py,python/penta_core/ml/export.py,0.8451,music_brain/daw/reaper.py,0.7358,ambiguous_or_medium_confidence_heuristic
conflict,/Volumes/KmiDi-external/KmiDi_MASTER_VAULTEXTERNAL/KmiDi/legacy/RECOVERY_SOURCE/Datasets_Project/KmiDi/music_brain/penta_core/ml/inference.py,python/penta_core/ml/inference.py,0.8500,music_brain/audio/reference_dna.py,0.7450,ambiguous_or_medium_confidence_heuristic
conflict,/Volumes/KmiDi-external/KmiDi_MASTER_VAULTEXTERNAL/KmiDi/legacy/RECOVERY_SOURCE/Datasets_Project/KmiDi/music_brain/penta_core/ml/losses.py,python/penta_core/ml/losses.py,0.8500,python/penta_core/ml/training/losses.py,0.7950,ambiguous_or_medium_confidence_heuristic
new_file,/Volumes/KmiDi-external/KmiDi_MASTER_VAULTEXTERNAL/KmiDi/legacy/RECOVERY_SOURCE/Datasets_Project/KmiDi/music_brain/penta_core/ml/m4_training_orchestrator.py,music_brain/orchestrator/orchestrator.py,0.7375,music_brain/tier1/midi_generator.py,0.7045,no_valid_candidate_above_threshold
conflict,/Volumes/KmiDi-external/KmiDi_MASTER_VAULTEXTERNAL/KmiDi/legacy/RECOVERY_SOURCE/Datasets_Project/KmiDi/music_brain/penta_core/ml/style_transfer.py,python/penta_core/ml/style_transfer.py,0.8500,music_brain/agents/telemetry.py,0.7097,ambiguous_or_medium_confidence_heuristic
conflict,/Volumes/KmiDi-external/KmiDi_MASTER_VAULTEXTERNAL/KmiDi/legacy/RECOVERY_SOURCE/Datasets_Project/KmiDi/music_brain/penta_core/ml/synthetic.py,python/penta_core/ml/datasets/synthetic.py,0.7866,ML Kelly Training/backup/python/penta_core/ml/datasets/synthetic.py,0.7586,ambiguous_or_medium_confidence_heuristic
new_file,/Volumes/KmiDi-external/KmiDi_MASTER_VAULTEXTERNAL/KmiDi/legacy/RECOVERY_SOURCE/Datasets_Project/KmiDi/music_brain/penta_core/ml/unified_emotion.py,music_brain/agents/unified_hub.py,0.7230,python/penta_core/rules/emotion.py,0.6976,no_valid_candidate_above_threshold
conflict,/Volumes/KmiDi-external/KmiDi_MASTER_VAULTEXTERNAL/KmiDi/legacy/RECOVERY_SOURCE/Datasets_Project/KmiDi/music_brain/penta_core/ml/validation.py,python/penta_core/ml/datasets/validation.py,0.8000,ML Kelly Training/backup/python/penta_core/ml/datasets/validation.py,0.7721,ambiguous_or_medium_confidence_heuristic
conflict,/Volumes/KmiDi-external/KmiDi_MASTER_VAULTEXTERNAL/KmiDi/legacy/RECOVERY_SOURCE/Datasets_Project/KmiDi/music_brain/penta_core/server.py,python/penta_core/server.py,0.8252,mcp_penta_swarm/server.py,0.7915,ambiguous_or_medium_confidence_heuristic
candidate_match,/Volumes/KmiDi-external/KmiDi_MASTER_VAULTEXTERNAL/KmiDi/legacy/RECOVERY_SOURCE/Datasets_Project/KmiDi/music_brain/production/drum_humanizer.py,music_brain/production/drum_humanizer.py,0.9677,music_brain/groove/drum_humanizer.py,0.8589,high_confidence_heuristic
candidate_match,/Volumes/KmiDi-external/KmiDi_MASTER_VAULTEXTERNAL/KmiDi/legacy/RECOVERY_SOURCE/Datasets_Project/KmiDi/music_brain/production/dynamics_engine.py,music_brain/production/dynamics_engine.py,0.9618,music_brain/production/drum_humanizer.py,0.7822,high_confidence_heuristic
candidate_match,/Volumes/KmiDi-external/KmiDi_MASTER_VAULTEXTERNAL/KmiDi/legacy/RECOVERY_SOURCE/Datasets_Project/KmiDi/music_brain/session/__init__.py,music_brain/session/__init__.py,0.9895,music_brain/audio/__init__.py,0.8996,high_confidence_heuristic
candidate_match,/Volumes/KmiDi-external/KmiDi_MASTER_VAULTEXTERNAL/KmiDi/legacy/RECOVERY_SOURCE/Datasets_Project/KmiDi/music_brain/session/intent_schema.py,music_brain/session/intent_schema.py,0.9947,music_brain/session/intent_processor.py,0.8772,high_confidence_heuristic
conflict,/Volumes/KmiDi-external/KmiDi_MASTER_VAULTEXTERNAL/KmiDi/legacy/RECOVERY_SOURCE/Datasets_Project/KmiDi/music_brain/session/ml_melody_generator.py,music_brain/session/melody_generator.py,0.9327,music_brain/session/generator.py,0.9085,ambiguous_or_medium_confidence_heuristic
candidate_match,/Volumes/KmiDi-external/KmiDi_MASTER_VAULTEXTERNAL/KmiDi/legacy/RECOVERY_SOURCE/Datasets_Project/KmiDi/music_brain/structure/comprehensive_engine.py,music_brain/structure/comprehensive_engine.py,0.9778,music_brain/structure/progression.py,0.8210,high_confidence_heuristic
conflict,/Volumes/KmiDi-external/KmiDi_MASTER_VAULTEXTERNAL/KmiDi/legacy/RECOVERY_SOURCE/Datasets_Project/KmiDi/music_brain/theory/theory_analyzer.py,music_brain/analyzer.py,0.7911,music_brain/audio/analyzer.py,0.7805,ambiguous_or_medium_confidence_heuristic
conflict,/Volumes/KmiDi-external/KmiDi_MASTER_VAULTEXTERNAL/KmiDi/legacy/RECOVERY_SOURCE/Datasets_Project/KmiDi/music_brain/tier1/__init__.py,music_brain/tier1/__init__.py,0.9688,music_brain/tier2/__init__.py,0.9414,ambiguous_or_medium_confidence_heuristic
conflict,/Volumes/KmiDi-external/KmiDi_MASTER_VAULTEXTERNAL/KmiDi/legacy/RECOVERY_SOURCE/Datasets_Project/KmiDi/music_brain/utils/import_optimization.py,music_brain/mac_optimization.py,0.8071,music_brain/utils/midi_io.py,0.7931,ambiguous_or_medium_confidence_heuristic
conflict,/Volumes/KmiDi-external/KmiDi_MASTER_VAULTEXTERNAL/KmiDi/legacy/RECOVERY_SOURCE/Datasets_Project/KmiDi/music_brain/visualization/spectocloud.py,music_brain/visualization/emotion_trajectory.py,0.7824,music_brain/visualization/__init__.py,0.7462,ambiguous_or_medium_confidence_heuristic
conflict,/Volumes/KmiDi-external/KmiDi_MASTER_VAULTEXTERNAL/KmiDi/legacy/RECOVERY_SOURCE/Datasets_Project/KmiDi/music_brain/vocal/parrot.py,music_brain/voice/parrot.py,0.9129,music_brain/daw/pro_tools.py,0.7849,ambiguous_or_medium_confidence_heuristic
conflict,/Volumes/KmiDi-external/KmiDi_MASTER_VAULTEXTERNAL/KmiDi/legacy/RECOVERY_SOURCE/Datasets_Project/KmiDi/music_brain/vocal/phonemes.py,music_brain/voice/phoneme_processor.py,0.8197,music_brain/voice/auto_tune.py,0.7802,ambiguous_or_medium_confidence_heuristic
conflict,/Volumes/KmiDi-external/KmiDi_MASTER_VAULTEXTERNAL/KmiDi/legacy/RECOVERY_SOURCE/Datasets_Project/KmiDi/music_brain/vocal/synthesis.py,music_brain/voice/synthesizer.py,0.8982,music_brain/voice/synth.py,0.8436,ambiguous_or_medium_confidence_heuristic
conflict,/Volumes/KmiDi-external/KmiDi_MASTER_VAULTEXTERNAL/KmiDi/legacy/RECOVERY_SOURCE/Datasets_Project/KmiDi/music_brain/voice/macos_speech.py,music_brain/voice/modulator.py,0.8296,music_brain/voice/singing_synthesizer.py,0.8237,ambiguous_or_medium_confidence_heuristic
candidate_match,/Volumes/KmiDi-external/KmiDi_MASTER_VAULTEXTERNAL/KmiDi/legacy/RECOVERY_SOURCE/Datasets_Project/KmiDi/music_brain/voice/modulator.py,music_brain/voice/modulator.py,0.9609,music_brain/voice/auto_tune.py,0.8418,high_confidence_heuristic
conflict,/Volumes/KmiDi-external/KmiDi_MASTER_VAULTEXTERNAL/KmiDi/legacy/RECOVERY_SOURCE/Datasets_Project/KmiDi/music_brain/voice/neural_voice.py,music_brain/voice/neural_backend.py,0.8845,music_brain/voice/singing_voice.py,0.8573,ambiguous_or_medium_confidence_heuristic
conflict,/Volumes/KmiDi-external/KmiDi_MASTER_VAULTEXTERNAL/KmiDi/legacy/RECOVERY_SOURCE/Datasets_Project/KmiDi/music_brain/voice/presets.py,music_brain/voice/synth.py,0.8592,music_brain/voice/parrot.py,0.8471,ambiguous_or_medium_confidence_heuristic
candidate_match,/Volumes/KmiDi-external/KmiDi_MASTER_VAULTEXTERNAL/KmiDi/legacy/RECOVERY_SOURCE/Datasets_Project/KmiDi/music_brain/voice/synthesizer.py,music_brain/voice/synthesizer.py,0.9673,music_brain/voice/singing_synthesizer.py,0.9009,high_confidence_heuristic
conflict,/Volumes/KmiDi-external/KmiDi_MASTER_VAULTEXTERNAL/KmiDi/legacy/RECOVERY_SOURCE/Datasets_Project/KmiDi/one_shot_audit.sh,cleanup_and_fix_gitignore.sh,0.8025,.copilot-sync.sh,0.7709,ambiguous_or_medium_confidence_heuristic
conflict,/Volumes/KmiDi-external/KmiDi_MASTER_VAULTEXTERNAL/KmiDi/legacy/RECOVERY_SOURCE/Datasets_Project/KmiDi/optimize_cloud_sync.sh,.copilot-sync.sh,0.8636,cleanup_unnecessary_files.sh,0.7917,ambiguous_or_medium_confidence_heuristic
candidate_match,/Volumes/KmiDi-external/KmiDi_MASTER_VAULTEXTERNAL/KmiDi/legacy/RECOVERY_SOURCE/Datasets_Project/KmiDi/package.json,package.json,0.9749,tsconfig.json,0.8371,high_confidence_heuristic
new_file,/Volumes/KmiDi-external/KmiDi_MASTER_VAULTEXTERNAL/KmiDi/legacy/RECOVERY_SOURCE/Datasets_Project/KmiDi/penta_build/CMakeLists.txt,build_fileio/CMakeLists.txt,0.7451,src_penta-core/CMakeLists.txt,0.7225,no_valid_candidate_above_threshold
new_file,/Volumes/KmiDi-external/KmiDi_MASTER_VAULTEXTERNAL/KmiDi/legacy/RECOVERY_SOURCE/Datasets_Project/KmiDi/penta_build/penta_core_tests_include-b12d07c.cmake,,0.0000,,0.0000,no_candidate
new_file,/Volumes/KmiDi-external/KmiDi_MASTER_VAULTEXTERNAL/KmiDi/legacy/RECOVERY_SOURCE/Datasets_Project/KmiDi/pytest.ini,,0.0000,,0.0000,no_candidate
conflict,/Volumes/KmiDi-external/KmiDi_MASTER_VAULTEXTERNAL/KmiDi/legacy/RECOVERY_SOURCE/Datasets_Project/KmiDi/python/config_loader.py,python/setup.py,0.7522,configs/config_loader.py,0.6875,ambiguous_or_medium_confidence_heuristic
conflict,/Volumes/KmiDi-external/KmiDi_MASTER_VAULTEXTERNAL/KmiDi/legacy/RECOVERY_SOURCE/Datasets_Project/KmiDi/python/kmidi_env.py,python/setup.py,0.7736,tests/python/test_midi_generator.py,0.6995,ambiguous_or_medium_confidence_heuristic
candidate_match,/Volumes/KmiDi-external/KmiDi_MASTER_VAULTEXTERNAL/KmiDi/legacy/RECOVERY_SOURCE/Datasets_Project/KmiDi/python/penta_core/ml/__init__.py,python/penta_core/ml/__init__.py,0.9885,python/penta_core/__init__.py,0.9300,high_confidence_heuristic
conflict,/Volumes/KmiDi-external/KmiDi_MASTER_VAULTEXTERNAL/KmiDi/legacy/RECOVERY_SOURCE/Datasets_Project/KmiDi/python/penta_core/ml/ai_service.py,python/penta_core/ml/inference.py,0.8873,python/penta_core/server.py,0.8762,ambiguous_or_medium_confidence_heuristic
candidate_match,/Volumes/KmiDi-external/KmiDi_MASTER_VAULTEXTERNAL/KmiDi/legacy/RECOVERY_SOURCE/Datasets_Project/KmiDi/python/penta_core/ml/async_inference.py,python/penta_core/ml/inference.py,0.9303,python/penta_core/ml/style_transfer.py,0.8331,high_confidence_heuristic
conflict,/Volumes/KmiDi-external/KmiDi_MASTER_VAULTEXTERNAL/KmiDi/legacy/RECOVERY_SOURCE/Datasets_Project/KmiDi/python/penta_core/ml/dynamics_training.py,python/penta_core/ml/style_transfer.py,0.8356,python/penta_core/ml/model_registry.py,0.8262,ambiguous_or_medium_confidence_heuristic
conflict,/Volumes/KmiDi-external/KmiDi_MASTER_VAULTEXTERNAL/KmiDi/legacy/RECOVERY_SOURCE/Datasets_Project/KmiDi/python/penta_core/ml/health.py,python/penta_core/ml/export.py,0.8532,python/penta_core/ml/model_registry.py,0.8382,ambiguous_or_medium_confidence_heuristic
candidate_match,/Volumes/KmiDi-external/KmiDi_MASTER_VAULTEXTERNAL/KmiDi/legacy/RECOVERY_SOURCE/Datasets_Project/KmiDi/python/penta_core/ml/inference.py,python/penta_core/ml/inference.py,0.9931,python/penta_core/server.py,0.8288,high_confidence_heuristic
conflict,/Volumes/KmiDi-external/KmiDi_MASTER_VAULTEXTERNAL/KmiDi/legacy/RECOVERY_SOURCE/Datasets_Project/KmiDi/python/penta_core/ml/inference_batching.py,python/penta_core/ml/inference.py,0.9181,python/penta_core/ml/augmentation.py,0.8272,ambiguous_or_medium_confidence_heuristic
conflict,/Volumes/KmiDi-external/KmiDi_MASTER_VAULTEXTERNAL/KmiDi/legacy/RECOVERY_SOURCE/Datasets_Project/KmiDi/python/penta_core/ml/metrics.py,python/penta_core/ml/inference.py,0.8631,python/penta_core/ml/model_registry.py,0.8548,ambiguous_or_medium_confidence_heuristic
candidate_match,/Volumes/KmiDi-external/KmiDi_MASTER_VAULTEXTERNAL/KmiDi/legacy/RECOVERY_SOURCE/Datasets_Project/KmiDi/python/penta_core/ml/model_registry.py,python/penta_core/ml/model_registry.py,0.9819,python/penta_core/ml/chord_predictor.py,0.8665,high_confidence_heuristic
conflict,/Volumes/KmiDi-external/KmiDi_MASTER_VAULTEXTERNAL/KmiDi/legacy/RECOVERY_SOURCE/Datasets_Project/KmiDi/python/penta_core/ml/monitoring.py,python/penta_core/ml/chord_predictor.py,0.8505,python/penta_core/ml/model_registry.py,0.8501,ambiguous_or_medium_confidence_heuristic
conflict,/Volumes/KmiDi-external/KmiDi_MASTER_VAULTEXTERNAL/KmiDi/legacy/RECOVERY_SOURCE/Datasets_Project/KmiDi/python/penta_core/ml/resource_manager.py,python/penta_core/ml/style_transfer.py,0.8609,python/penta_core/ml/inference.py,0.8273,ambiguous_or_medium_confidence_heuristic
conflict,/Volumes/KmiDi-external/KmiDi_MASTER_VAULTEXTERNAL/KmiDi/legacy/RECOVERY_SOURCE/Datasets_Project/KmiDi/python/penta_core/ml/training_inference_bridge.py,python/penta_core/ml/inference.py,0.8704,python/penta_core/ml/style_transfer.py,0.8292,ambiguous_or_medium_confidence_heuristic
conflict,/Volumes/KmiDi-external/KmiDi_MASTER_VAULTEXTERNAL/KmiDi/legacy/RECOVERY_SOURCE/Datasets_Project/KmiDi/python/penta_core/ml/training_orchestrator.py,python/penta_core/ml/style_transfer.py,0.8018,python/penta_core/ml/inference.py,0.7982,ambiguous_or_medium_confidence_heuristic
conflict,/Volumes/KmiDi-external/KmiDi_MASTER_VAULTEXTERNAL/KmiDi/legacy/RECOVERY_SOURCE/Datasets_Project/KmiDi/quarantine_directory.sh,cleanup_and_fix_gitignore.sh,0.7846,cleanup_unnecessary_files.sh,0.7774,ambiguous_or_medium_confidence_heuristic
conflict,/Volumes/KmiDi-external/KmiDi_MASTER_VAULTEXTERNAL/KmiDi/legacy/RECOVERY_SOURCE/Datasets_Project/KmiDi/quarantine_directory_git_safe.sh,cleanup_unnecessary_files.sh,0.8212,cleanup_and_fix_gitignore.sh,0.7909,ambiguous_or_medium_confidence_heuristic
conflict,/Volumes/KmiDi-external/KmiDi_MASTER_VAULTEXTERNAL/KmiDi/legacy/RECOVERY_SOURCE/Datasets_Project/KmiDi/quarantine_move.sh,cleanup_and_fix_gitignore.sh,0.8243,cleanup_unnecessary_files.sh,0.7833,ambiguous_or_medium_confidence_heuristic
conflict,/Volumes/KmiDi-external/KmiDi_MASTER_VAULTEXTERNAL/KmiDi/legacy/RECOVERY_SOURCE/Datasets_Project/KmiDi/restore_git_tracked_files.sh,cleanup_unnecessary_files.sh,0.8231,cleanup_and_fix_gitignore.sh,0.7857,ambiguous_or_medium_confidence_heuristic
conflict,/Volumes/KmiDi-external/KmiDi_MASTER_VAULTEXTERNAL/KmiDi/legacy/RECOVERY_SOURCE/Datasets_Project/KmiDi/scripts/apply_folder_colors.sh,scripts/install_macos.sh,0.8164,scripts/sync_with_origin.sh,0.8050,ambiguous_or_medium_confidence_heuristic
conflict,/Volumes/KmiDi-external/KmiDi_MASTER_VAULTEXTERNAL/KmiDi/legacy/RECOVERY_SOURCE/Datasets_Project/KmiDi/scripts/create_all_markers.sh,scripts/install_macos.sh,0.8589,scripts/setup_ml_env.sh,0.8133,ambiguous_or_medium_confidence_heuristic
conflict,/Volumes/KmiDi-external/KmiDi_MASTER_VAULTEXTERNAL/KmiDi/legacy/RECOVERY_SOURCE/Datasets_Project/KmiDi/scripts/dev-setup.sh,scripts/setup_ml_env.sh,0.8322,scripts/copilot-claude-sync.sh,0.8093,ambiguous_or_medium_confidence_heuristic
conflict,/Volumes/KmiDi-external/KmiDi_MASTER_VAULTEXTERNAL/KmiDi/legacy/RECOVERY_SOURCE/Datasets_Project/KmiDi/scripts/load-env.sh,scripts/copilot-claude-sync.sh,0.8337,scripts/setup_ml_env.sh,0.8269,ambiguous_or_medium_confidence_heuristic
new_file,/Volumes/KmiDi-external/KmiDi_MASTER_VAULTEXTERNAL/KmiDi/legacy/RECOVERY_SOURCE/Datasets_Project/KmiDi/scripts/mcp/mcp_penta_swarm/README.md,docs/penta_core/README.md,0.7451,python/penta_core/teachers/README.md,0.6951,no_valid_candidate_above_threshold
conflict,/Volumes/KmiDi-external/KmiDi_MASTER_VAULTEXTERNAL/KmiDi/legacy/RECOVERY_SOURCE/Datasets_Project/KmiDi/scripts/mcp/mcp_penta_swarm/__main__.py,mcp_penta_swarm/__main__.py,0.8689,mcp_penta_swarm/__init__.py,0.7827,ambiguous_or_medium_confidence_heuristic
conflict,/Volumes/KmiDi-external/KmiDi_MASTER_VAULTEXTERNAL/KmiDi/legacy/RECOVERY_SOURCE/Datasets_Project/KmiDi/scripts/mcp/mcp_penta_swarm/server.py,mcp_penta_swarm/server.py,0.8706,python/penta_core/server.py,0.7537,ambiguous_or_medium_confidence_heuristic
conflict,/Volumes/KmiDi-external/KmiDi_MASTER_VAULTEXTERNAL/KmiDi/legacy/RECOVERY_SOURCE/Datasets_Project/KmiDi/scripts/migrate_all_missing.sh,scripts/install_macos.sh,0.8594,scripts/install_linux.sh,0.8533,ambiguous_or_medium_confidence_heuristic
conflict,/Volumes/KmiDi-external/KmiDi_MASTER_VAULTEXTERNAL/KmiDi/legacy/RECOVERY_SOURCE/Datasets_Project/KmiDi/scripts/migrate_all_sources.sh,scripts/install_macos.sh,0.8490,scripts/install_linux.sh,0.8385,ambiguous_or_medium_confidence_heuristic
conflict,/Volumes/KmiDi-external/KmiDi_MASTER_VAULTEXTERNAL/KmiDi/legacy/RECOVERY_SOURCE/Datasets_Project/KmiDi/scripts/migrate_missing_files.sh,scripts/install_macos.sh,0.8059,scripts/start_music_brain_api.sh,0.8053,ambiguous_or_medium_confidence_heuristic
conflict,/Volumes/KmiDi-external/KmiDi_MASTER_VAULTEXTERNAL/KmiDi/legacy/RECOVERY_SOURCE/Datasets_Project/KmiDi/scripts/migrate_sources.sh,scripts/install_macos.sh,0.8123,scripts/install_linux.sh,0.8057,ambiguous_or_medium_confidence_heuristic
conflict,/Volumes/KmiDi-external/KmiDi_MASTER_VAULTEXTERNAL/KmiDi/legacy/RECOVERY_SOURCE/Datasets_Project/KmiDi/scripts/pre-commit-hook.sh,scripts/sync_with_origin.sh,0.8261,scripts/overwrite-local-kmidi.sh,0.7993,ambiguous_or_medium_confidence_heuristic
conflict,/Volumes/KmiDi-external/KmiDi_MASTER_VAULTEXTERNAL/KmiDi/legacy/RECOVERY_SOURCE/Datasets_Project/KmiDi/scripts/profile_imports.py,scripts/pocket_rules.py,0.8274,scripts/groove_tools.py,0.8167,ambiguous_or_medium_confidence_heuristic
new_file,/Volumes/KmiDi-external/KmiDi_MASTER_VAULTEXTERNAL/KmiDi/legacy/RECOVERY_SOURCE/Datasets_Project/KmiDi/scripts/reference/kelly_companion_build_script.sh,scripts/build_macos_app.sh,0.6202,scripts/install_macos.sh,0.6155,no_valid_candidate_above_threshold
conflict,/Volumes/KmiDi-external/KmiDi_MASTER_VAULTEXTERNAL/KmiDi/legacy/RECOVERY_SOURCE/Datasets_Project/KmiDi/scripts/setup-env.sh,scripts/setup_ml_env.sh,0.9143,scripts/install_linux.sh,0.8163,ambiguous_or_medium_confidence_heuristic
conflict,/Volumes/KmiDi-external/KmiDi_MASTER_VAULTEXTERNAL/KmiDi/legacy/RECOVERY_SOURCE/Datasets_Project/KmiDi/scripts/setup_build.sh,scripts/setup_ml_env.sh,0.8784,scripts/install_macos.sh,0.8193,ambiguous_or_medium_confidence_heuristic
conflict,/Volumes/KmiDi-external/KmiDi_MASTER_VAULTEXTERNAL/KmiDi/legacy/RECOVERY_SOURCE/Datasets_Project/KmiDi/scripts/test_collaboration.py,scripts/common.py,0.8356,scripts/pretrain_foundation.py,0.8203,ambiguous_or_medium_confidence_heuristic
conflict,/Volumes/KmiDi-external/KmiDi_MASTER_VAULTEXTERNAL/KmiDi/legacy/RECOVERY_SOURCE/Datasets_Project/KmiDi/scripts/test_cpp_bridge.py,scripts/verify_cpp_consistency.py,0.8416,scripts/validate_merge.py,0.8371,ambiguous_or_medium_confidence_heuristic
conflict,/Volumes/KmiDi-external/KmiDi_MASTER_VAULTEXTERNAL/KmiDi/legacy/RECOVERY_SOURCE/Datasets_Project/KmiDi/scripts/test_emotion_mapping.py,scripts/auto_emotion_sampler.py,0.8572,scripts/quickstart_training.py,0.8283,ambiguous_or_medium_confidence_heuristic
conflict,/Volumes/KmiDi-external/KmiDi_MASTER_VAULTEXTERNAL/KmiDi/legacy/RECOVERY_SOURCE/Datasets_Project/KmiDi/scripts/test_export.py,scripts/therapy.py,0.8336,scripts/auto_enhance_exposure.py,0.8324,ambiguous_or_medium_confidence_heuristic
conflict,/Volumes/KmiDi-external/KmiDi_MASTER_VAULTEXTERNAL/KmiDi/legacy/RECOVERY_SOURCE/Datasets_Project/KmiDi/scripts/test_intent_midi.py,scripts/train_tier2_lora.py,0.8258,scripts/train_model.py,0.8249,ambiguous_or_medium_confidence_heuristic
conflict,/Volumes/KmiDi-external/KmiDi_MASTER_VAULTEXTERNAL/KmiDi/legacy/RECOVERY_SOURCE/Datasets_Project/KmiDi/scripts/test_python_integration.py,scripts/idaw_library_integration.py,0.8612,scripts/harmony_generator.py,0.8484,ambiguous_or_medium_confidence_heuristic
conflict,/Volumes/KmiDi-external/KmiDi_MASTER_VAULTEXTERNAL/KmiDi/legacy/RECOVERY_SOURCE/Datasets_Project/KmiDi/scripts/test_song_generation.py,scripts/harmony_generator.py,0.8535,scripts/scale_generator.py,0.8488,ambiguous_or_medium_confidence_heuristic
conflict,/Volumes/KmiDi-external/KmiDi_MASTER_VAULTEXTERNAL/KmiDi/legacy/RECOVERY_SOURCE/Datasets_Project/KmiDi/scripts/tools/scripts/create_monorepo.py,tools/scripts/create_monorepo.py,0.8934,tools/scripts/migrate_modules.py,0.7573,ambiguous_or_medium_confidence_heuristic
conflict,/Volumes/KmiDi-external/KmiDi_MASTER_VAULTEXTERNAL/KmiDi/legacy/RECOVERY_SOURCE/Datasets_Project/KmiDi/scripts/training/README.md,tools/scripts/README.md,0.7504,examples/music_brain/intents/README.md,0.6924,ambiguous_or_medium_confidence_heuristic
new_file,/Volumes/KmiDi-external/KmiDi_MASTER_VAULTEXTERNAL/KmiDi/legacy/RECOVERY_SOURCE/Datasets_Project/KmiDi/scripts/training/V2_RUNBOOK.md,,0.0000,,0.0000,no_candidate
new_file,/Volumes/KmiDi-external/KmiDi_MASTER_VAULTEXTERNAL/KmiDi/legacy/RECOVERY_SOURCE/Datasets_Project/KmiDi/scripts/training/audio_embeddings.py,scripts/audio_tools.py,0.6599,scripts/audio_cataloger.py,0.6401,no_valid_candidate_above_threshold
new_file,/Volumes/KmiDi-external/KmiDi_MASTER_VAULTEXTERNAL/KmiDi/legacy/RECOVERY_SOURCE/Datasets_Project/KmiDi/scripts/training/cache_audio_manifest.py,scripts/audio_analyzer_starter.py,0.6641,scripts/audio_tools.py,0.6482,no_valid_candidate_above_threshold
new_file,/Volumes/KmiDi-external/KmiDi_MASTER_VAULTEXTERNAL/KmiDi/legacy/RECOVERY_SOURCE/Datasets_Project/KmiDi/scripts/training/cuda_session/export_models.py,music_brain/session/intent_bridge.py,0.6544,ML Kelly Training/backup/scripts/train_model.py,0.6119,no_valid_candidate_above_threshold
new_file,/Volumes/KmiDi-external/KmiDi_MASTER_VAULTEXTERNAL/KmiDi/legacy/RECOVERY_SOURCE/Datasets_Project/KmiDi/scripts/training/cuda_session/midi_generator_training_config.yaml,,0.0000,,0.0000,no_candidate
new_file,/Volumes/KmiDi-external/KmiDi_MASTER_VAULTEXTERNAL/KmiDi/legacy/RECOVERY_SOURCE/Datasets_Project/KmiDi/scripts/training/cuda_session/requirements.txt,mcp_penta_swarm/requirements.txt,0.6558,docs/legacy_configs/requires.txt,0.6125,no_valid_candidate_above_threshold
new_file,/Volumes/KmiDi-external/KmiDi_MASTER_VAULTEXTERNAL/KmiDi/legacy/RECOVERY_SOURCE/Datasets_Project/KmiDi/scripts/training/cuda_session/spectocloud_training_config.yaml,,0.0000,,0.0000,no_candidate
new_file,/Volumes/KmiDi-external/KmiDi_MASTER_VAULTEXTERNAL/KmiDi/legacy/RECOVERY_SOURCE/Datasets_Project/KmiDi/scripts/training/cuda_session/train_midi_generator.py,music_brain/session/generator.py,0.6950,music_brain/session/melody_generator.py,0.6794,no_valid_candidate_above_threshold
new_file,/Volumes/KmiDi-external/KmiDi_MASTER_VAULTEXTERNAL/KmiDi/legacy/RECOVERY_SOURCE/Datasets_Project/KmiDi/scripts/training/cuda_session/train_spectocloud.py,music_brain/session/intent_processor.py,0.6610,music_brain/session/interactive_challenges.py,0.6353,no_valid_candidate_above_threshold
new_file,/Volumes/KmiDi-external/KmiDi_MASTER_VAULTEXTERNAL/KmiDi/legacy/RECOVERY_SOURCE/Datasets_Project/KmiDi/scripts/training/data_augmentation.py,scripts/agent.py,0.6849,python/penta_core/ml/training/augmentation.py,0.6831,no_valid_candidate_above_threshold
new_file,/Volumes/KmiDi-external/KmiDi_MASTER_VAULTEXTERNAL/KmiDi/legacy/RECOVERY_SOURCE/Datasets_Project/KmiDi/scripts/training/harmony_dataset.py,scripts/pack_dataset.py,0.7320,scripts/harmony_tools.py,0.7084,no_valid_candidate_above_threshold
new_file,/Volumes/KmiDi-external/KmiDi_MASTER_VAULTEXTERNAL/KmiDi/legacy/RECOVERY_SOURCE/Datasets_Project/KmiDi/scripts/training/integrated_training_config.yaml,,0.0000,,0.0000,no_candidate
new_file,/Volumes/KmiDi-external/KmiDi_MASTER_VAULTEXTERNAL/KmiDi/legacy/RECOVERY_SOURCE/Datasets_Project/KmiDi/scripts/training/metal_m4_session/dual_model_config.yaml,,0.0000,,0.0000,no_candidate
new_file,/Volumes/KmiDi-external/KmiDi_MASTER_VAULTEXTERNAL/KmiDi/legacy/RECOVERY_SOURCE/Datasets_Project/KmiDi/scripts/training/metal_m4_session/requirements.txt,mcp_penta_swarm/requirements.txt,0.6769,,0.0000,no_valid_candidate_above_threshold
new_file,/Volumes/KmiDi-external/KmiDi_MASTER_VAULTEXTERNAL/KmiDi/legacy/RECOVERY_SOURCE/Datasets_Project/KmiDi/scripts/training/mlx_session/README.md,examples/music_brain/intents/README.md,0.7004,ML Kelly Training/backup/configs/README.md,0.6939,no_valid_candidate_above_threshold
new_file,/Volumes/KmiDi-external/KmiDi_MASTER_VAULTEXTERNAL/KmiDi/legacy/RECOVERY_SOURCE/Datasets_Project/KmiDi/scripts/training/mlx_session/mlx_workflow.yaml,,0.0000,,0.0000,no_candidate
new_file,/Volumes/KmiDi-external/KmiDi_MASTER_VAULTEXTERNAL/KmiDi/legacy/RECOVERY_SOURCE/Datasets_Project/KmiDi/scripts/training/run_cuda_cloud.sh,scripts/install_macos.sh,0.6306,scripts/push_one_by_one.sh,0.6245,no_valid_candidate_above_threshold
new_file,/Volumes/KmiDi-external/KmiDi_MASTER_VAULTEXTERNAL/KmiDi/legacy/RECOVERY_SOURCE/Datasets_Project/KmiDi/scripts/training/train_integrated.py,scripts/train.py,0.7001,scripts/idaw_library_integration.py,0.6966,no_valid_candidate_above_threshold
new_file,/Volumes/KmiDi-external/KmiDi_MASTER_VAULTEXTERNAL/KmiDi/legacy/RECOVERY_SOURCE/Datasets_Project/KmiDi/scripts/utilities/ai_training_orchestrator.py,scripts/train_model.py,0.6675,scripts/idaw_library_integration.py,0.6623,no_valid_candidate_above_threshold
conflict,/Volumes/KmiDi-external/KmiDi_MASTER_VAULTEXTERNAL/KmiDi/legacy/RECOVERY_SOURCE/Datasets_Project/KmiDi/scripts/utilities/prepare_datasets.py,scripts/prepare_datasets.py,0.8108,scripts/pack_dataset.py,0.6955,ambiguous_or_medium_confidence_heuristic
conflict,/Volumes/KmiDi-external/KmiDi_MASTER_VAULTEXTERNAL/KmiDi/legacy/RECOVERY_SOURCE/Datasets_Project/KmiDi/scripts/utilities/train.py,scripts/train.py,0.8089,scripts/train_model.py,0.7088,ambiguous_or_medium_confidence_heuristic
conflict,/Volumes/KmiDi-external/KmiDi_MASTER_VAULTEXTERNAL/KmiDi/legacy/RECOVERY_SOURCE/Datasets_Project/KmiDi/scripts/utilities/train_model.py,scripts/train_model.py,0.8111,scripts/train.py,0.7118,ambiguous_or_medium_confidence_heuristic
conflict,/Volumes/KmiDi-external/KmiDi_MASTER_VAULTEXTERNAL/KmiDi/legacy/RECOVERY_SOURCE/Datasets_Project/KmiDi/scripts/validate-env.sh,scripts/install_linux.sh,0.8327,scripts/setup_ml_env.sh,0.8148,ambiguous_or_medium_confidence_heuristic
conflict,/Volumes/KmiDi-external/KmiDi_MASTER_VAULTEXTERNAL/KmiDi/legacy/RECOVERY_SOURCE/Datasets_Project/KmiDi/scripts/verify_build.py,scripts/pretrain_foundation.py,0.8427,scripts/verify_cpp_consistency.py,0.8314,ambiguous_or_medium_confidence_heuristic
conflict,/Volumes/KmiDi-external/KmiDi_MASTER_VAULTEXTERNAL/KmiDi/legacy/RECOVERY_SOURCE/Datasets_Project/KmiDi/scripts/verify_imports.py,scripts/verify_cpp_consistency.py,0.8610,scripts/setup_macos.py,0.8378,ambiguous_or_medium_confidence_heuristic
candidate_match,/Volumes/KmiDi-external/KmiDi_MASTER_VAULTEXTERNAL/KmiDi/legacy/RECOVERY_SOURCE/Datasets_Project/KmiDi/src-tauri/Cargo.toml,src-tauri/Cargo.toml,0.9917,,0.0000,high_confidence_heuristic
conflict,/Volumes/KmiDi-external/KmiDi_MASTER_VAULTEXTERNAL/KmiDi/legacy/RECOVERY_SOURCE/Datasets_Project/KmiDi/src-tauri/src/bridge/kelly_ffi.rs,src-tauri/src/bridge/mod.rs,0.7501,src-tauri/src/bridge/musicbrain.rs,0.7489,ambiguous_or_medium_confidence_heuristic
candidate_match,/Volumes/KmiDi-external/KmiDi_MASTER_VAULTEXTERNAL/KmiDi/legacy/RECOVERY_SOURCE/Datasets_Project/KmiDi/src-tauri/src/bridge/mod.rs,src-tauri/src/bridge/mod.rs,0.9756,src-tauri/src/bridge/musicbrain.rs,0.7781,high_confidence_heuristic
candidate_match,/Volumes/KmiDi-external/KmiDi_MASTER_VAULTEXTERNAL/KmiDi/legacy/RECOVERY_SOURCE/Datasets_Project/KmiDi/src-tauri/src/commands.rs,src-tauri/src/commands.rs,0.9598,src-tauri/src/main.rs,0.8540,high_confidence_heuristic
conflict,/Volumes/KmiDi-external/KmiDi_MASTER_VAULTEXTERNAL/KmiDi/legacy/RECOVERY_SOURCE/Datasets_Project/KmiDi/src-tauri/src/events.rs,src-tauri/src/commands.rs,0.8040,src-tauri/src/main.rs,0.8016,ambiguous_or_medium_confidence_heuristic
new_file,/Volumes/KmiDi-external/KmiDi_MASTER_VAULTEXTERNAL/KmiDi/legacy/RECOVERY_SOURCE/Datasets_Project/KmiDi/src-tauri/src/intent_ir/ffi.rs,src-tauri/src/lib.rs,0.7264,src-tauri/src/main.rs,0.7131,no_valid_candidate_above_threshold
new_file,/Volumes/KmiDi-external/KmiDi_MASTER_VAULTEXTERNAL/KmiDi/legacy/RECOVERY_SOURCE/Datasets_Project/KmiDi/src-tauri/src/intent_ir/ffi_exports.rs,src-tauri/src/bridge/mod.rs,0.6550,src-tauri/src/bridge/musicbrain.rs,0.6536,no_valid_candidate_above_threshold
new_file,/Volumes/KmiDi-external/KmiDi_MASTER_VAULTEXTERNAL/KmiDi/legacy/RECOVERY_SOURCE/Datasets_Project/KmiDi/src-tauri/src/intent_ir/manager.rs,src-tauri/src/main.rs,0.7394,src-tauri/src/commands.rs,0.7031,no_valid_candidate_above_threshold
conflict,/Volumes/KmiDi-external/KmiDi_MASTER_VAULTEXTERNAL/KmiDi/legacy/RECOVERY_SOURCE/Datasets_Project/KmiDi/src-tauri/src/intent_ir/mod.rs,src-tauri/src/bridge/mod.rs,0.8350,src-tauri/src/main.rs,0.7130,ambiguous_or_medium_confidence_heuristic
new_file,/Volumes/KmiDi-external/KmiDi_MASTER_VAULTEXTERNAL/KmiDi/legacy/RECOVERY_SOURCE/Datasets_Project/KmiDi/src-tauri/src/intent_ir/serde.rs,src-tauri/src/bridge/musicbrain.rs,0.7159,src-tauri/src/bridge/mod.rs,0.7070,no_valid_candidate_above_threshold
new_file,/Volumes/KmiDi-external/KmiDi_MASTER_VAULTEXTERNAL/KmiDi/legacy/RECOVERY_SOURCE/Datasets_Project/KmiDi/src-tauri/src/intent_ir/validator.rs,src-tauri/src/lib.rs,0.6928,src-tauri/src/main.rs,0.6857,no_valid_candidate_above_threshold
candidate_match,/Volumes/KmiDi-external/KmiDi_MASTER_VAULTEXTERNAL/KmiDi/legacy/RECOVERY_SOURCE/Datasets_Project/KmiDi/src-tauri/src/lib.rs,src-tauri/src/lib.rs,0.9953,src-tauri/src/main.rs,0.8565,high_confidence_heuristic
candidate_match,/Volumes/KmiDi-external/KmiDi_MASTER_VAULTEXTERNAL/KmiDi/legacy/RECOVERY_SOURCE/Datasets_Project/KmiDi/src-tauri/src/main.rs,src-tauri/src/main.rs,0.9588,src-tauri/src/commands.rs,0.8717,high_confidence_heuristic
new_file,/Volumes/KmiDi-external/KmiDi_MASTER_VAULTEXTERNAL/KmiDi/legacy/RECOVERY_SOURCE/Datasets_Project/KmiDi/src-tauri/src/models/lifecycle.rs,src-tauri/src/lib.rs,0.7242,src-tauri/src/bridge/musicbrain.rs,0.6968,no_valid_candidate_above_threshold
new_file,/Volumes/KmiDi-external/KmiDi_MASTER_VAULTEXTERNAL/KmiDi/legacy/RECOVERY_SOURCE/Datasets_Project/KmiDi/src-tauri/src/models/registry.rs,src-tauri/src/lib.rs,0.6976,src-tauri/src/bridge/musicbrain.rs,0.6957,no_valid_candidate_above_threshold
conflict,/Volumes/KmiDi-external/KmiDi_MASTER_VAULTEXTERNAL/KmiDi/legacy/RECOVERY_SOURCE/Datasets_Project/KmiDi/src-tauri/src/state.rs,src-tauri/src/main.rs,0.8121,src-tauri/src/commands.rs,0.7815,ambiguous_or_medium_confidence_heuristic
new_file,/Volumes/KmiDi-external/KmiDi_MASTER_VAULTEXTERNAL/KmiDi/legacy/RECOVERY_SOURCE/Datasets_Project/KmiDi/src-tauri/tests/integration_test.rs,src-tauri/src/main.rs,0.6701,src-tauri/src/commands.rs,0.6564,no_valid_candidate_above_threshold
conflict,/Volumes/KmiDi-external/KmiDi_MASTER_VAULTEXTERNAL/KmiDi/legacy/RECOVERY_SOURCE/Datasets_Project/KmiDi/src/ACTIVE_DEVELOPMENT.md,src/TODO.md,0.7848,src/ROADMAP.md,0.7741,ambiguous_or_medium_confidence_heuristic
candidate_match,/Volumes/KmiDi-external/KmiDi_MASTER_VAULTEXTERNAL/KmiDi/legacy/RECOVERY_SOURCE/Datasets_Project/KmiDi/src/BridgeClient.cpp,src/BridgeClient.cpp,0.9999,src/WavetableSynth.cpp,0.8183,high_confidence_heuristic
conflict,/Volumes/KmiDi-external/KmiDi_MASTER_VAULTEXTERNAL/KmiDi/legacy/RECOVERY_SOURCE/Datasets_Project/KmiDi/src/INDEX.md,src/TODO.md,0.8132,src/ROADMAP.md,0.7875,ambiguous_or_medium_confidence_heuristic
new_file,/Volumes/KmiDi-external/KmiDi_MASTER_VAULTEXTERNAL/KmiDi/legacy/RECOVERY_SOURCE/Datasets_Project/KmiDi/src/KellyML/EmotionState.h,src/core/emotion_engine.h,0.6811,src/ml/InferenceRequest.h,0.6665,no_valid_candidate_above_threshold
new_file,/Volumes/KmiDi-external/KmiDi_MASTER_VAULTEXTERNAL/KmiDi/legacy/RECOVERY_SOURCE/Datasets_Project/KmiDi/src/KellyML/EmotionStateSnapshot.cpp,src/ml/MLFeatureExtractor.cpp,0.6973,src/ml/RTNeuralProcessor.cpp,0.6742,no_valid_candidate_above_threshold
new_file,/Volumes/KmiDi-external/KmiDi_MASTER_VAULTEXTERNAL/KmiDi/legacy/RECOVERY_SOURCE/Datasets_Project/KmiDi/src/KellyML/EmotionStateSnapshot.h,src/core/emotion_thesaurus.h,0.6675,src/ml/InferenceRequest.h,0.6662,no_valid_candidate_above_threshold
new_file,/Volumes/KmiDi-external/KmiDi_MASTER_VAULTEXTERNAL/KmiDi/legacy/RECOVERY_SOURCE/Datasets_Project/KmiDi/src/KellyML/ExampleUsage.cpp,src/ml/MLBridge.cpp,0.6916,src/ml/NodeMLMapper.cpp,0.6767,no_valid_candidate_above_threshold
new_file,/Volumes/KmiDi-external/KmiDi_MASTER_VAULTEXTERNAL/KmiDi/legacy/RECOVERY_SOURCE/Datasets_Project/KmiDi/src/KellyML/KellyMLModel.cpp,src/ml/NodeMLMapper.cpp,0.7072,src/ml/MLBridge.cpp,0.6948,no_valid_candidate_above_threshold
new_file,/Volumes/KmiDi-external/KmiDi_MASTER_VAULTEXTERNAL/KmiDi/legacy/RECOVERY_SOURCE/Datasets_Project/KmiDi/src/KellyML/KellyMLModel.h,src/ml/ModelConfig.h,0.6874,src/ml/NodeMLMapper.h,0.6809,no_valid_candidate_above_threshold
new_file,/Volumes/KmiDi-external/KmiDi_MASTER_VAULTEXTERNAL/KmiDi/legacy/RECOVERY_SOURCE/Datasets_Project/KmiDi/src/KellyML/KellyMLOutput.h,src/ml/NodeMLMapper.h,0.6462,src/ml/InferenceRequest.h,0.6403,no_valid_candidate_above_threshold
new_file,/Volumes/KmiDi-external/KmiDi_MASTER_VAULTEXTERNAL/KmiDi/legacy/RECOVERY_SOURCE/Datasets_Project/KmiDi/src/KellyML/KellyMLPipeline.cpp,src/ml/NodeMLMapper.cpp,0.7361,src/ml/MLBridge.cpp,0.6873,no_valid_candidate_above_threshold
new_file,/Volumes/KmiDi-external/KmiDi_MASTER_VAULTEXTERNAL/KmiDi/legacy/RECOVERY_SOURCE/Datasets_Project/KmiDi/src/KellyML/KellyMLPipeline.h,src/ml/NodeMLMapper.h,0.6923,src/ml/MIDITokenizer.h,0.6784,no_valid_candidate_above_threshold
new_file,/Volumes/KmiDi-external/KmiDi_MASTER_VAULTEXTERNAL/KmiDi/legacy/RECOVERY_SOURCE/Datasets_Project/KmiDi/src/KellyML/MLPipelineSnapshot.cpp,src/ml/DDSPProcessor.cpp,0.7067,src/ml/NodeMLMapper.cpp,0.7025,no_valid_candidate_above_threshold
new_file,/Volumes/KmiDi-external/KmiDi_MASTER_VAULTEXTERNAL/KmiDi/legacy/RECOVERY_SOURCE/Datasets_Project/KmiDi/src/KellyML/MLPipelineSnapshot.h,src/ml/RTNeuralProcessor.h,0.6846,src/ml/DDSPProcessor.h,0.6826,no_valid_candidate_above_threshold
new_file,/Volumes/KmiDi-external/KmiDi_MASTER_VAULTEXTERNAL/KmiDi/legacy/RECOVERY_SOURCE/Datasets_Project/KmiDi/src/KellyML/SnapshotWriter.cpp,src/ml/NodeMLMapper.cpp,0.6952,src/ml/DDSPProcessor.cpp,0.6874,no_valid_candidate_above_threshold
new_file,/Volumes/KmiDi-external/KmiDi_MASTER_VAULTEXTERNAL/KmiDi/legacy/RECOVERY_SOURCE/Datasets_Project/KmiDi/src/KellyML/SnapshotWriter.h,src/ml/DDSPProcessor.h,0.6732,src/ml/NodeMLMapper.h,0.6696,no_valid_candidate_above_threshold
candidate_match,/Volumes/KmiDi-external/KmiDi_MASTER_VAULTEXTERNAL/KmiDi/legacy/RECOVERY_SOURCE/Datasets_Project/KmiDi/src/VoiceProcessor.cpp,src/VoiceProcessor.cpp,0.9998,src/WavetableSynth.cpp,0.8326,high_confidence_heuristic
new_file,/Volumes/KmiDi-external/KmiDi_MASTER_VAULTEXTERNAL/KmiDi/legacy/RECOVERY_SOURCE/Datasets_Project/KmiDi/src/audio/ACTIVE_DEVELOPMENT.md,src-tauri/README.md,0.6577,,0.0000,no_valid_candidate_above_threshold
candidate_match,/Volumes/KmiDi-external/KmiDi_MASTER_VAULTEXTERNAL/KmiDi/legacy/RECOVERY_SOURCE/Datasets_Project/KmiDi/src/audio/AudioFile.cpp,src/audio/AudioFile.cpp,0.9995,src/audio/AudioAnalyzer.cpp,0.8805,high_confidence_heuristic
candidate_match,/Volumes/KmiDi-external/KmiDi_MASTER_VAULTEXTERNAL/KmiDi/legacy/RECOVERY_SOURCE/Datasets_Project/KmiDi/src/audio/SpectralAnalyzer.cpp,src/audio/SpectralAnalyzer.cpp,0.9969,src/audio/AudioAnalyzer.cpp,0.8746,high_confidence_heuristic
new_file,/Volumes/KmiDi-external/KmiDi_MASTER_VAULTEXTERNAL/KmiDi/legacy/RECOVERY_SOURCE/Datasets_Project/KmiDi/src/biometric/ACTIVE_DEVELOPMENT.md,src/voice/VOCODER_IMPLEMENTATION.md,0.6312,src/voice/PHASE2_IMPLEMENTATION.md,0.6213,no_valid_candidate_above_threshold
new_file,/Volumes/KmiDi-external/KmiDi_MASTER_VAULTEXTERNAL/KmiDi/legacy/RECOVERY_SOURCE/Datasets_Project/KmiDi/src/bridge/ACTIVE_DEVELOPMENT.md,src/voice/VOCODER_IMPLEMENTATION.md,0.6301,src/voice/PHASE2_IMPLEMENTATION.md,0.6203,no_valid_candidate_above_threshold
conflict,/Volumes/KmiDi-external/KmiDi_MASTER_VAULTEXTERNAL/KmiDi/legacy/RECOVERY_SOURCE/Datasets_Project/KmiDi/src/bridge/intent_ir_ffi.cpp,src/bridge/IntentBridge.cpp,0.8613,src/bridge/ContextBridge.cpp,0.8257,ambiguous_or_medium_confidence_heuristic
conflict,/Volumes/KmiDi-external/KmiDi_MASTER_VAULTEXTERNAL/KmiDi/legacy/RECOVERY_SOURCE/Datasets_Project/KmiDi/src/bridge/intent_ir_ffi.h,src/bridge/IntentBridge.h,0.8712,src/bridge/ContextBridge.h,0.8231,ambiguous_or_medium_confidence_heuristic
conflict,/Volumes/KmiDi-external/KmiDi_MASTER_VAULTEXTERNAL/KmiDi/legacy/RECOVERY_SOURCE/Datasets_Project/KmiDi/src/bridge/kelly_ffi.cpp,src/bridge/kelly_bridge.cpp,0.9066,src/bridge/PreferenceBridge.cpp,0.8020,ambiguous_or_medium_confidence_heuristic
conflict,/Volumes/KmiDi-external/KmiDi_MASTER_VAULTEXTERNAL/KmiDi/legacy/RECOVERY_SOURCE/Datasets_Project/KmiDi/src/bridge/kelly_ffi.h,src/bridge/PreferenceBridge.h,0.7837,src/bridge/MusicTheoryBridge.h,0.7759,ambiguous_or_medium_confidence_heuristic
new_file,/Volumes/KmiDi-external/KmiDi_MASTER_VAULTEXTERNAL/KmiDi/legacy/RECOVERY_SOURCE/Datasets_Project/KmiDi/src/common/ACTIVE_DEVELOPMENT.md,,0.0000,,0.0000,no_candidate
conflict,/Volumes/KmiDi-external/KmiDi_MASTER_VAULTEXTERNAL/KmiDi/legacy/RECOVERY_SOURCE/Datasets_Project/KmiDi/src/common/IntentIRAdapter.cpp,src/common/PathResolver.cpp,0.8160,src/common/EQPresetManager.cpp,0.8071,ambiguous_or_medium_confidence_heuristic
conflict,/Volumes/KmiDi-external/KmiDi_MASTER_VAULTEXTERNAL/KmiDi/legacy/RECOVERY_SOURCE/Datasets_Project/KmiDi/src/common/IntentIRAdapter.h,src/common/TypeAdapter.h,0.8968,src/common/PathResolver.h,0.8089,ambiguous_or_medium_confidence_heuristic
conflict,/Volumes/KmiDi-external/KmiDi_MASTER_VAULTEXTERNAL/KmiDi/legacy/RECOVERY_SOURCE/Datasets_Project/KmiDi/src/common/IntentIRExtractor.h,src/common/EQPresetManager.h,0.8262,src/common/PathResolver.h,0.7971,ambiguous_or_medium_confidence_heuristic
conflict,/Volumes/KmiDi-external/KmiDi_MASTER_VAULTEXTERNAL/KmiDi/legacy/RECOVERY_SOURCE/Datasets_Project/KmiDi/src/common/Result.h,src/common/PathResolver.h,0.8246,src/common/EQPresetManager.h,0.8176,ambiguous_or_medium_confidence_heuristic
new_file,/Volumes/KmiDi-external/KmiDi_MASTER_VAULTEXTERNAL/KmiDi/legacy/RECOVERY_SOURCE/Datasets_Project/KmiDi/src/core/intent_ir/Assertions.h,src/engines/BassEngine.h,0.6746,src/engine/TimeSpacePropagation.h,0.6617,no_valid_candidate_above_threshold
new_file,/Volumes/KmiDi-external/KmiDi_MASTER_VAULTEXTERNAL/KmiDi/legacy/RECOVERY_SOURCE/Datasets_Project/KmiDi/src/core/intent_ir/EngineContract.h,src/engines/PadEngine.h,0.6655,src/engines/GrooveEngine.h,0.6579,no_valid_candidate_above_threshold
new_file,/Volumes/KmiDi-external/KmiDi_MASTER_VAULTEXTERNAL/KmiDi/legacy/RECOVERY_SOURCE/Datasets_Project/KmiDi/src/core/intent_ir/IntentFrame.cpp,src/core/intent_processor.cpp,0.7008,src/core/types.cpp,0.6700,no_valid_candidate_above_threshold
new_file,/Volumes/KmiDi-external/KmiDi_MASTER_VAULTEXTERNAL/KmiDi/legacy/RECOVERY_SOURCE/Datasets_Project/KmiDi/src/core/intent_ir/IntentFrame.h,src/core/intent_processor.h,0.6745,src/engine/IntentPipeline.h,0.6709,no_valid_candidate_above_threshold
new_file,/Volumes/KmiDi-external/KmiDi_MASTER_VAULTEXTERNAL/KmiDi/legacy/RECOVERY_SOURCE/Datasets_Project/KmiDi/src/core/intent_ir/IntentFrameAdapter.h,src/engine/IntentPipeline.h,0.6693,src/common/TypeAdapter.h,0.6640,no_valid_candidate_above_threshold
candidate_match,/Volumes/KmiDi-external/KmiDi_MASTER_VAULTEXTERNAL/KmiDi/legacy/RECOVERY_SOURCE/Datasets_Project/KmiDi/src/core/memory.cpp,src/core/memory.cpp,0.9992,src/core/emotion_engine.cpp,0.8385,high_confidence_heuristic
candidate_match,/Volumes/KmiDi-external/KmiDi_MASTER_VAULTEXTERNAL/KmiDi/legacy/RECOVERY_SOURCE/Datasets_Project/KmiDi/src/cpp_music_brain/dsp/dsp.cpp,cpp_music_brain/src/dsp/dsp.cpp,0.9214,cpp_music_brain/src/dsp/simd_ops.cpp,0.7740,high_confidence_heuristic
candidate_match,/Volumes/KmiDi-external/KmiDi_MASTER_VAULTEXTERNAL/KmiDi/legacy/RECOVERY_SOURCE/Datasets_Project/KmiDi/src/cpp_music_brain/midi/groove.cpp,cpp_music_brain/src/midi/groove.cpp,0.9246,cpp_music_brain/tests/test_groove.cpp,0.7770,high_confidence_heuristic
candidate_match,/Volumes/KmiDi-external/KmiDi_MASTER_VAULTEXTERNAL/KmiDi/legacy/RECOVERY_SOURCE/Datasets_Project/KmiDi/src/cpp_music_brain/midi/humanizer.cpp,cpp_music_brain/src/midi/humanizer.cpp,0.9247,cpp_music_brain/src/midi/midi_engine.cpp,0.7782,high_confidence_heuristic
new_file,/Volumes/KmiDi-external/KmiDi_MASTER_VAULTEXTERNAL/KmiDi/legacy/RECOVERY_SOURCE/Datasets_Project/KmiDi/src/diagnostics/ACTIVE_DEVELOPMENT.md,src/voice/VOCODER_IMPLEMENTATION.md,0.6072,,0.0000,no_valid_candidate_above_threshold
candidate_match,/Volumes/KmiDi-external/KmiDi_MASTER_VAULTEXTERNAL/KmiDi/legacy/RECOVERY_SOURCE/Datasets_Project/KmiDi/src/dsp/audio_buffer.cpp,src/dsp/audio_buffer.cpp,0.9991,src/dsp/filters.cpp,0.8315,high_confidence_heuristic
new_file,/Volumes/KmiDi-external/KmiDi_MASTER_VAULTEXTERNAL/KmiDi/legacy/RECOVERY_SOURCE/Datasets_Project/KmiDi/src/engine/ACTIVE_DEVELOPMENT.md,,0.0000,,0.0000,no_candidate
candidate_match,/Volumes/KmiDi-external/KmiDi_MASTER_VAULTEXTERNAL/KmiDi/legacy/RECOVERY_SOURCE/Datasets_Project/KmiDi/src/engine/AdaptiveGenerator.cpp,src/engine/AdaptiveGenerator.cpp,0.9695,src/engine/OSCOutputGenerator.cpp,0.8908,high_confidence_heuristic
candidate_match,/Volumes/KmiDi-external/KmiDi_MASTER_VAULTEXTERNAL/KmiDi/legacy/RECOVERY_SOURCE/Datasets_Project/KmiDi/src/engine/AdaptiveGenerator.h,src/engine/AdaptiveGenerator.h,0.9921,src/engine/OSCOutputGenerator.h,0.8926,high_confidence_heuristic
candidate_match,/Volumes/KmiDi-external/KmiDi_MASTER_VAULTEXTERNAL/KmiDi/legacy/RECOVERY_SOURCE/Datasets_Project/KmiDi/src/engine/EmotionMapper.h,src/engine/EmotionMapper.h,0.9988,src/engine/EmotionMusicMapper.h,0.9488,high_confidence_heuristic
candidate_match,/Volumes/KmiDi-external/KmiDi_MASTER_VAULTEXTERNAL/KmiDi/legacy/RECOVERY_SOURCE/Datasets_Project/KmiDi/src/engine/HybridCoupling.cpp,src/engine/HybridCoupling.cpp,0.9991,src/engine/GeometricTopology.cpp,0.8537,high_confidence_heuristic
candidate_match,/Volumes/KmiDi-external/KmiDi_MASTER_VAULTEXTERNAL/KmiDi/legacy/RECOVERY_SOURCE/Datasets_Project/KmiDi/src/engine/IntentPipeline.cpp,src/engine/IntentPipeline.cpp,0.9767,src/engines/FillEngine.cpp,0.8658,high_confidence_heuristic
candidate_match,/Volumes/KmiDi-external/KmiDi_MASTER_VAULTEXTERNAL/KmiDi/legacy/RECOVERY_SOURCE/Datasets_Project/KmiDi/src/engine/IntentPipeline.h,src/engine/IntentPipeline.h,0.9862,src/engines/TensionEngine.h,0.8489,high_confidence_heuristic
candidate_match,/Volumes/KmiDi-external/KmiDi_MASTER_VAULTEXTERNAL/KmiDi/legacy/RECOVERY_SOURCE/Datasets_Project/KmiDi/src/engine/KellyBrain.cpp,src/engine/KellyBrain.cpp,0.9820,src/engine/test_kelly.cpp,0.8711,high_confidence_heuristic
candidate_match,/Volumes/KmiDi-external/KmiDi_MASTER_VAULTEXTERNAL/KmiDi/legacy/RECOVERY_SOURCE/Datasets_Project/KmiDi/src/engine/KellyBrain.h,src/engine/KellyBrain.h,0.9896,src/engine/Kelly.h,0.8928,high_confidence_heuristic
candidate_match,/Volumes/KmiDi-external/KmiDi_MASTER_VAULTEXTERNAL/KmiDi/legacy/RECOVERY_SOURCE/Datasets_Project/KmiDi/src/engine/MidiKompanionBrain.h,src/engine/MidiKompanionBrain.h,0.9862,src/engine/KellyBrain.h,0.8301,high_confidence_heuristic
candidate_match,/Volumes/KmiDi-external/KmiDi_MASTER_VAULTEXTERNAL/KmiDi/legacy/RECOVERY_SOURCE/Datasets_Project/KmiDi/src/engine/NetworkDynamics.cpp,src/engine/NetworkDynamics.cpp,0.9997,src/engines/DynamicsEngine.cpp,0.8505,high_confidence_heuristic
candidate_match,/Volumes/KmiDi-external/KmiDi_MASTER_VAULTEXTERNAL/KmiDi/legacy/RECOVERY_SOURCE/Datasets_Project/KmiDi/src/engine/NetworkDynamics.h,src/engine/NetworkDynamics.h,0.9993,src/engines/DynamicsEngine.h,0.8533,high_confidence_heuristic
candidate_match,/Volumes/KmiDi-external/KmiDi_MASTER_VAULTEXTERNAL/KmiDi/legacy/RECOVERY_SOURCE/Datasets_Project/KmiDi/src/engine/OSCOutputGenerator.h,src/engine/OSCOutputGenerator.h,0.9999,src/engine/AdaptiveGenerator.h,0.8841,high_confidence_heuristic
candidate_match,/Volumes/KmiDi-external/KmiDi_MASTER_VAULTEXTERNAL/KmiDi/legacy/RECOVERY_SOURCE/Datasets_Project/KmiDi/src/engine/QuantumEntropy.cpp,src/engine/QuantumEntropy.cpp,0.9997,src/engine/QuantumVADSystem.cpp,0.8722,high_confidence_heuristic
candidate_match,/Volumes/KmiDi-external/KmiDi_MASTER_VAULTEXTERNAL/KmiDi/legacy/RECOVERY_SOURCE/Datasets_Project/KmiDi/src/engine/QuantumEntropy.h,src/engine/QuantumEntropy.h,1.0000,src/engine/QuantumVADSystem.h,0.8513,high_confidence_heuristic
candidate_match,/Volumes/KmiDi-external/KmiDi_MASTER_VAULTEXTERNAL/KmiDi/legacy/RECOVERY_SOURCE/Datasets_Project/KmiDi/src/engine/QuantumVADSystem.cpp,src/engine/QuantumVADSystem.cpp,0.9991,src/engine/VADSystem.cpp,0.9012,high_confidence_heuristic
candidate_match,/Volumes/KmiDi-external/KmiDi_MASTER_VAULTEXTERNAL/KmiDi/legacy/RECOVERY_SOURCE/Datasets_Project/KmiDi/src/engine/QuantumVADSystem.h,src/engine/QuantumVADSystem.h,0.9990,src/engine/VADSystem.h,0.9021,high_confidence_heuristic
candidate_match,/Volumes/KmiDi-external/KmiDi_MASTER_VAULTEXTERNAL/KmiDi/legacy/RECOVERY_SOURCE/Datasets_Project/KmiDi/src/engine/TemporalMemory.h,src/engine/TemporalMemory.h,1.0000,src/engine/GeometricTopology.h,0.8261,high_confidence_heuristic
candidate_match,/Volumes/KmiDi-external/KmiDi_MASTER_VAULTEXTERNAL/KmiDi/legacy/RECOVERY_SOURCE/Datasets_Project/KmiDi/src/engine/TimeSpacePropagation.cpp,src/engine/TimeSpacePropagation.cpp,0.9992,src/engine/ResonanceCalculator.cpp,0.8413,high_confidence_heuristic
candidate_match,/Volumes/KmiDi-external/KmiDi_MASTER_VAULTEXTERNAL/KmiDi/legacy/RECOVERY_SOURCE/Datasets_Project/KmiDi/src/engine/VADCalculator.h,src/engine/VADCalculator.h,0.9992,src/engine/ResonanceCalculator.h,0.8891,high_confidence_heuristic
candidate_match,/Volumes/KmiDi-external/KmiDi_MASTER_VAULTEXTERNAL/KmiDi/legacy/RECOVERY_SOURCE/Datasets_Project/KmiDi/src/engine/VADSystem.cpp,src/engine/VADSystem.cpp,0.9997,src/engine/QuantumVADSystem.cpp,0.9014,high_confidence_heuristic
candidate_match,/Volumes/KmiDi-external/KmiDi_MASTER_VAULTEXTERNAL/KmiDi/legacy/RECOVERY_SOURCE/Datasets_Project/KmiDi/src/engine/VADSystem.h,src/engine/VADSystem.h,0.9972,src/engine/QuantumVADSystem.h,0.9012,high_confidence_heuristic
new_file,/Volumes/KmiDi-external/KmiDi_MASTER_VAULTEXTERNAL/KmiDi/legacy/RECOVERY_SOURCE/Datasets_Project/KmiDi/src/engines/ACTIVE_DEVELOPMENT.md,,0.0000,,0.0000,no_candidate
candidate_match,/Volumes/KmiDi-external/KmiDi_MASTER_VAULTEXTERNAL/KmiDi/legacy/RECOVERY_SOURCE/Datasets_Project/KmiDi/src/engines/BassEngine.cpp,src/engines/BassEngine.cpp,0.9962,src/engines/PadEngine.cpp,0.9256,high_confidence_heuristic
candidate_match,/Volumes/KmiDi-external/KmiDi_MASTER_VAULTEXTERNAL/KmiDi/legacy/RECOVERY_SOURCE/Datasets_Project/KmiDi/src/engines/BassEngine.h,src/engines/BassEngine.h,0.9955,src/engines/PadEngine.h,0.9158,high_confidence_heuristic
candidate_match,/Volumes/KmiDi-external/KmiDi_MASTER_VAULTEXTERNAL/KmiDi/legacy/RECOVERY_SOURCE/Datasets_Project/KmiDi/src/engines/DrumGrooveEngine.cpp,src/engines/DrumGrooveEngine.cpp,0.9912,src/engines/GrooveEngine.cpp,0.9581,high_confidence_heuristic
candidate_match,/Volumes/KmiDi-external/KmiDi_MASTER_VAULTEXTERNAL/KmiDi/legacy/RECOVERY_SOURCE/Datasets_Project/KmiDi/src/engines/DrumGrooveEngine.h,src/engines/DrumGrooveEngine.h,0.9929,src/engines/GrooveEngine.h,0.9538,high_confidence_heuristic
candidate_match,/Volumes/KmiDi-external/KmiDi_MASTER_VAULTEXTERNAL/KmiDi/legacy/RECOVERY_SOURCE/Datasets_Project/KmiDi/src/engines/DynamicsEngine.cpp,src/engines/DynamicsEngine.cpp,0.9946,src/engines/BassEngine.cpp,0.9128,high_confidence_heuristic
candidate_match,/Volumes/KmiDi-external/KmiDi_MASTER_VAULTEXTERNAL/KmiDi/legacy/RECOVERY_SOURCE/Datasets_Project/KmiDi/src/engines/DynamicsEngine.h,src/engines/DynamicsEngine.h,0.9956,src/engines/BassEngine.h,0.9079,high_confidence_heuristic
candidate_match,/Volumes/KmiDi-external/KmiDi_MASTER_VAULTEXTERNAL/KmiDi/legacy/RECOVERY_SOURCE/Datasets_Project/KmiDi/src/engines/MelodyEngine.cpp,src/engines/MelodyEngine.cpp,0.9955,src/engines/CounterMelodyEngine.cpp,0.9103,high_confidence_heuristic
candidate_match,/Volumes/KmiDi-external/KmiDi_MASTER_VAULTEXTERNAL/KmiDi/legacy/RECOVERY_SOURCE/Datasets_Project/KmiDi/src/engines/MelodyEngine.h,src/engines/MelodyEngine.h,0.9962,src/engines/CounterMelodyEngine.h,0.9122,high_confidence_heuristic
candidate_match,/Volumes/KmiDi-external/KmiDi_MASTER_VAULTEXTERNAL/KmiDi/legacy/RECOVERY_SOURCE/Datasets_Project/KmiDi/src/engines/PadEngine.cpp,src/engines/PadEngine.cpp,0.9935,src/engines/BassEngine.cpp,0.9333,high_confidence_heuristic
candidate_match,/Volumes/KmiDi-external/KmiDi_MASTER_VAULTEXTERNAL/KmiDi/legacy/RECOVERY_SOURCE/Datasets_Project/KmiDi/src/engines/PadEngine.h,src/engines/PadEngine.h,0.9936,src/engines/BassEngine.h,0.9238,high_confidence_heuristic
new_file,/Volumes/KmiDi-external/KmiDi_MASTER_VAULTEXTERNAL/KmiDi/legacy/RECOVERY_SOURCE/Datasets_Project/KmiDi/src/export/ACTIVE_DEVELOPMENT.md,,0.0000,,0.0000,no_candidate
candidate_match,/Volumes/KmiDi-external/KmiDi_MASTER_VAULTEXTERNAL/KmiDi/legacy/RECOVERY_SOURCE/Datasets_Project/KmiDi/src/export/StemExporter.cpp,src/export/StemExporter.cpp,0.9999,src/core/memory.cpp,0.7009,high_confidence_heuristic
new_file,/Volumes/KmiDi-external/KmiDi_MASTER_VAULTEXTERNAL/KmiDi/legacy/RECOVERY_SOURCE/Datasets_Project/KmiDi/src/groove/ACTIVE_DEVELOPMENT.md,src/voice/VOCODER_IMPLEMENTATION.md,0.6288,src/voice/PHASE2_IMPLEMENTATION.md,0.6189,no_valid_candidate_above_threshold
candidate_match,/Volumes/KmiDi-external/KmiDi_MASTER_VAULTEXTERNAL/KmiDi/legacy/RECOVERY_SOURCE/Datasets_Project/KmiDi/src/groove/GrooveEngine.cpp,src/groove/GrooveEngine.cpp,0.9589,src_penta-core/groove/GrooveEngine.cpp,0.8348,high_confidence_heuristic
candidate_match,/Volumes/KmiDi-external/KmiDi_MASTER_VAULTEXTERNAL/KmiDi/legacy/RECOVERY_SOURCE/Datasets_Project/KmiDi/src/groove/OnsetDetector.cpp,src/groove/OnsetDetector.cpp,0.9664,src/groove/TempoEstimator.cpp,0.8532,high_confidence_heuristic
candidate_match,/Volumes/KmiDi-external/KmiDi_MASTER_VAULTEXTERNAL/KmiDi/legacy/RECOVERY_SOURCE/Datasets_Project/KmiDi/src/groove/RhythmQuantizer.cpp,src/groove/RhythmQuantizer.cpp,0.9729,src/groove/TempoEstimator.cpp,0.8429,high_confidence_heuristic
new_file,/Volumes/KmiDi-external/KmiDi_MASTER_VAULTEXTERNAL/KmiDi/legacy/RECOVERY_SOURCE/Datasets_Project/KmiDi/src/gui/ACTIVE_DEVELOPMENT.md,src-tauri/README.md,0.6565,src/voice/VOCODER_IMPLEMENTATION.md,0.6271,no_valid_candidate_above_threshold
candidate_match,/Volumes/KmiDi-external/KmiDi_MASTER_VAULTEXTERNAL/KmiDi/legacy/RECOVERY_SOURCE/Datasets_Project/KmiDi/src/gui/main_window.cpp,src/gui/main_window.cpp,0.9760,src/gui/main.cpp,0.8680,high_confidence_heuristic
new_file,/Volumes/KmiDi-external/KmiDi_MASTER_VAULTEXTERNAL/KmiDi/legacy/RECOVERY_SOURCE/Datasets_Project/KmiDi/src/harmony/ACTIVE_DEVELOPMENT.md,,0.0000,,0.0000,no_candidate
candidate_match,/Volumes/KmiDi-external/KmiDi_MASTER_VAULTEXTERNAL/KmiDi/legacy/RECOVERY_SOURCE/Datasets_Project/KmiDi/src/harmony/HarmonyEngine.cpp,src/harmony/HarmonyEngine.cpp,0.9806,src_penta-core/harmony/HarmonyEngine.cpp,0.8478,high_confidence_heuristic
new_file,/Volumes/KmiDi-external/KmiDi_MASTER_VAULTEXTERNAL/KmiDi/legacy/RECOVERY_SOURCE/Datasets_Project/KmiDi/src/learning/ACTIVE_DEVELOPMENT.md,src-tauri/README.md,0.6136,,0.0000,no_valid_candidate_above_threshold
candidate_match,/Volumes/KmiDi-external/KmiDi_MASTER_VAULTEXTERNAL/KmiDi/legacy/RECOVERY_SOURCE/Datasets_Project/KmiDi/src/learning/PreferenceTracker.cpp,src/learning/PreferenceTracker.cpp,0.9908,src/engine/ColorFrequencyMapper.cpp,0.7317,high_confidence_heuristic
candidate_match,/Volumes/KmiDi-external/KmiDi_MASTER_VAULTEXTERNAL/KmiDi/legacy/RECOVERY_SOURCE/Datasets_Project/KmiDi/src/learning/PreferenceTracker.h,src/learning/PreferenceTracker.h,0.9980,src/engine/PredictiveTrendAnalyzer.h,0.7252,high_confidence_heuristic
new_file,/Volumes/KmiDi-external/KmiDi_MASTER_VAULTEXTERNAL/KmiDi/legacy/RECOVERY_SOURCE/Datasets_Project/KmiDi/src/midi/ACTIVE_DEVELOPMENT.md,src/voice/VOCODER_IMPLEMENTATION.md,0.6093,src/TODO.md,0.6030,no_valid_candidate_above_threshold
candidate_match,/Volumes/KmiDi-external/KmiDi_MASTER_VAULTEXTERNAL/KmiDi/legacy/RECOVERY_SOURCE/Datasets_Project/KmiDi/src/midi/MidiBuilder.cpp,src/midi/MidiBuilder.cpp,0.9999,src/midi/MidiIO.cpp,0.9043,high_confidence_heuristic
candidate_match,/Volumes/KmiDi-external/KmiDi_MASTER_VAULTEXTERNAL/KmiDi/legacy/RECOVERY_SOURCE/Datasets_Project/KmiDi/src/midi/MidiExporter.cpp,src/midi/MidiExporter.cpp,0.9998,src/midi/MidiIO.cpp,0.8858,high_confidence_heuristic
candidate_match,/Volumes/KmiDi-external/KmiDi_MASTER_VAULTEXTERNAL/KmiDi/legacy/RECOVERY_SOURCE/Datasets_Project/KmiDi/src/midi/MidiGenerator.cpp,src/midi/MidiGenerator.cpp,0.9991,src/midi/ChordGenerator.cpp,0.9288,high_confidence_heuristic
candidate_match,/Volumes/KmiDi-external/KmiDi_MASTER_VAULTEXTERNAL/KmiDi/legacy/RECOVERY_SOURCE/Datasets_Project/KmiDi/src/midi/MidiGenerator.h,src/midi/MidiGenerator.h,0.9953,src/midi/ChordGenerator.h,0.9155,high_confidence_heuristic
candidate_match,/Volumes/KmiDi-external/KmiDi_MASTER_VAULTEXTERNAL/KmiDi/legacy/RECOVERY_SOURCE/Datasets_Project/KmiDi/src/midi/MidiIO.cpp,src/midi/MidiIO.cpp,0.9698,src/midi/midi_engine.cpp,0.8893,high_confidence_heuristic
conflict,/Volumes/KmiDi-external/KmiDi_MASTER_VAULTEXTERNAL/KmiDi/legacy/RECOVERY_SOURCE/Datasets_Project/KmiDi/src/midi/MidiIO.h,src/midi/MidiBuilder.h,0.8746,src/midi/MidiExporter.h,0.8541,ambiguous_or_medium_confidence_heuristic
candidate_match,/Volumes/KmiDi-external/KmiDi_MASTER_VAULTEXTERNAL/KmiDi/legacy/RECOVERY_SOURCE/Datasets_Project/KmiDi/src/midi/MidiSequence.cpp,src/midi/MidiSequence.cpp,0.9949,src/midi/midi_engine.cpp,0.8952,high_confidence_heuristic
new_file,/Volumes/KmiDi-external/KmiDi_MASTER_VAULTEXTERNAL/KmiDi/legacy/RECOVERY_SOURCE/Datasets_Project/KmiDi/src/ml/ACTIVE_DEVELOPMENT.md,src/TODO.md,0.6585,src/ROADMAP.md,0.6547,no_valid_candidate_above_threshold
candidate_match,/Volumes/KmiDi-external/KmiDi_MASTER_VAULTEXTERNAL/KmiDi/legacy/RECOVERY_SOURCE/Datasets_Project/KmiDi/src/ml/MLBridge.cpp,src/ml/MLBridge.cpp,1.0000,src/ml/MIDITokenizer.cpp,0.8237,high_confidence_heuristic
candidate_match,/Volumes/KmiDi-external/KmiDi_MASTER_VAULTEXTERNAL/KmiDi/legacy/RECOVERY_SOURCE/Datasets_Project/KmiDi/src/ml/MLBridge.h,src/ml/MLBridge.h,1.0000,src/ml/ModelConfig.h,0.8472,high_confidence_heuristic
candidate_match,/Volumes/KmiDi-external/KmiDi_MASTER_VAULTEXTERNAL/KmiDi/legacy/RECOVERY_SOURCE/Datasets_Project/KmiDi/src/ml/NodeMLMapper.cpp,src/ml/NodeMLMapper.cpp,0.9994,src/ml/DDSPProcessor.cpp,0.8553,high_confidence_heuristic
candidate_match,/Volumes/KmiDi-external/KmiDi_MASTER_VAULTEXTERNAL/KmiDi/legacy/RECOVERY_SOURCE/Datasets_Project/KmiDi/src/ml/NodeMLMapper.h,src/ml/NodeMLMapper.h,0.9986,src/ml/MultiModelProcessor.h,0.8543,high_confidence_heuristic
candidate_match,/Volumes/KmiDi-external/KmiDi_MASTER_VAULTEXTERNAL/KmiDi/legacy/RECOVERY_SOURCE/Datasets_Project/KmiDi/src/ml/ONNXInference.cpp,src/ml/ONNXInference.cpp,0.9939,src/ml/InferenceThreadManager.cpp,0.8324,high_confidence_heuristic
candidate_match,/Volumes/KmiDi-external/KmiDi_MASTER_VAULTEXTERNAL/KmiDi/legacy/RECOVERY_SOURCE/Datasets_Project/KmiDi/src/ml/ONNXInference.h,src/ml/ONNXInference.h,0.9994,src/ml/InferenceRequest.h,0.8568,high_confidence_heuristic
new_file,/Volumes/KmiDi-external/KmiDi_MASTER_VAULTEXTERNAL/KmiDi/legacy/RECOVERY_SOURCE/Datasets_Project/KmiDi/src/music_theory/ACTIVE_DEVELOPMENT.md,docs/music_brain/idaw_example_README.md,0.6009,,0.0000,no_valid_candidate_above_threshold
candidate_match,/Volumes/KmiDi-external/KmiDi_MASTER_VAULTEXTERNAL/KmiDi/legacy/RECOVERY_SOURCE/Datasets_Project/KmiDi/src/music_theory/MusicTheoryBrain.cpp,src/music_theory/MusicTheoryBrain.cpp,0.9996,src/ui/theory/MusicTheoryWorkstation.cpp,0.8294,high_confidence_heuristic
candidate_match,/Volumes/KmiDi-external/KmiDi_MASTER_VAULTEXTERNAL/KmiDi/legacy/RECOVERY_SOURCE/Datasets_Project/KmiDi/src/music_theory/Types.h,src/music_theory/Types.h,0.9999,src/music_theory/MusicTheoryBrain.h,0.7829,high_confidence_heuristic
new_file,/Volumes/KmiDi-external/KmiDi_MASTER_VAULTEXTERNAL/KmiDi/legacy/RECOVERY_SOURCE/Datasets_Project/KmiDi/src/music_theory/core/ACTIVE_DEVELOPMENT.md,,0.0000,,0.0000,no_candidate
candidate_match,/Volumes/KmiDi-external/KmiDi_MASTER_VAULTEXTERNAL/KmiDi/legacy/RECOVERY_SOURCE/Datasets_Project/KmiDi/src/music_theory/core/CoreTheoryEngine.cpp,src/music_theory/core/CoreTheoryEngine.cpp,0.9999,src/music_theory/MusicTheoryBrain.cpp,0.8175,high_confidence_heuristic
candidate_match,/Volumes/KmiDi-external/KmiDi_MASTER_VAULTEXTERNAL/KmiDi/legacy/RECOVERY_SOURCE/Datasets_Project/KmiDi/src/music_theory/core/CoreTheoryEngine.h,src/music_theory/core/CoreTheoryEngine.h,0.9985,src/music_theory/MusicTheoryBrain.h,0.8107,high_confidence_heuristic
new_file,/Volumes/KmiDi-external/KmiDi_MASTER_VAULTEXTERNAL/KmiDi/legacy/RECOVERY_SOURCE/Datasets_Project/KmiDi/src/music_theory/harmony/ACTIVE_DEVELOPMENT.md,,0.0000,,0.0000,no_candidate
new_file,/Volumes/KmiDi-external/KmiDi_MASTER_VAULTEXTERNAL/KmiDi/legacy/RECOVERY_SOURCE/Datasets_Project/KmiDi/src/music_theory/knowledge/ACTIVE_DEVELOPMENT.md,,0.0000,,0.0000,no_candidate
candidate_match,/Volumes/KmiDi-external/KmiDi_MASTER_VAULTEXTERNAL/KmiDi/legacy/RECOVERY_SOURCE/Datasets_Project/KmiDi/src/music_theory/knowledge/KnowledgeGraph.cpp,src/music_theory/knowledge/KnowledgeGraph.cpp,0.9995,src/music_theory/harmony/HarmonyEngine.cpp,0.7059,high_confidence_heuristic
candidate_match,/Volumes/KmiDi-external/KmiDi_MASTER_VAULTEXTERNAL/KmiDi/legacy/RECOVERY_SOURCE/Datasets_Project/KmiDi/src/music_theory/knowledge/KnowledgeGraph.h,src/music_theory/knowledge/KnowledgeGraph.h,0.9997,src/music_theory/harmony/HarmonyEngine.h,0.6852,high_confidence_heuristic
new_file,/Volumes/KmiDi-external/KmiDi_MASTER_VAULTEXTERNAL/KmiDi/legacy/RECOVERY_SOURCE/Datasets_Project/KmiDi/src/music_theory/rhythm/ACTIVE_DEVELOPMENT.md,,0.0000,,0.0000,no_candidate
candidate_match,/Volumes/KmiDi-external/KmiDi_MASTER_VAULTEXTERNAL/KmiDi/legacy/RECOVERY_SOURCE/Datasets_Project/KmiDi/src/music_theory/rhythm/RhythmEngine.cpp,src/music_theory/rhythm/RhythmEngine.cpp,0.9996,src/music_theory/harmony/HarmonyEngine.cpp,0.8315,high_confidence_heuristic
new_file,/Volumes/KmiDi-external/KmiDi_MASTER_VAULTEXTERNAL/KmiDi/legacy/RECOVERY_SOURCE/Datasets_Project/KmiDi/src/osc/ACTIVE_DEVELOPMENT.md,src/voice/VOCODER_IMPLEMENTATION.md,0.6821,src/voice/PHASE2_IMPLEMENTATION.md,0.6722,no_valid_candidate_above_threshold
candidate_match,/Volumes/KmiDi-external/KmiDi_MASTER_VAULTEXTERNAL/KmiDi/legacy/RECOVERY_SOURCE/Datasets_Project/KmiDi/src/osc/OSCClient.cpp,src/osc/OSCClient.cpp,0.9991,src/osc/OSCServer.cpp,0.8675,high_confidence_heuristic
candidate_match,/Volumes/KmiDi-external/KmiDi_MASTER_VAULTEXTERNAL/KmiDi/legacy/RECOVERY_SOURCE/Datasets_Project/KmiDi/src/osc/OSCHub.cpp,src/osc/OSCHub.cpp,0.9807,src/osc/OSCClient.cpp,0.8745,high_confidence_heuristic
candidate_match,/Volumes/KmiDi-external/KmiDi_MASTER_VAULTEXTERNAL/KmiDi/legacy/RECOVERY_SOURCE/Datasets_Project/KmiDi/src/osc/OSCMessage.cpp,src/osc/OSCMessage.cpp,0.9872,src/osc/OSCServer.cpp,0.8920,high_confidence_heuristic
candidate_match,/Volumes/KmiDi-external/KmiDi_MASTER_VAULTEXTERNAL/KmiDi/legacy/RECOVERY_SOURCE/Datasets_Project/KmiDi/src/osc/OSCServer.cpp,src/osc/OSCServer.cpp,0.9890,src/osc/OSCClient.cpp,0.8776,high_confidence_heuristic
candidate_match,/Volumes/KmiDi-external/KmiDi_MASTER_VAULTEXTERNAL/KmiDi/legacy/RECOVERY_SOURCE/Datasets_Project/KmiDi/src/osc/RTMessageQueue.cpp,src/osc/RTMessageQueue.cpp,0.9903,src/osc/OSCMessage.cpp,0.9059,high_confidence_heuristic
new_file,/Volumes/KmiDi-external/KmiDi_MASTER_VAULTEXTERNAL/KmiDi/legacy/RECOVERY_SOURCE/Datasets_Project/KmiDi/src/plugin/ACTIVE_DEVELOPMENT.md,src-tauri/README.md,0.6225,,0.0000,no_valid_candidate_above_threshold
conflict,/Volumes/KmiDi-external/KmiDi_MASTER_VAULTEXTERNAL/KmiDi/legacy/RECOVERY_SOURCE/Datasets_Project/KmiDi/src/plugin/HostDebugger.cpp,src/plugin/PluginEditor.cpp,0.8046,src/plugin/plugin_editor.cpp,0.8034,ambiguous_or_medium_confidence_heuristic
conflict,/Volumes/KmiDi-external/KmiDi_MASTER_VAULTEXTERNAL/KmiDi/legacy/RECOVERY_SOURCE/Datasets_Project/KmiDi/src/plugin/HostDebugger.h,src/plugin/plugin_processor.h,0.8064,src/plugin/PluginEditor.h,0.7948,ambiguous_or_medium_confidence_heuristic
conflict,/Volumes/KmiDi-external/KmiDi_MASTER_VAULTEXTERNAL/KmiDi/legacy/RECOVERY_SOURCE/Datasets_Project/KmiDi/src/plugin/MasterEQProcessor.cpp,src/plugin/PluginProcessor.cpp,0.8567,src/plugin/plugin_processor.cpp,0.8464,ambiguous_or_medium_confidence_heuristic
conflict,/Volumes/KmiDi-external/KmiDi_MASTER_VAULTEXTERNAL/KmiDi/legacy/RECOVERY_SOURCE/Datasets_Project/KmiDi/src/plugin/MasterEQProcessor.h,src/plugin/plugin_processor.h,0.8529,src/plugin/PluginProcessor.h,0.8436,ambiguous_or_medium_confidence_heuristic
candidate_match,/Volumes/KmiDi-external/KmiDi_MASTER_VAULTEXTERNAL/KmiDi/legacy/RECOVERY_SOURCE/Datasets_Project/KmiDi/src/plugin/PluginEditor.cpp,src/plugin/PluginEditor.cpp,0.9974,src/plugin/plugin_editor.cpp,0.9416,high_confidence_heuristic
candidate_match,/Volumes/KmiDi-external/KmiDi_MASTER_VAULTEXTERNAL/KmiDi/legacy/RECOVERY_SOURCE/Datasets_Project/KmiDi/src/plugin/PluginEditor.h,src/plugin/PluginEditor.h,0.9943,src/plugin/plugin_editor.h,0.9443,high_confidence_heuristic
conflict,/Volumes/KmiDi-external/KmiDi_MASTER_VAULTEXTERNAL/KmiDi/legacy/RECOVERY_SOURCE/Datasets_Project/KmiDi/src/plugin/PluginIRInspector.cpp,src/plugin/PluginEditor.cpp,0.8845,src/plugin/plugin_editor.cpp,0.8760,ambiguous_or_medium_confidence_heuristic
conflict,/Volumes/KmiDi-external/KmiDi_MASTER_VAULTEXTERNAL/KmiDi/legacy/RECOVERY_SOURCE/Datasets_Project/KmiDi/src/plugin/PluginIRInspector.h,src/plugin/plugin_processor.h,0.8944,src/plugin/PluginEditor.h,0.8823,ambiguous_or_medium_confidence_heuristic
conflict,/Volumes/KmiDi-external/KmiDi_MASTER_VAULTEXTERNAL/KmiDi/legacy/RECOVERY_SOURCE/Datasets_Project/KmiDi/src/plugin/PluginLogger.cpp,src/plugin/plugin_processor.cpp,0.8838,src/plugin/PluginEditor.cpp,0.8798,ambiguous_or_medium_confidence_heuristic
conflict,/Volumes/KmiDi-external/KmiDi_MASTER_VAULTEXTERNAL/KmiDi/legacy/RECOVERY_SOURCE/Datasets_Project/KmiDi/src/plugin/PluginLogger.h,src/plugin/plugin_processor.h,0.8910,src/plugin/PluginEditor.h,0.8847,ambiguous_or_medium_confidence_heuristic
candidate_match,/Volumes/KmiDi-external/KmiDi_MASTER_VAULTEXTERNAL/KmiDi/legacy/RECOVERY_SOURCE/Datasets_Project/KmiDi/src/plugin/PluginProcessor.cpp,src/plugin/PluginProcessor.cpp,0.9924,src/plugin/plugin_processor.cpp,0.9435,high_confidence_heuristic
candidate_match,/Volumes/KmiDi-external/KmiDi_MASTER_VAULTEXTERNAL/KmiDi/legacy/RECOVERY_SOURCE/Datasets_Project/KmiDi/src/plugin/PluginProcessor.h,src/plugin/PluginProcessor.h,0.9889,src/plugin/plugin_processor.h,0.9453,high_confidence_heuristic
conflict,/Volumes/KmiDi-external/KmiDi_MASTER_VAULTEXTERNAL/KmiDi/legacy/RECOVERY_SOURCE/Datasets_Project/KmiDi/src/plugin/PluginTestHarness.cpp,src/plugin/plugin_processor.cpp,0.8972,src/plugin/plugin_editor.cpp,0.8664,ambiguous_or_medium_confidence_heuristic
conflict,/Volumes/KmiDi-external/KmiDi_MASTER_VAULTEXTERNAL/KmiDi/legacy/RECOVERY_SOURCE/Datasets_Project/KmiDi/src/plugin/PluginTestHarness.h,src/plugin/plugin_processor.h,0.8850,src/plugin/PluginProcessor.h,0.8562,ambiguous_or_medium_confidence_heuristic
new_file,/Volumes/KmiDi-external/KmiDi_MASTER_VAULTEXTERNAL/KmiDi/legacy/RECOVERY_SOURCE/Datasets_Project/KmiDi/src/project/ACTIVE_DEVELOPMENT.md,src/voice/VOCODER_IMPLEMENTATION.md,0.6146,src/voice/PHASE2_IMPLEMENTATION.md,0.6046,no_valid_candidate_above_threshold
candidate_match,/Volumes/KmiDi-external/KmiDi_MASTER_VAULTEXTERNAL/KmiDi/legacy/RECOVERY_SOURCE/Datasets_Project/KmiDi/src/project/ProjectFile.cpp,src/project/ProjectFile.cpp,0.9889,src/project/ProjectManager.cpp,0.8789,high_confidence_heuristic
new_file,/Volumes/KmiDi-external/KmiDi_MASTER_VAULTEXTERNAL/KmiDi/legacy/RECOVERY_SOURCE/Datasets_Project/KmiDi/src/prrot/ACTIVE_DEVELOPMENT.md,,0.0000,,0.0000,no_candidate
new_file,/Volumes/KmiDi-external/KmiDi_MASTER_VAULTEXTERNAL/KmiDi/legacy/RECOVERY_SOURCE/Datasets_Project/KmiDi/src/prrot/ArticulationAnalyzer.cpp,src/project/ProjectFile.cpp,0.7426,src/project/ProjectManager.cpp,0.7328,no_valid_candidate_above_threshold
new_file,/Volumes/KmiDi-external/KmiDi_MASTER_VAULTEXTERNAL/KmiDi/legacy/RECOVERY_SOURCE/Datasets_Project/KmiDi/src/prrot/ArticulationAnalyzer.h,src/project/ProjectManager.h,0.7204,src/audio/AudioAnalyzer.h,0.7176,no_valid_candidate_above_threshold
new_file,/Volumes/KmiDi-external/KmiDi_MASTER_VAULTEXTERNAL/KmiDi/legacy/RECOVERY_SOURCE/Datasets_Project/KmiDi/src/prrot/AudioValidator.cpp,src/project/ProjectFile.cpp,0.7185,src/export/StemExporter.cpp,0.6959,no_valid_candidate_above_threshold
new_file,/Volumes/KmiDi-external/KmiDi_MASTER_VAULTEXTERNAL/KmiDi/legacy/RECOVERY_SOURCE/Datasets_Project/KmiDi/src/prrot/AudioValidator.h,src/project/ProjectManager.h,0.6866,src/audio/AudioAnalyzer.h,0.6778,no_valid_candidate_above_threshold
new_file,/Volumes/KmiDi-external/KmiDi_MASTER_VAULTEXTERNAL/KmiDi/legacy/RECOVERY_SOURCE/Datasets_Project/KmiDi/src/prrot/BreathDetector.cpp,src/project/ProjectFile.cpp,0.7445,src/groove/OnsetDetector.cpp,0.7362,no_valid_candidate_above_threshold
new_file,/Volumes/KmiDi-external/KmiDi_MASTER_VAULTEXTERNAL/KmiDi/legacy/RECOVERY_SOURCE/Datasets_Project/KmiDi/src/prrot/BreathDetector.h,src/project/ProjectManager.h,0.7018,src/export/StemExporter.h,0.6610,no_valid_candidate_above_threshold
new_file,/Volumes/KmiDi-external/KmiDi_MASTER_VAULTEXTERNAL/KmiDi/legacy/RECOVERY_SOURCE/Datasets_Project/KmiDi/src/prrot/EnvelopeGenerator.cpp,src/export/StemExporter.cpp,0.7173,src/project/ProjectManager.cpp,0.7118,no_valid_candidate_above_threshold
new_file,/Volumes/KmiDi-external/KmiDi_MASTER_VAULTEXTERNAL/KmiDi/legacy/RECOVERY_SOURCE/Datasets_Project/KmiDi/src/prrot/EnvelopeGenerator.h,src/project/ProjectManager.h,0.6927,src/voice/LyricGenerator.h,0.6726,no_valid_candidate_above_threshold
new_file,/Volumes/KmiDi-external/KmiDi_MASTER_VAULTEXTERNAL/KmiDi/legacy/RECOVERY_SOURCE/Datasets_Project/KmiDi/src/prrot/InputValidation.cpp,src/project/ProjectFile.cpp,0.6910,src/project/ProjectManager.cpp,0.6643,no_valid_candidate_above_threshold
new_file,/Volumes/KmiDi-external/KmiDi_MASTER_VAULTEXTERNAL/KmiDi/legacy/RECOVERY_SOURCE/Datasets_Project/KmiDi/src/prrot/InputValidation.h,src/project/ProjectManager.h,0.6530,src/ui/InteractiveCustomizationPanel.h,0.6391,no_valid_candidate_above_threshold
new_file,/Volumes/KmiDi-external/KmiDi_MASTER_VAULTEXTERNAL/KmiDi/legacy/RECOVERY_SOURCE/Datasets_Project/KmiDi/src/prrot/MidiShaper.cpp,src/project/ProjectFile.cpp,0.7299,src/export/StemExporter.cpp,0.7294,no_valid_candidate_above_threshold
new_file,/Volumes/KmiDi-external/KmiDi_MASTER_VAULTEXTERNAL/KmiDi/legacy/RECOVERY_SOURCE/Datasets_Project/KmiDi/src/prrot/MidiShaper.h,src/project/ProjectManager.h,0.6984,src/export/StemExporter.h,0.6788,no_valid_candidate_above_threshold
conflict,/Volumes/KmiDi-external/KmiDi_MASTER_VAULTEXTERNAL/KmiDi/legacy/RECOVERY_SOURCE/Datasets_Project/KmiDi/src/prrot/PRROTEngine.cpp,src/project/ProjectFile.cpp,0.7884,src/groove/GrooveEngine.cpp,0.7230,ambiguous_or_medium_confidence_heuristic
new_file,/Volumes/KmiDi-external/KmiDi_MASTER_VAULTEXTERNAL/KmiDi/legacy/RECOVERY_SOURCE/Datasets_Project/KmiDi/src/prrot/PRROTEngine.h,src/voice/RhymeEngine.h,0.7049,src/voice/ExpressionEngine.h,0.7004,no_valid_candidate_above_threshold
new_file,/Volumes/KmiDi-external/KmiDi_MASTER_VAULTEXTERNAL/KmiDi/legacy/RECOVERY_SOURCE/Datasets_Project/KmiDi/src/prrot/PhonemeControlData.cpp,src/project/ProjectFile.cpp,0.7444,src/project/ProjectManager.cpp,0.7161,no_valid_candidate_above_threshold
new_file,/Volumes/KmiDi-external/KmiDi_MASTER_VAULTEXTERNAL/KmiDi/legacy/RECOVERY_SOURCE/Datasets_Project/KmiDi/src/prrot/PhonemeControlData.h,src/project/ProjectManager.h,0.7322,src/export/StemExporter.h,0.7162,no_valid_candidate_above_threshold
conflict,/Volumes/KmiDi-external/KmiDi_MASTER_VAULTEXTERNAL/KmiDi/legacy/RECOVERY_SOURCE/Datasets_Project/KmiDi/src/prrot/PhonemeSegmenter.cpp,src/project/ProjectManager.cpp,0.7526,src/voice/PhonemeConverter.cpp,0.7236,ambiguous_or_medium_confidence_heuristic
new_file,/Volumes/KmiDi-external/KmiDi_MASTER_VAULTEXTERNAL/KmiDi/legacy/RECOVERY_SOURCE/Datasets_Project/KmiDi/src/prrot/PhonemeSegmenter.h,src/project/ProjectManager.h,0.7353,src/export/StemExporter.h,0.7121,no_valid_candidate_above_threshold
new_file,/Volumes/KmiDi-external/KmiDi_MASTER_VAULTEXTERNAL/KmiDi/legacy/RECOVERY_SOURCE/Datasets_Project/KmiDi/src/prrot/PitchTracker.cpp,src/project/ProjectManager.cpp,0.7445,src/project/ProjectFile.cpp,0.7224,no_valid_candidate_above_threshold
new_file,/Volumes/KmiDi-external/KmiDi_MASTER_VAULTEXTERNAL/KmiDi/legacy/RECOVERY_SOURCE/Datasets_Project/KmiDi/src/prrot/PitchTracker.h,src/project/ProjectManager.h,0.7282,src/export/StemExporter.h,0.6853,no_valid_candidate_above_threshold
conflict,/Volumes/KmiDi-external/KmiDi_MASTER_VAULTEXTERNAL/KmiDi/legacy/RECOVERY_SOURCE/Datasets_Project/KmiDi/src/prrot/ProcessingError.h,src/project/ProjectManager.h,0.7659,src/ml/DDSPProcessor.h,0.6911,ambiguous_or_medium_confidence_heuristic
conflict,/Volumes/KmiDi-external/KmiDi_MASTER_VAULTEXTERNAL/KmiDi/legacy/RECOVERY_SOURCE/Datasets_Project/KmiDi/src/prrot/SpectralAnalyzer.cpp,src/audio/SpectralAnalyzer.cpp,0.7936,src/project/ProjectManager.cpp,0.7844,ambiguous_or_medium_confidence_heuristic
conflict,/Volumes/KmiDi-external/KmiDi_MASTER_VAULTEXTERNAL/KmiDi/legacy/RECOVERY_SOURCE/Datasets_Project/KmiDi/src/prrot/SpectralAnalyzer.h,src/audio/SpectralAnalyzer.h,0.7735,src/project/ProjectManager.h,0.7721,ambiguous_or_medium_confidence_heuristic
new_file,/Volumes/KmiDi-external/KmiDi_MASTER_VAULTEXTERNAL/KmiDi/legacy/RECOVERY_SOURCE/Datasets_Project/KmiDi/src/prrot/VarianceModeler.cpp,src/project/ProjectFile.cpp,0.7280,src/project/ProjectManager.cpp,0.7134,no_valid_candidate_above_threshold
new_file,/Volumes/KmiDi-external/KmiDi_MASTER_VAULTEXTERNAL/KmiDi/legacy/RECOVERY_SOURCE/Datasets_Project/KmiDi/src/prrot/VarianceModeler.h,src/project/ProjectManager.h,0.6972,src/export/StemExporter.h,0.6759,no_valid_candidate_above_threshold
conflict,/Volumes/KmiDi-external/KmiDi_MASTER_VAULTEXTERNAL/KmiDi/legacy/RECOVERY_SOURCE/Datasets_Project/KmiDi/src/prrot/VoiceProfile.cpp,src/project/ProjectFile.cpp,0.8009,src/harmony/VoiceLeading.cpp,0.7125,ambiguous_or_medium_confidence_heuristic
new_file,/Volumes/KmiDi-external/KmiDi_MASTER_VAULTEXTERNAL/KmiDi/legacy/RECOVERY_SOURCE/Datasets_Project/KmiDi/src/prrot/VoiceProfile.h,src/project/ProjectManager.h,0.7150,src/export/StemExporter.h,0.6779,no_valid_candidate_above_threshold
new_file,/Volumes/KmiDi-external/KmiDi_MASTER_VAULTEXTERNAL/KmiDi/legacy/RECOVERY_SOURCE/Datasets_Project/KmiDi/src/python/ACTIVE_DEVELOPMENT.md,,0.0000,,0.0000,no_candidate
new_file,/Volumes/KmiDi-external/KmiDi_MASTER_VAULTEXTERNAL/KmiDi/legacy/RECOVERY_SOURCE/Datasets_Project/KmiDi/src/stubs/tauri-dialog.ts,,0.0000,,0.0000,no_candidate
new_file,/Volumes/KmiDi-external/KmiDi_MASTER_VAULTEXTERNAL/KmiDi/legacy/RECOVERY_SOURCE/Datasets_Project/KmiDi/src/stubs/tauri-fs.ts,,0.0000,,0.0000,no_candidate
new_file,/Volumes/KmiDi-external/KmiDi_MASTER_VAULTEXTERNAL/KmiDi/legacy/RECOVERY_SOURCE/Datasets_Project/KmiDi/src/ui/ACTIVE_DEVELOPMENT.md,src/TODO.md,0.6573,src-tauri/README.md,0.6570,no_valid_candidate_above_threshold
conflict,/Volumes/KmiDi-external/KmiDi_MASTER_VAULTEXTERNAL/KmiDi/legacy/RECOVERY_SOURCE/Datasets_Project/KmiDi/src/ui/AIEQSuggestionEngine.cpp,src/ui/SuggestionOverlay.cpp,0.8885,src/ui/EmotionWheel.cpp,0.8625,ambiguous_or_medium_confidence_heuristic
conflict,/Volumes/KmiDi-external/KmiDi_MASTER_VAULTEXTERNAL/KmiDi/legacy/RECOVERY_SOURCE/Datasets_Project/KmiDi/src/ui/AIEQSuggestionEngine.h,src/ui/SuggestionOverlay.h,0.8853,src/ui/EmotionWheel.h,0.8391,ambiguous_or_medium_confidence_heuristic
candidate_match,/Volumes/KmiDi-external/KmiDi_MASTER_VAULTEXTERNAL/KmiDi/legacy/RECOVERY_SOURCE/Datasets_Project/KmiDi/src/ui/AIGenerationDialog.cpp,src/ui/AIGenerationDialog.cpp,0.9984,src/ui/WorkstationPanel.cpp,0.8646,high_confidence_heuristic
candidate_match,/Volumes/KmiDi-external/KmiDi_MASTER_VAULTEXTERNAL/KmiDi/legacy/RECOVERY_SOURCE/Datasets_Project/KmiDi/src/ui/AIGenerationDialog.h,src/ui/AIGenerationDialog.h,0.9987,src/ui/GenerateButton.h,0.8533,high_confidence_heuristic
candidate_match,/Volumes/KmiDi-external/KmiDi_MASTER_VAULTEXTERNAL/KmiDi/legacy/RECOVERY_SOURCE/Datasets_Project/KmiDi/src/ui/ChordDisplay.cpp,src/ui/ChordDisplay.cpp,0.9982,src/ui/LyricDisplay.cpp,0.8902,high_confidence_heuristic
conflict,/Volumes/KmiDi-external/KmiDi_MASTER_VAULTEXTERNAL/KmiDi/legacy/RECOVERY_SOURCE/Datasets_Project/KmiDi/src/ui/EQBandControls.cpp,src/ui/VocalControlPanel.cpp,0.8807,src/ui/PianoRollPreview.cpp,0.8474,ambiguous_or_medium_confidence_heuristic
conflict,/Volumes/KmiDi-external/KmiDi_MASTER_VAULTEXTERNAL/KmiDi/legacy/RECOVERY_SOURCE/Datasets_Project/KmiDi/src/ui/EQBandControls.h,src/ui/VocalControlPanel.h,0.8707,src/ui/PianoRollPreview.h,0.8341,ambiguous_or_medium_confidence_heuristic
conflict,/Volumes/KmiDi-external/KmiDi_MASTER_VAULTEXTERNAL/KmiDi/legacy/RECOVERY_SOURCE/Datasets_Project/KmiDi/src/ui/EQCurveView.cpp,src/ui/CassetteView.cpp,0.8878,src/ui/PianoRollPreview.cpp,0.8659,ambiguous_or_medium_confidence_heuristic
conflict,/Volumes/KmiDi-external/KmiDi_MASTER_VAULTEXTERNAL/KmiDi/legacy/RECOVERY_SOURCE/Datasets_Project/KmiDi/src/ui/EQCurveView.h,src/ui/CassetteView.h,0.8602,src/ui/PianoRollPreview.h,0.8455,ambiguous_or_medium_confidence_heuristic
candidate_match,/Volumes/KmiDi-external/KmiDi_MASTER_VAULTEXTERNAL/KmiDi/legacy/RECOVERY_SOURCE/Datasets_Project/KmiDi/src/ui/EmotionRadar.cpp,src/ui/EmotionRadar.cpp,0.9992,src/ui/EmotionWheel.cpp,0.8887,high_confidence_heuristic
candidate_match,/Volumes/KmiDi-external/KmiDi_MASTER_VAULTEXTERNAL/KmiDi/legacy/RECOVERY_SOURCE/Datasets_Project/KmiDi/src/ui/EmotionWheel.cpp,src/ui/EmotionWheel.cpp,0.9995,src/ui/EmotionRadar.cpp,0.8895,high_confidence_heuristic
candidate_match,/Volumes/KmiDi-external/KmiDi_MASTER_VAULTEXTERNAL/KmiDi/legacy/RECOVERY_SOURCE/Datasets_Project/KmiDi/src/ui/EmotionWorkstation.cpp,src/ui/EmotionWorkstation.cpp,0.9878,src/ui/WorkstationPanel.cpp,0.8913,high_confidence_heuristic
candidate_match,/Volumes/KmiDi-external/KmiDi_MASTER_VAULTEXTERNAL/KmiDi/legacy/RECOVERY_SOURCE/Datasets_Project/KmiDi/src/ui/EmotionWorkstation.h,src/ui/EmotionWorkstation.h,0.9924,src/ui/WorkstationPanel.h,0.8713,high_confidence_heuristic
candidate_match,/Volumes/KmiDi-external/KmiDi_MASTER_VAULTEXTERNAL/KmiDi/legacy/RECOVERY_SOURCE/Datasets_Project/KmiDi/src/ui/GenerateButton.cpp,src/ui/GenerateButton.cpp,0.9997,src/ui/AIGenerationDialog.cpp,0.8536,high_confidence_heuristic
candidate_match,/Volumes/KmiDi-external/KmiDi_MASTER_VAULTEXTERNAL/KmiDi/legacy/RECOVERY_SOURCE/Datasets_Project/KmiDi/src/ui/KellyLookAndFeel.cpp,src/ui/KellyLookAndFeel.cpp,0.9992,src/ui/MidiKompanionLookAndFeel.cpp,0.8992,high_confidence_heuristic
candidate_match,/Volumes/KmiDi-external/KmiDi_MASTER_VAULTEXTERNAL/KmiDi/legacy/RECOVERY_SOURCE/Datasets_Project/KmiDi/src/ui/LyricDisplay.cpp,src/ui/LyricDisplay.cpp,0.9970,src/ui/ChordDisplay.cpp,0.8918,high_confidence_heuristic
conflict,/Volumes/KmiDi-external/KmiDi_MASTER_VAULTEXTERNAL/KmiDi/legacy/RECOVERY_SOURCE/Datasets_Project/KmiDi/src/ui/MasterEQComponent.cpp,src/ui/TooltipComponent.cpp,0.8591,src/ui/MixerConsolePanel.cpp,0.8406,ambiguous_or_medium_confidence_heuristic
conflict,/Volumes/KmiDi-external/KmiDi_MASTER_VAULTEXTERNAL/KmiDi/legacy/RECOVERY_SOURCE/Datasets_Project/KmiDi/src/ui/MasterEQComponent.h,src/ui/TooltipComponent.h,0.8605,src/ui/InteractiveCustomizationPanel.h,0.8411,ambiguous_or_medium_confidence_heuristic
candidate_match,/Volumes/KmiDi-external/KmiDi_MASTER_VAULTEXTERNAL/KmiDi/legacy/RECOVERY_SOURCE/Datasets_Project/KmiDi/src/ui/MidiEditor.cpp,src/ui/MidiEditor.cpp,0.9998,src/ui/EditCommand.cpp,0.8575,high_confidence_heuristic
candidate_match,/Volumes/KmiDi-external/KmiDi_MASTER_VAULTEXTERNAL/KmiDi/legacy/RECOVERY_SOURCE/Datasets_Project/KmiDi/src/ui/MidiKompanionLookAndFeel.cpp,src/ui/MidiKompanionLookAndFeel.cpp,0.9992,src/ui/KellyLookAndFeel.cpp,0.8992,high_confidence_heuristic
candidate_match,/Volumes/KmiDi-external/KmiDi_MASTER_VAULTEXTERNAL/KmiDi/legacy/RECOVERY_SOURCE/Datasets_Project/KmiDi/src/ui/MixerConsolePanel.cpp,src/ui/MixerConsolePanel.cpp,0.9935,src/ui/MusicianCommandPanel.cpp,0.8783,high_confidence_heuristic
candidate_match,/Volumes/KmiDi-external/KmiDi_MASTER_VAULTEXTERNAL/KmiDi/legacy/RECOVERY_SOURCE/Datasets_Project/KmiDi/src/ui/MixerConsolePanel.h,src/ui/MixerConsolePanel.h,0.9998,src/ui/MusicianCommandPanel.h,0.8647,high_confidence_heuristic
candidate_match,/Volumes/KmiDi-external/KmiDi_MASTER_VAULTEXTERNAL/KmiDi/legacy/RECOVERY_SOURCE/Datasets_Project/KmiDi/src/ui/MusicTheoryPanel.cpp,src/ui/MusicTheoryPanel.cpp,0.9991,src/ui/ScoreEntryPanel.cpp,0.9056,high_confidence_heuristic
candidate_match,/Volumes/KmiDi-external/KmiDi_MASTER_VAULTEXTERNAL/KmiDi/legacy/RECOVERY_SOURCE/Datasets_Project/KmiDi/src/ui/PianoRollPreview.cpp,src/ui/PianoRollPreview.cpp,0.9937,src/ui/CassetteView.cpp,0.8602,high_confidence_heuristic
candidate_match,/Volumes/KmiDi-external/KmiDi_MASTER_VAULTEXTERNAL/KmiDi/legacy/RECOVERY_SOURCE/Datasets_Project/KmiDi/src/ui/ScoreEntryPanel.cpp,src/ui/ScoreEntryPanel.cpp,0.9956,src/ui/MusicTheoryPanel.cpp,0.9014,high_confidence_heuristic
candidate_match,/Volumes/KmiDi-external/KmiDi_MASTER_VAULTEXTERNAL/KmiDi/legacy/RECOVERY_SOURCE/Datasets_Project/KmiDi/src/ui/ScoreEntryPanel.h,src/ui/ScoreEntryPanel.h,0.9989,src/ui/MusicTheoryPanel.h,0.8720,high_confidence_heuristic
candidate_match,/Volumes/KmiDi-external/KmiDi_MASTER_VAULTEXTERNAL/KmiDi/legacy/RECOVERY_SOURCE/Datasets_Project/KmiDi/src/ui/SidePanel.cpp,src/ui/SidePanel.cpp,0.9892,src/ui/MusicTheoryPanel.cpp,0.8708,high_confidence_heuristic
candidate_match,/Volumes/KmiDi-external/KmiDi_MASTER_VAULTEXTERNAL/KmiDi/legacy/RECOVERY_SOURCE/Datasets_Project/KmiDi/src/ui/SuggestionOverlay.cpp,src/ui/SuggestionOverlay.cpp,0.9995,src/ui/EmotionWheel.cpp,0.8685,high_confidence_heuristic
candidate_match,/Volumes/KmiDi-external/KmiDi_MASTER_VAULTEXTERNAL/KmiDi/legacy/RECOVERY_SOURCE/Datasets_Project/KmiDi/src/ui/SuggestionOverlay.h,src/ui/SuggestionOverlay.h,0.9980,src/ui/EmotionWheel.h,0.8553,high_confidence_heuristic
candidate_match,/Volumes/KmiDi-external/KmiDi_MASTER_VAULTEXTERNAL/KmiDi/legacy/RECOVERY_SOURCE/Datasets_Project/KmiDi/src/ui/TooltipComponent.cpp,src/ui/TooltipComponent.cpp,0.9746,src/ui/EmotionWheel.cpp,0.8346,high_confidence_heuristic
candidate_match,/Volumes/KmiDi-external/KmiDi_MASTER_VAULTEXTERNAL/KmiDi/legacy/RECOVERY_SOURCE/Datasets_Project/KmiDi/src/ui/VocalControlPanel.cpp,src/ui/VocalControlPanel.cpp,0.9999,src/ui/ScoreEntryPanel.cpp,0.8717,high_confidence_heuristic
candidate_match,/Volumes/KmiDi-external/KmiDi_MASTER_VAULTEXTERNAL/KmiDi/legacy/RECOVERY_SOURCE/Datasets_Project/KmiDi/src/ui/WorkstationPanel.cpp,src/ui/WorkstationPanel.cpp,0.9989,src/ui/EmotionWorkstation.cpp,0.8993,high_confidence_heuristic
new_file,/Volumes/KmiDi-external/KmiDi_MASTER_VAULTEXTERNAL/KmiDi/legacy/RECOVERY_SOURCE/Datasets_Project/KmiDi/src/ui/theory/ACTIVE_DEVELOPMENT.md,,0.0000,,0.0000,no_candidate
candidate_match,/Volumes/KmiDi-external/KmiDi_MASTER_VAULTEXTERNAL/KmiDi/legacy/RECOVERY_SOURCE/Datasets_Project/KmiDi/src/ui/theory/ConceptBrowser.h,src/ui/theory/ConceptBrowser.h,0.9997,src/ui/theory/MusicTheoryWorkstation.h,0.7682,high_confidence_heuristic
candidate_match,/Volumes/KmiDi-external/KmiDi_MASTER_VAULTEXTERNAL/KmiDi/legacy/RECOVERY_SOURCE/Datasets_Project/KmiDi/src/ui/theory/LearningPanel.cpp,src/ui/theory/LearningPanel.cpp,0.9940,src/ui/theory/VirtualKeyboard.cpp,0.8074,high_confidence_heuristic
candidate_match,/Volumes/KmiDi-external/KmiDi_MASTER_VAULTEXTERNAL/KmiDi/legacy/RECOVERY_SOURCE/Datasets_Project/KmiDi/src/ui/theory/LearningPanel.h,src/ui/theory/LearningPanel.h,0.9992,src/ui/theory/VirtualKeyboard.h,0.7980,high_confidence_heuristic
conflict,/Volumes/KmiDi-external/KmiDi_MASTER_VAULTEXTERNAL/KmiDi/legacy/RECOVERY_SOURCE/Datasets_Project/KmiDi/src/voice/ACTIVE_DEVELOPMENT.md,src/voice/VOCODER_IMPLEMENTATION.md,0.7946,src/voice/PHASE2_IMPLEMENTATION.md,0.7847,ambiguous_or_medium_confidence_heuristic
candidate_match,/Volumes/KmiDi-external/KmiDi_MASTER_VAULTEXTERNAL/KmiDi/legacy/RECOVERY_SOURCE/Datasets_Project/KmiDi/src/voice/CMUDictionary.cpp,src/voice/CMUDictionary.cpp,1.0000,src/voice/MultiVoiceHarmony.cpp,0.8729,high_confidence_heuristic
candidate_match,/Volumes/KmiDi-external/KmiDi_MASTER_VAULTEXTERNAL/KmiDi/legacy/RECOVERY_SOURCE/Datasets_Project/KmiDi/src/voice/MultiVoiceHarmony.cpp,src/voice/MultiVoiceHarmony.cpp,0.9998,src/voice/CMUDictionary.cpp,0.8889,high_confidence_heuristic
candidate_match,/Volumes/KmiDi-external/KmiDi_MASTER_VAULTEXTERNAL/KmiDi/legacy/RECOVERY_SOURCE/Datasets_Project/KmiDi/src/voice/VoiceCloner.cpp,src/voice/VoiceCloner.cpp,0.9990,src/voice/VoiceSynthesizer.cpp,0.8789,high_confidence_heuristic
candidate_match,/Volumes/KmiDi-external/KmiDi_MASTER_VAULTEXTERNAL/KmiDi/legacy/RECOVERY_SOURCE/Datasets_Project/KmiDi/src/voice/VoiceSynthesizer.cpp,src/voice/VoiceSynthesizer.cpp,0.9999,src/voice/VoiceCloner.cpp,0.8783,high_confidence_heuristic
candidate_match,/Volumes/KmiDi-external/KmiDi_MASTER_VAULTEXTERNAL/KmiDi/legacy/RECOVERY_SOURCE/Datasets_Project/KmiDi/src/voice/VoiceSynthesizer.h,src/voice/VoiceSynthesizer.h,0.9998,src/voice/VoiceCloner.h,0.8746,high_confidence_heuristic
candidate_match,/Volumes/KmiDi-external/KmiDi_MASTER_VAULTEXTERNAL/KmiDi/legacy/RECOVERY_SOURCE/Datasets_Project/KmiDi/src_penta-core/CMakeLists.txt,src_penta-core/CMakeLists.txt,0.9945,tests/penta_core/CMakeLists.txt,0.8074,high_confidence_heuristic
candidate_match,/Volumes/KmiDi-external/KmiDi_MASTER_VAULTEXTERNAL/KmiDi/legacy/RECOVERY_SOURCE/Datasets_Project/KmiDi/src_penta-core/diagnostics/PerformanceMonitor.cpp,src_penta-core/diagnostics/PerformanceMonitor.cpp,0.9922,src/diagnostics/PerformanceMonitor.cpp,0.8714,high_confidence_heuristic
candidate_match,/Volumes/KmiDi-external/KmiDi_MASTER_VAULTEXTERNAL/KmiDi/legacy/RECOVERY_SOURCE/Datasets_Project/KmiDi/src_penta-core/groove/GrooveEngine.cpp,src_penta-core/groove/GrooveEngine.cpp,0.9935,src_penta-core/mixer/MixerEngine.cpp,0.8075,high_confidence_heuristic
candidate_match,/Volumes/KmiDi-external/KmiDi_MASTER_VAULTEXTERNAL/KmiDi/legacy/RECOVERY_SOURCE/Datasets_Project/KmiDi/src_penta-core/groove/OnsetDetector.cpp,src_penta-core/groove/OnsetDetector.cpp,0.9874,src_penta-core/groove/TempoEstimator.cpp,0.8449,high_confidence_heuristic
candidate_match,/Volumes/KmiDi-external/KmiDi_MASTER_VAULTEXTERNAL/KmiDi/legacy/RECOVERY_SOURCE/Datasets_Project/KmiDi/src_penta-core/groove/RhythmQuantizer.cpp,src_penta-core/groove/RhythmQuantizer.cpp,0.9869,src_penta-core/groove/TempoEstimator.cpp,0.8455,high_confidence_heuristic
candidate_match,/Volumes/KmiDi-external/KmiDi_MASTER_VAULTEXTERNAL/KmiDi/legacy/RECOVERY_SOURCE/Datasets_Project/KmiDi/src_penta-core/osc/OSCClient.cpp,src_penta-core/osc/OSCClient.cpp,0.9967,src_penta-core/osc/OSCHub.cpp,0.8824,high_confidence_heuristic
candidate_match,/Volumes/KmiDi-external/KmiDi_MASTER_VAULTEXTERNAL/KmiDi/legacy/RECOVERY_SOURCE/Datasets_Project/KmiDi/src_penta-core/osc/OSCMessage.cpp,src_penta-core/osc/OSCMessage.cpp,0.9865,src_penta-core/osc/OSCServer.cpp,0.8928,high_confidence_heuristic
candidate_match,/Volumes/KmiDi-external/KmiDi_MASTER_VAULTEXTERNAL/KmiDi/legacy/RECOVERY_SOURCE/Datasets_Project/KmiDi/src_penta-core/osc/OSCServer.cpp,src_penta-core/osc/OSCServer.cpp,0.9898,src_penta-core/osc/OSCClient.cpp,0.8767,high_confidence_heuristic
candidate_match,/Volumes/KmiDi-external/KmiDi_MASTER_VAULTEXTERNAL/KmiDi/legacy/RECOVERY_SOURCE/Datasets_Project/KmiDi/src_penta-core/osc/RTMessageQueue.cpp,src_penta-core/osc/RTMessageQueue.cpp,0.9923,src_penta-core/osc/OSCMessage.cpp,0.9043,high_confidence_heuristic
conflict,/Volumes/KmiDi-external/KmiDi_MASTER_VAULTEXTERNAL/KmiDi/legacy/RECOVERY_SOURCE/Datasets_Project/KmiDi/start-api.sh,.copilot-sync.sh,0.7834,cleanup_unnecessary_files.sh,0.7738,ambiguous_or_medium_confidence_heuristic
candidate_match,/Volumes/KmiDi-external/KmiDi_MASTER_VAULTEXTERNAL/KmiDi/legacy/RECOVERY_SOURCE/Datasets_Project/KmiDi/tailwind.config.js,tailwind.config.js,0.9544,postcss.config.js,0.8407,high_confidence_heuristic
conflict,/Volumes/KmiDi-external/KmiDi_MASTER_VAULTEXTERNAL/KmiDi/legacy/RECOVERY_SOURCE/Datasets_Project/KmiDi/test-auto-run.html,index.html,0.7805,,0.0000,ambiguous_or_medium_confidence_heuristic
conflict,/Volumes/KmiDi-external/KmiDi_MASTER_VAULTEXTERNAL/KmiDi/legacy/RECOVERY_SOURCE/Datasets_Project/KmiDi/test-inject.html,index.html,0.8361,,0.0000,ambiguous_or_medium_confidence_heuristic
conflict,/Volumes/KmiDi-external/KmiDi_MASTER_VAULTEXTERNAL/KmiDi/legacy/RECOVERY_SOURCE/Datasets_Project/KmiDi/test-runner-auto.html,index.html,0.7679,,0.0000,ambiguous_or_medium_confidence_heuristic
conflict,/Volumes/KmiDi-external/KmiDi_MASTER_VAULTEXTERNAL/KmiDi/legacy/RECOVERY_SOURCE/Datasets_Project/KmiDi/test-ui-helper.html,index.html,0.7757,,0.0000,ambiguous_or_medium_confidence_heuristic
conflict,/Volumes/KmiDi-external/KmiDi_MASTER_VAULTEXTERNAL/KmiDi/legacy/RECOVERY_SOURCE/Datasets_Project/KmiDi/test-ui-runner.html,index.html,0.7754,,0.0000,ambiguous_or_medium_confidence_heuristic
conflict,/Volumes/KmiDi-external/KmiDi_MASTER_VAULTEXTERNAL/KmiDi/legacy/RECOVERY_SOURCE/Datasets_Project/KmiDi/test_structure_instruments.py,sitecustomize.py,0.7590,Logger.py,0.7304,ambiguous_or_medium_confidence_heuristic
candidate_match,/Volumes/KmiDi-external/KmiDi_MASTER_VAULTEXTERNAL/KmiDi/legacy/RECOVERY_SOURCE/Datasets_Project/KmiDi/tests/conftest.py,tests/conftest.py,0.9923,tests/test_mixer.py,0.8288,high_confidence_heuristic
conflict,/Volumes/KmiDi-external/KmiDi_MASTER_VAULTEXTERNAL/KmiDi/legacy/RECOVERY_SOURCE/Datasets_Project/KmiDi/tests/cpp/intent_ir_engine_tests.cpp,tests/cpp/test_emotion_engine.cpp,0.8785,tests/cpp/test_chord_diagnostics.cpp,0.7781,ambiguous_or_medium_confidence_heuristic
conflict,/Volumes/KmiDi-external/KmiDi_MASTER_VAULTEXTERNAL/KmiDi/legacy/RECOVERY_SOURCE/Datasets_Project/KmiDi/tests/cpp/test_ffi_minimal.cpp,tests/cpp/test_emotion_engine.cpp,0.8688,tests/cpp/test_midi_pipeline.cpp,0.8565,ambiguous_or_medium_confidence_heuristic
conflict,/Volumes/KmiDi-external/KmiDi_MASTER_VAULTEXTERNAL/KmiDi/legacy/RECOVERY_SOURCE/Datasets_Project/KmiDi/tests/cpp/test_kelly_ffi.cpp,tests/cpp/test_ml_pipeline.cpp,0.8787,tests/cpp/test_midi_pipeline.cpp,0.8341,ambiguous_or_medium_confidence_heuristic
new_file,/Volumes/KmiDi-external/KmiDi_MASTER_VAULTEXTERNAL/KmiDi/legacy/RECOVERY_SOURCE/Datasets_Project/KmiDi/tests/e2e/frontend-backend.test.ts,,0.0000,,0.0000,no_candidate
new_file,/Volumes/KmiDi-external/KmiDi_MASTER_VAULTEXTERNAL/KmiDi/legacy/RECOVERY_SOURCE/Datasets_Project/KmiDi/tests/integration/test_workflow.py,tests/python/test_midi_generator.py,0.6651,tests/python/test_emotion_thesaurus.py,0.6574,no_valid_candidate_above_threshold
new_file,/Volumes/KmiDi-external/KmiDi_MASTER_VAULTEXTERNAL/KmiDi/legacy/RECOVERY_SOURCE/Datasets_Project/KmiDi/tests/performance/benchmark_integration.cpp,tests/penta_core/performance_test.cpp,0.6911,tests/penta_core/harmony_test.cpp,0.6884,no_valid_candidate_above_threshold
new_file,/Volumes/KmiDi-external/KmiDi_MASTER_VAULTEXTERNAL/KmiDi/legacy/RECOVERY_SOURCE/Datasets_Project/KmiDi/tests/performance/frontend-performance.test.ts,,0.0000,,0.0000,no_candidate
new_file,/Volumes/KmiDi-external/KmiDi_MASTER_VAULTEXTERNAL/KmiDi/legacy/RECOVERY_SOURCE/Datasets_Project/KmiDi/tests/plugin/intent_ir_plugin_tests.cpp,src/plugin/plugin_processor.cpp,0.7345,src/plugin/PluginState.cpp,0.7075,no_valid_candidate_above_threshold
new_file,/Volumes/KmiDi-external/KmiDi_MASTER_VAULTEXTERNAL/KmiDi/legacy/RECOVERY_SOURCE/Datasets_Project/KmiDi/tests/reference/test_emotion_engine_reference.cpp,tests/cpp/test_emotion_engine.cpp,0.7456,tests/test_memory.cpp,0.6289,no_valid_candidate_above_threshold
new_file,/Volumes/KmiDi-external/KmiDi_MASTER_VAULTEXTERNAL/KmiDi/legacy/RECOVERY_SOURCE/Datasets_Project/KmiDi/tests/rust/intent_ir_tests.rs,,0.0000,,0.0000,no_candidate
new_file,/Volumes/KmiDi-external/KmiDi_MASTER_VAULTEXTERNAL/KmiDi/legacy/RECOVERY_SOURCE/Datasets_Project/KmiDi/tests/ui/intent_ir_inspector.test.tsx,,0.0000,,0.0000,no_candidate
conflict,/Volumes/KmiDi-external/KmiDi_MASTER_VAULTEXTERNAL/KmiDi/legacy/RECOVERY_SOURCE/Datasets_Project/KmiDi/tests/unit/test_engines.py,tests/unit/test_tier1_midi.py,0.8449,tests/unit/test_tier1_audio.py,0.8389,ambiguous_or_medium_confidence_heuristic
conflict,/Volumes/KmiDi-external/KmiDi_MASTER_VAULTEXTERNAL/KmiDi/legacy/RECOVERY_SOURCE/Datasets_Project/KmiDi/tests/unit/test_intent_processor.py,tests/unit/test_tier1_audio.py,0.8399,tests/unit/test_tier1_midi.py,0.8308,ambiguous_or_medium_confidence_heuristic
new_file,/Volumes/KmiDi-external/KmiDi_MASTER_VAULTEXTERNAL/KmiDi/legacy/RECOVERY_SOURCE/Datasets_Project/KmiDi/training/__init__.py,music_brain/editing/__init__.py,0.7423,music_brain/learning/__init__.py,0.7280,no_valid_candidate_above_threshold
new_file,/Volumes/KmiDi-external/KmiDi_MASTER_VAULTEXTERNAL/KmiDi/legacy/RECOVERY_SOURCE/Datasets_Project/KmiDi/training/scripts/__init__.py,music_brain/samples/__init__.py,0.7271,tests/__init__.py,0.7135,no_valid_candidate_above_threshold
new_file,/Volumes/KmiDi-external/KmiDi_MASTER_VAULTEXTERNAL/KmiDi/legacy/RECOVERY_SOURCE/Datasets_Project/KmiDi/training/scripts/inference.py,scripts/demo_penta-core.py,0.6799,scripts/server.py,0.6771,no_valid_candidate_above_threshold
conflict,/Volumes/KmiDi-external/KmiDi_MASTER_VAULTEXTERNAL/KmiDi/legacy/RECOVERY_SOURCE/Datasets_Project/KmiDi/training/scripts/train_emotion.py,ML Kelly Training/backup/scripts/train_mps_stub.py,0.7556,ML Kelly Training/backup/scripts/train_model.py,0.7496,ambiguous_or_medium_confidence_heuristic
conflict,/Volumes/KmiDi-external/KmiDi_MASTER_VAULTEXTERNAL/KmiDi/legacy/RECOVERY_SOURCE/Datasets_Project/KmiDi/training/scripts/train_voice.py,ML Kelly Training/backup/scripts/train_model.py,0.7671,ML Kelly Training/backup/scripts/train.py,0.7429,ambiguous_or_medium_confidence_heuristic
new_file,/Volumes/KmiDi-external/KmiDi_MASTER_VAULTEXTERNAL/KmiDi/legacy/RECOVERY_SOURCE/Datasets_Project/KmiDi/training/src/models/audio_classifier.py,ML Kelly Training/backup/scripts/audio_cataloger.py,0.6493,ML Kelly Training/backup/scripts/audio_tools.py,0.6394,no_valid_candidate_above_threshold
new_file,/Volumes/KmiDi-external/KmiDi_MASTER_VAULTEXTERNAL/KmiDi/legacy/RECOVERY_SOURCE/Datasets_Project/KmiDi/training/src/utils/audio.py,music_brain/utils/midi_io.py,0.6988,ML Kelly Training/backup/scripts/audio_tools.py,0.6819,no_valid_candidate_above_threshold
conflict,/Volumes/KmiDi-external/KmiDi_MASTER_VAULTEXTERNAL/KmiDi/legacy/RECOVERY_SOURCE/Datasets_Project/KmiDi/validate_integration.py,sitecustomize.py,0.7767,Logger.py,0.7648,ambiguous_or_medium_confidence_heuristic
conflict,/Volumes/KmiDi-external/KmiDi_MASTER_VAULTEXTERNAL/KmiDi/legacy/RECOVERY_SOURCE/Datasets_Project/KmiDi/validate_integration.sh,cleanup_and_fix_gitignore.sh,0.8059,.copilot-sync.sh,0.7562,ambiguous_or_medium_confidence_heuristic
candidate_match,/Volumes/KmiDi-external/KmiDi_MASTER_VAULTEXTERNAL/KmiDi/legacy/RECOVERY_SOURCE/Datasets_Project/KmiDi/vite.config.ts,vite.config.ts,0.9730,,0.0000,high_confidence_heuristic
